rel_path,file_basename,time_band,cand_landmark,cand_city,cand_state,cand_country,matched,match_level,lat,lon,region,source,confidence
afternoon\0cce1a7299e55f9e3ebc3e13d0f0b4e1_horiz.jpg,0cce1a7299e55f9e3ebc3e13d0f0b4e1_horiz.jpg,afternoon,,,,,,,,,,,
afternoon\52b02c76510a22a722f91af6f2c21395_vert.jpg,52b02c76510a22a722f91af6f2c21395_vert.jpg,afternoon,,,,,,,,,,,
afternoon\6776d2573865fd67f846775f093aa220_horiz.jpg,6776d2573865fd67f846775f093aa220_horiz.jpg,afternoon,,,,,,,,,,,
afternoon\Abandoned_houses_on_Bonaventure_Island_in_the_Gulf_of_St__Lawrence__Quebec__Canada_horiz.jpg,Abandoned_houses_on_Bonaventure_Island_in_the_Gulf_of_St__Lawrence__Quebec__Canada_horiz.jpg,afternoon,,,,,,,,,,,
afternoon\Abstraction_of_fractal_patterns_of_light_and_color_horiz.jpg,Abstraction_of_fractal_patterns_of_light_and_color_horiz.jpg,afternoon,,,,,,,,,,,
afternoon\ADLaM_artwork_of_Fulani_culture_vert.jpg,ADLaM_artwork_of_Fulani_culture_vert.jpg,afternoon,,,,,,,,,,,
afternoon\Adriatic_fig_leaf_close_up_photo_horiz.jpg,Adriatic_fig_leaf_close_up_photo_horiz.jpg,afternoon,,,,,,,,,,,
afternoon\Adult_male_Grant__039_s_gazelles__Nanger_granti__inside_Ngorongoro_Crater__Tanzania_vert.jpg,Adult_male_Grant__039_s_gazelles__Nanger_granti__inside_Ngorongoro_Crater__Tanzania_vert.jpg,afternoon,,,,,,,,,,,
afternoon\Adult_southern_rockhopper_penguins__Eudyptes_chrysocome__on_Saunders_Island__Falkland_Islands_vert.jpg,Adult_southern_rockhopper_penguins__Eudyptes_chrysocome__on_Saunders_Island__Falkland_Islands_vert.jpg,afternoon,,,,,,,,,,,
afternoon\Aerial_landscape_view_of_cliffs_and_green_valley__Kalalau_Valley__Kauai__Hawaii__USA_horiz.jpg,Aerial_landscape_view_of_cliffs_and_green_valley__Kalalau_Valley__Kauai__Hawaii__USA_horiz.jpg,afternoon,,,Hawaii,USA,hawaii,state,20.7984,-156.3319,NA,gazetteer,med
afternoon\Aerial_landscape_view_of_spectacular_N__Pali_coast__Kauai__Hawaii__USA_vert.jpg,Aerial_landscape_view_of_spectacular_N__Pali_coast__Kauai__Hawaii__USA_vert.jpg,afternoon,,,Hawaii,USA,hawaii,state,20.7984,-156.3319,NA,gazetteer,med
afternoon\Aerial_view_of_autumn_nature_landscape__Chifeng__Inner_Mongolia__China_horiz.jpg,Aerial_view_of_autumn_nature_landscape__Chifeng__Inner_Mongolia__China_horiz.jpg,afternoon,,,,,,,,,,,
afternoon\Aerial_view_of_a_beach_in_Acapulco__Mexico_horiz.jpg,Aerial_view_of_a_beach_in_Acapulco__Mexico_horiz.jpg,afternoon,,,,,,,,,,,
afternoon\Aerial_view_of_a_beautiful_reservoir_in_Guatap___Antioquia__Colombia_horiz.jpg,Aerial_view_of_a_beautiful_reservoir_in_Guatap___Antioquia__Colombia_horiz.jpg,afternoon,,,,,,,,,,,
afternoon\Aerial_view_of_a_car_driving_along_dirt_road_through_green_jungle__Korhogo__Ivory_Coast_horiz.jpg,Aerial_view_of_a_car_driving_along_dirt_road_through_green_jungle__Korhogo__Ivory_Coast_horiz.jpg,afternoon,,,,,,,,,,,
afternoon\Aerial_view_of_a_riverbed_in_Fja_r_rglj_fur_canyon__Iceland_vert.jpg,Aerial_view_of_a_riverbed_in_Fja_r_rglj_fur_canyon__Iceland_vert.jpg,afternoon,,,,Iceland,iceland,country,64.9631,-19.0208,EU,gazetteer,med
afternoon\Aerial_view_of_Banda_Islands_in_Moluccas_archipelago_with_Pulau_Gunung_Api__Indonesia_horiz.jpg,Aerial_view_of_Banda_Islands_in_Moluccas_archipelago_with_Pulau_Gunung_Api__Indonesia_horiz.jpg,afternoon,,,,,,,,,,,
afternoon\Aerial_view_of_bay_and_hills_on_Pulau_Padar_island__Komodo__Lesser_Sunda_Islands__Indonesia_vert.jpg,Aerial_view_of_bay_and_hills_on_Pulau_Padar_island__Komodo__Lesser_Sunda_Islands__Indonesia_vert.jpg,afternoon,,,,,,,,,,,
afternoon\Aerial_view_of_Beckton__Creekmouth__Royal_Arsenal__Thamesmead_West__Polthorne_Estate__Plumstead__UK_horiz.jpg,Aerial_view_of_Beckton__Creekmouth__Royal_Arsenal__Thamesmead_West__Polthorne_Estate__Plumstead__UK_horiz.jpg,afternoon,,,,,,,,,,,
afternoon\Aerial_view_of_Berg_Lake__British_Columbia__Canada_horiz.jpg,Aerial_view_of_Berg_Lake__British_Columbia__Canada_horiz.jpg,afternoon,,,,,,,,,,,
afternoon\Aerial_view_of_Blue_Moon_Lake_with_Jade_Dragon_Snow_Mountain__Lijiang__Yunnan__China_horiz.jpg,Aerial_view_of_Blue_Moon_Lake_with_Jade_Dragon_Snow_Mountain__Lijiang__Yunnan__China_horiz.jpg,afternoon,,,,,,,,,,,
afternoon\Aerial_view_of_Bora_Bora_with_Mount_Otemanu_and_coral_reef__French_Polynesia_vert.jpg,Aerial_view_of_Bora_Bora_with_Mount_Otemanu_and_coral_reef__French_Polynesia_vert.jpg,afternoon,,,,,,,,,,,
afternoon\Aerial_view_of_branch_of_Okavango_river__Botswana_vert.jpg,Aerial_view_of_branch_of_Okavango_river__Botswana_vert.jpg,afternoon,,,,,,,,,,,
afternoon\Aerial_view_of_Cala_Macarella_beach_on_Menorca_island__Balearic_islands__Spain_horiz.jpg,Aerial_view_of_Cala_Macarella_beach_on_Menorca_island__Balearic_islands__Spain_horiz.jpg,afternoon,,,,Spain,spain,country,40.4637,-3.7492,EU,gazetteer,med
afternoon\Aerial_view_of_Conway_Scenic_Railroad_in_Crawford_Notch__White_Mountains__New_Hampshire__USA_vert.jpg,Aerial_view_of_Conway_Scenic_Railroad_in_Crawford_Notch__White_Mountains__New_Hampshire__USA_vert.jpg,afternoon,,,New Hampshire,USA,new hampshire,state,43.1939,-71.5724,NA,gazetteer,med
afternoon\Aerial_view_of_Copacabana_Beach_and_Ipanema_beach_in_Rio_de_Janeiro__Brazil_vert.jpg,Aerial_view_of_Copacabana_Beach_and_Ipanema_beach_in_Rio_de_Janeiro__Brazil_vert.jpg,afternoon,,,,,,,,,,,
afternoon\Aerial_view_of_country_road_through_forest__USA_vert.jpg,Aerial_view_of_country_road_through_forest__USA_vert.jpg,afternoon,,,,USA,usa,country,39.8283,-98.5795,NA,gazetteer,med
afternoon\Aerial_view_of_Diamond_Head__Honolulu__Oahu__Hawaii__USA_horiz.jpg,Aerial_view_of_Diamond_Head__Honolulu__Oahu__Hawaii__USA_horiz.jpg,afternoon,,,Hawaii,USA,hawaii,state,20.7984,-156.3319,NA,gazetteer,med
afternoon\Aerial_view_of_Espraiado_Canyon_in_Urubici__Santa_Catarina__Brazil_horiz.jpg,Aerial_view_of_Espraiado_Canyon_in_Urubici__Santa_Catarina__Brazil_horiz.jpg,afternoon,,,,,,,,,,,
afternoon\Aerial_view_of_fairy_circles_in_the_Namib_Naukluft_National_Park__Namibia_horiz.jpg,Aerial_view_of_fairy_circles_in_the_Namib_Naukluft_National_Park__Namibia_horiz.jpg,afternoon,,,,,,,,,,,
afternoon\Aerial_view_of_Glass_Window_Bridge__North_Eleuthera__Bahamas_vert.jpg,Aerial_view_of_Glass_Window_Bridge__North_Eleuthera__Bahamas_vert.jpg,afternoon,,,,,,,,,,,
afternoon\Aerial_view_of_great_landscape__glass_fields_at_Huixian_Town__Guilin__China_horiz.jpg,Aerial_view_of_great_landscape__glass_fields_at_Huixian_Town__Guilin__China_horiz.jpg,afternoon,,,,,,,,,,,
afternoon\Aerial_view_of_green_bridge_for_wildlife_cross_highway__Tossa_de_Mar__Girona_Catalonia__Spain_vert.jpg,Aerial_view_of_green_bridge_for_wildlife_cross_highway__Tossa_de_Mar__Girona_Catalonia__Spain_vert.jpg,afternoon,,,,Spain,spain,country,40.4637,-3.7492,EU,gazetteer,med
afternoon\Aerial_view_of_Henningsv_r_football_stadium_at_the_Atlantic_Ocean__Lofoten_Islands__Norway_vert.jpg,Aerial_view_of_Henningsv_r_football_stadium_at_the_Atlantic_Ocean__Lofoten_Islands__Norway_vert.jpg,afternoon,Lofoten Islands,,,Norway,lofoten islands,landmark,68.209,13.8456,EU,gazetteer,high
afternoon\Aerial_view_of_hindu_temple_ruins_of_Pura_Hulun_Danu_at_the_Tamblingan_lake__Bali__Indonesia_vert.jpg,Aerial_view_of_hindu_temple_ruins_of_Pura_Hulun_Danu_at_the_Tamblingan_lake__Bali__Indonesia_vert.jpg,afternoon,,,,,,,,,,,
afternoon\Aerial_view_of_Hong_Island__Phang_Nga_Bay__Krabi_province__Thailand_horiz.jpg,Aerial_view_of_Hong_Island__Phang_Nga_Bay__Krabi_province__Thailand_horiz.jpg,afternoon,,,,Thailand,thailand,country,15.87,100.9925,AS,gazetteer,med
afternoon\Aerial_view_of_Indian_Ocean_and_Le_Morne_Brabant_mountain__Tamarin__Black_River__Mauritius_horiz.jpg,Aerial_view_of_Indian_Ocean_and_Le_Morne_Brabant_mountain__Tamarin__Black_River__Mauritius_horiz.jpg,afternoon,,,,,,,,,,,
afternoon\Aerial_view_of_Indian_Ocean_and_Le_Morne_Brabant__Riviere_Noire_District__Mauritius_horiz.jpg,Aerial_view_of_Indian_Ocean_and_Le_Morne_Brabant__Riviere_Noire_District__Mauritius_horiz.jpg,afternoon,,,,,,,,,,,
afternoon\Aerial_view_of_karst_mountains_on_the_Li_River__Guilin__Guangxi__China_horiz.jpg,Aerial_view_of_karst_mountains_on_the_Li_River__Guilin__Guangxi__China_horiz.jpg,afternoon,,,,,,,,,,,
afternoon\Aerial_view_of_Kualoa_ridge_with_sea_in_distance__Oahu__Hawaii__USA_horiz.jpg,Aerial_view_of_Kualoa_ridge_with_sea_in_distance__Oahu__Hawaii__USA_horiz.jpg,afternoon,,,Hawaii,USA,hawaii,state,20.7984,-156.3319,NA,gazetteer,med
afternoon\Aerial_view_of_Lake_Slano_in_National_park_Tela__ica__Dugi_Otok__Croatia_horiz.jpg,Aerial_view_of_Lake_Slano_in_National_park_Tela__ica__Dugi_Otok__Croatia_horiz.jpg,afternoon,,,,,,,,,,,
afternoon\Aerial_view_of_landscape_around_Sk_gafoss_waterfall_on_Sk_g__River_in_south_Iceland_horiz.jpg,Aerial_view_of_landscape_around_Sk_gafoss_waterfall_on_Sk_g__River_in_south_Iceland_horiz.jpg,afternoon,,,,Iceland,iceland,country,64.9631,-19.0208,EU,gazetteer,med
afternoon\Aerial_view_of_Lujiazui_financial_district__Shanghai__China_vert.jpg,Aerial_view_of_Lujiazui_financial_district__Shanghai__China_vert.jpg,afternoon,,,,,,,,,,,
afternoon\Aerial_view_of_mangrove_forest_and_river_on_the_Siargao_island__Philippines_vert.jpg,Aerial_view_of_mangrove_forest_and_river_on_the_Siargao_island__Philippines_vert.jpg,afternoon,,,,,,,,,,,
afternoon\Aerial_view_of_Marlborough_Sounds__South_Island_of_New_Zealand_horiz.jpg,Aerial_view_of_Marlborough_Sounds__South_Island_of_New_Zealand_horiz.jpg,afternoon,,,,New Zealand,new zealand,country,-40.9006,174.886,OC,gazetteer,med
afternoon\Aerial_view_of_Mauritius_island_panorama_and_famous_Le_Morne_Brabant_mountain_vert.jpg,Aerial_view_of_Mauritius_island_panorama_and_famous_Le_Morne_Brabant_mountain_vert.jpg,afternoon,,,,,,,,,,,
afternoon\Aerial_view_of_Mingzhu_roundabout_and_sky_pathway__Pudong__Shanghai__China_horiz.jpg,Aerial_view_of_Mingzhu_roundabout_and_sky_pathway__Pudong__Shanghai__China_horiz.jpg,afternoon,,,,,,,,,,,
afternoon\Aerial_view_of_mountains_and_coastline__Kalalau_Valley__Kauai__Hawaii__USA_horiz.jpg,Aerial_view_of_mountains_and_coastline__Kalalau_Valley__Kauai__Hawaii__USA_horiz.jpg,afternoon,,,Hawaii,USA,hawaii,state,20.7984,-156.3319,NA,gazetteer,med
afternoon\Aerial_view_of_multicolored_autumn__Chifeng__Inner_Mongolia__China_vert.jpg,Aerial_view_of_multicolored_autumn__Chifeng__Inner_Mongolia__China_vert.jpg,afternoon,,,,,,,,,,,
afternoon\Aerial_view_of_Niagara_Falls__Ontario_Canada_and_New_York_USA_border_horiz.jpg,Aerial_view_of_Niagara_Falls__Ontario_Canada_and_New_York_USA_border_horiz.jpg,afternoon,,New York,,USA,new york,city,40.7128,-74.006,NA,gazetteer,high
afternoon\Aerial_view_of_Palace_da_Pena__Sintra__Lisboa__Portugal_vert.jpg,Aerial_view_of_Palace_da_Pena__Sintra__Lisboa__Portugal_vert.jpg,afternoon,,,,Portugal,portugal,country,39.3999,-8.2245,EU,gazetteer,med
afternoon\Aerial_view_of_Palau_s_70_islands_vert.jpg,Aerial_view_of_Palau_s_70_islands_vert.jpg,afternoon,,,,,,,,,,,
afternoon\Aerial_view_of_Parana_River_on_the_border_of_Paraguay_and_Brazil_vert.jpg,Aerial_view_of_Parana_River_on_the_border_of_Paraguay_and_Brazil_vert.jpg,afternoon,,,,,,,,,,,
afternoon\Aerial_view_of_Porto_de_Galinhas_beach__Ipojuca__Pernambuco_state__Brazil_horiz.jpg,Aerial_view_of_Porto_de_Galinhas_beach__Ipojuca__Pernambuco_state__Brazil_horiz.jpg,afternoon,,,,,,,,,,,
afternoon\Aerial_view_of_Rainbow__Wai_nuenue__Falls_in_Hilo__Big_Island__Hawaii__USA_horiz.jpg,Aerial_view_of_Rainbow__Wai_nuenue__Falls_in_Hilo__Big_Island__Hawaii__USA_horiz.jpg,afternoon,,,Hawaii,USA,hawaii,state,20.7984,-156.3319,NA,gazetteer,med
afternoon\Aerial_view_of_river_by_dramatic_landscape__The_Pilbara__Western_Australia_horiz.jpg,Aerial_view_of_river_by_dramatic_landscape__The_Pilbara__Western_Australia_horiz.jpg,afternoon,,,,Australia,australia,country,-25.2744,133.7751,OC,gazetteer,med
afternoon\Aerial_view_of_river__Bissagos_Archipelago__Bijagos___Guinea_Bissau__UNESCO_Biosphere_Reserve_vert.jpg,Aerial_view_of_river__Bissagos_Archipelago__Bijagos___Guinea_Bissau__UNESCO_Biosphere_Reserve_vert.jpg,afternoon,,,,,,,,,,,
afternoon\Aerial_view_of_sandy_beach_on_the_Sumilon_island_near_Oslob__Cebu__Philippines_vert.jpg,Aerial_view_of_sandy_beach_on_the_Sumilon_island_near_Oslob__Cebu__Philippines_vert.jpg,afternoon,,,,,,,,,,,
afternoon\Aerial_view_of_Seealpsee_lake__Alpstein__Appenzell__Switzerland_horiz.jpg,Aerial_view_of_Seealpsee_lake__Alpstein__Appenzell__Switzerland_horiz.jpg,afternoon,,,,,,,,,,,
afternoon\Aerial_view_of_Seychelles_Islands__Africa_horiz.jpg,Aerial_view_of_Seychelles_Islands__Africa_horiz.jpg,afternoon,,,,,,,,,,,
afternoon\Aerial_view_of_sports_complex_of_Foro_Italico_featuring_famous_Obelisk_of_Mussolini__Rome__Italy_horiz.jpg,Aerial_view_of_sports_complex_of_Foro_Italico_featuring_famous_Obelisk_of_Mussolini__Rome__Italy_horiz.jpg,afternoon,,Rome,,Italy,rome,city,41.9028,12.4964,EU,gazetteer,high
afternoon\Aerial_view_of_Storseisundet_Bridge__Atlantic_Road__Aver_y__M_re_og_Romsdal__Norway_horiz.jpg,Aerial_view_of_Storseisundet_Bridge__Atlantic_Road__Aver_y__M_re_og_Romsdal__Norway_horiz.jpg,afternoon,,,,Norway,norway,country,60.472,8.4689,EU,gazetteer,med
afternoon\Aerial_view_of_surfer_catching_big_wave__Tenerife__Canary_Islands__Spain_vert.jpg,Aerial_view_of_surfer_catching_big_wave__Tenerife__Canary_Islands__Spain_vert.jpg,afternoon,,,,Spain,spain,country,40.4637,-3.7492,EU,gazetteer,med
afternoon\Aerial_view_of_Taimu_mountain_in_Ningde_city__Hujian_province__China_vert.jpg,Aerial_view_of_Taimu_mountain_in_Ningde_city__Hujian_province__China_vert.jpg,afternoon,,,,,,,,,,,
afternoon\Aerial_view_of_the_Avenue_of_the_Dead_and_Pyramid_of_the_Moon__Teotihuacan__Mexico_vert.jpg,Aerial_view_of_the_Avenue_of_the_Dead_and_Pyramid_of_the_Moon__Teotihuacan__Mexico_vert.jpg,afternoon,,,,,,,,,,,
afternoon\Aerial_view_of_the_campsite__natural_landscape_at_Geiranger__Norway_horiz.jpg,Aerial_view_of_the_campsite__natural_landscape_at_Geiranger__Norway_horiz.jpg,afternoon,,,,Norway,norway,country,60.472,8.4689,EU,gazetteer,med
afternoon\Aerial_view_of_the_Caribbean_Sea_and_vegetation_on_the_isle_of_Antigua__Leeward_Islands__West_Indies_horiz.jpg,Aerial_view_of_the_Caribbean_Sea_and_vegetation_on_the_isle_of_Antigua__Leeward_Islands__West_Indies_horiz.jpg,afternoon,,,,,,,,,,,
afternoon\Aerial_view_of_the_cliffs_of_Etretat__La_Manche_or_English_Channel__Normandy__France_vert.jpg,Aerial_view_of_the_cliffs_of_Etretat__La_Manche_or_English_Channel__Normandy__France_vert.jpg,afternoon,,,,France,france,country,46.2276,2.2137,EU,gazetteer,med
afternoon\Aerial_view_of_the_Hutt_Lagoon__Pink_Lake___Kalbarri__Western_Australia_horiz.jpg,Aerial_view_of_the_Hutt_Lagoon__Pink_Lake___Kalbarri__Western_Australia_horiz.jpg,afternoon,,,,Australia,australia,country,-25.2744,133.7751,OC,gazetteer,med
afternoon\Aerial_view_of_the_Komodo_Island__Komodo_National_Park__Nusa_Tenggara_Islands__Indonesia_horiz.jpg,Aerial_view_of_the_Komodo_Island__Komodo_National_Park__Nusa_Tenggara_Islands__Indonesia_horiz.jpg,afternoon,,,,,,,,,,,
afternoon\Aerial_view_of_the_old_famous_Princess_Pier_at_Port_Melbourne__Victoria__Australia_horiz.jpg,Aerial_view_of_the_old_famous_Princess_Pier_at_Port_Melbourne__Victoria__Australia_horiz.jpg,afternoon,,,,Australia,australia,country,-25.2744,133.7751,OC,gazetteer,med
afternoon\Aerial_view_of_the_Pavilion_of_the_Enlightened_at_Ancient_Siam_near_Bangkok__Thailand_vert.jpg,Aerial_view_of_the_Pavilion_of_the_Enlightened_at_Ancient_Siam_near_Bangkok__Thailand_vert.jpg,afternoon,,Bangkok,,Thailand,bangkok,city,13.7563,100.5018,AS,gazetteer,high
afternoon\Aerial_view_of_the_rainforest_in_Masoala_National_Park__Madagascar_horiz.jpg,Aerial_view_of_the_rainforest_in_Masoala_National_Park__Madagascar_horiz.jpg,afternoon,,,,,,,,,,,
afternoon\Aerial_view_of_the_town_of_Dinan_with_Rance_river__Cotes_d_Armor__Bretagne__France_vert.jpg,Aerial_view_of_the_town_of_Dinan_with_Rance_river__Cotes_d_Armor__Bretagne__France_vert.jpg,afternoon,,,,France,france,country,46.2276,2.2137,EU,gazetteer,med
afternoon\Aerial_view_of_The_Twelve_Apostles__Victoria__Australia_horiz.jpg,Aerial_view_of_The_Twelve_Apostles__Victoria__Australia_horiz.jpg,afternoon,,,,Australia,australia,country,-25.2744,133.7751,OC,gazetteer,med
afternoon\Aerial_view_of_the_Valley_of_Temples_near_Agrigento__Sicily__Italy_horiz.jpg,Aerial_view_of_the_Valley_of_Temples_near_Agrigento__Sicily__Italy_horiz.jpg,afternoon,,,,Italy,italy,country,41.8719,12.5674,EU,gazetteer,med
afternoon\Aerial_view_of_Thjorsa___j_rs___river_and_the_Atlantic_Ocean__Iceland_horiz.jpg,Aerial_view_of_Thjorsa___j_rs___river_and_the_Atlantic_Ocean__Iceland_horiz.jpg,afternoon,,,,Iceland,iceland,country,64.9631,-19.0208,EU,gazetteer,med
afternoon\Aerial_view_of_Toplitzsee_and_Kammersee_mountain_lakes__Salzkammergut__Styria__Austria_horiz.jpg,Aerial_view_of_Toplitzsee_and_Kammersee_mountain_lakes__Salzkammergut__Styria__Austria_horiz.jpg,afternoon,,,,,,,,,,,
afternoon\Aerial_view_of_trees_growing_at_park_vert.jpg,Aerial_view_of_trees_growing_at_park_vert.jpg,afternoon,,,,,,,,,,,
afternoon\Aerial_view_of_Tumpak_Sewu_waterfall_in_the_tropical_forest_at_Lumajang__Java__Indonesia_horiz.jpg,Aerial_view_of_Tumpak_Sewu_waterfall_in_the_tropical_forest_at_Lumajang__Java__Indonesia_horiz.jpg,afternoon,,,,,,,,,,,
afternoon\Aerial_view_of_Turunc_Bay_on_a_summer_day__Marmaris__Mu_la_Province__Turkey_horiz.jpg,Aerial_view_of_Turunc_Bay_on_a_summer_day__Marmaris__Mu_la_Province__Turkey_horiz.jpg,afternoon,,,,,,,,,,,
afternoon\Aerial_view_of_Uppuveli_beach__Trincomalee__Eastern_Province__Ceylon__Sri_Lanka_vert.jpg,Aerial_view_of_Uppuveli_beach__Trincomalee__Eastern_Province__Ceylon__Sri_Lanka_vert.jpg,afternoon,,,,,,,,,,,
afternoon\Aerial_view_of_Victoria_Falls_waterfall_on_the_Zambezi_River_between_Zambia_and_Zimbabwe_vert.jpg,Aerial_view_of_Victoria_Falls_waterfall_on_the_Zambezi_River_between_Zambia_and_Zimbabwe_vert.jpg,afternoon,,,,,,,,,,,
afternoon\Aerial_view_of_vineyards_near_Stellenbosch__Western_Cape__South_Africa_horiz.jpg,Aerial_view_of_vineyards_near_Stellenbosch__Western_Cape__South_Africa_horiz.jpg,afternoon,,,,,,,,,,,
afternoon\Aerial_view_of_waterfalls_in_Chapada_dos_Veadeiros_National_Park__Goi_s__Brazil_horiz.jpg,Aerial_view_of_waterfalls_in_Chapada_dos_Veadeiros_National_Park__Goi_s__Brazil_horiz.jpg,afternoon,,,,,,,,,,,
afternoon\Aerial_view_of_Whitehaven_white_sand_beach_in_Whitsundays__Queensland__Australia_horiz.jpg,Aerial_view_of_Whitehaven_white_sand_beach_in_Whitsundays__Queensland__Australia_horiz.jpg,afternoon,,,,Australia,australia,country,-25.2744,133.7751,OC,gazetteer,med
afternoon\Aerial_view_of__ur_evi_a_Tara_Bridge_in_mountains__Montenegro_horiz.jpg,Aerial_view_of__ur_evi_a_Tara_Bridge_in_mountains__Montenegro_horiz.jpg,afternoon,,,,,,,,,,,
afternoon\Aerial_view_on_Rosa_Khutor_Alpine_ski_resort_in_Krasnaya_Polyana__Sochi__Russia_horiz.jpg,Aerial_view_on_Rosa_Khutor_Alpine_ski_resort_in_Krasnaya_Polyana__Sochi__Russia_horiz.jpg,afternoon,,,,,,,,,,,
afternoon\Aerial_view_on_the_tractor_traces_on_the_field__Nysa__Poland_horiz.jpg,Aerial_view_on_the_tractor_traces_on_the_field__Nysa__Poland_horiz.jpg,afternoon,,,,,,,,,,,
afternoon\Aerial_view_over_tropical_islands__Kerama_island_chain_in_Okinawa__Japan_horiz.jpg,Aerial_view_over_tropical_islands__Kerama_island_chain_in_Okinawa__Japan_horiz.jpg,afternoon,,,,Japan,japan,country,36.2048,138.2529,AS,gazetteer,med
afternoon\African_Lion_cub__Panthera_Leo___Botswana_vert.jpg,African_Lion_cub__Panthera_Leo___Botswana_vert.jpg,afternoon,,,,,,,,,,,
afternoon\Agate_geode_macro_photo__Dunbar__Scotland__UK_horiz.jpg,Agate_geode_macro_photo__Dunbar__Scotland__UK_horiz.jpg,afternoon,,,,,,,,,,,
afternoon\Agave_cactus_in_Chisos_Mountains__Chihuahuan_Desert__Big_Bend_National_Park__Texas__USA_vert.jpg,Agave_cactus_in_Chisos_Mountains__Chihuahuan_Desert__Big_Bend_National_Park__Texas__USA_vert.jpg,afternoon,,,Texas,USA,texas,state,31.0,-100.0,NA,gazetteer,med
afternoon\Agia_Kyriaki_beach_on_Kefalonia_island__Greece_horiz.jpg,Agia_Kyriaki_beach_on_Kefalonia_island__Greece_horiz.jpg,afternoon,,,,Greece,greece,country,39.0742,21.8243,EU,gazetteer,med
afternoon\Aiguille_du_Midi__Chamonix_needles__Mont_Blanc__Haute_Savoie__Alps__France_vert.jpg,Aiguille_du_Midi__Chamonix_needles__Mont_Blanc__Haute_Savoie__Alps__France_vert.jpg,afternoon,,,,France,france,country,46.2276,2.2137,EU,gazetteer,med
afternoon\Akvaryum_Bay_aerial_view_with_boats__Bodrum__Mu_la__Turkey_vert.jpg,Akvaryum_Bay_aerial_view_with_boats__Bodrum__Mu_la__Turkey_vert.jpg,afternoon,,,,,,,,,,,
afternoon\Alaskan_Husky_standing_near_the_waterfall__Iceland_vert.jpg,Alaskan_Husky_standing_near_the_waterfall__Iceland_vert.jpg,afternoon,,,,Iceland,iceland,country,64.9631,-19.0208,EU,gazetteer,med
afternoon\Alaska_Cotton_with_Denali_reflected_in_pond__Denali_National_Park__Alaska__USA_horiz.jpg,Alaska_Cotton_with_Denali_reflected_in_pond__Denali_National_Park__Alaska__USA_horiz.jpg,afternoon,,,Alaska,USA,alaska,state,64.2008,-149.4937,NA,gazetteer,med
afternoon\Alaska_Peninsula_brown_bear_hunting_for_salmon__Katmai_National_Park__Alaska__USA_vert.jpg,Alaska_Peninsula_brown_bear_hunting_for_salmon__Katmai_National_Park__Alaska__USA_vert.jpg,afternoon,,,Alaska,USA,alaska,state,64.2008,-149.4937,NA,gazetteer,med
afternoon\Albany_Covered_Bridge_along_Kancamagus_Highway_over_Swift_River__New_Hampshire__USA_horiz.jpg,Albany_Covered_Bridge_along_Kancamagus_Highway_over_Swift_River__New_Hampshire__USA_horiz.jpg,afternoon,,,New Hampshire,USA,new hampshire,state,43.1939,-71.5724,NA,gazetteer,med
afternoon\An_afternoon_view_of_the_east_grass_knoll_of_the_San_Andr_s_mayan_ruins_in_El_Salvador_vert.jpg,An_afternoon_view_of_the_east_grass_knoll_of_the_San_Andr_s_mayan_ruins_in_El_Salvador_vert.jpg,afternoon,,,,,,,,,,,
afternoon\Coast_of_Plage_du_Port_Vieux_on_a_summer_afternoon__Biarritz__France_horiz.jpg,Coast_of_Plage_du_Port_Vieux_on_a_summer_afternoon__Biarritz__France_horiz.jpg,afternoon,,,,France,france,country,46.2276,2.2137,EU,gazetteer,med
afternoon\Dreamy_sunset_sea_sky_at_beach__Maldives__Noonu_Atoll_Sun_Siyam_Iru_Fushi_vert.jpg,Dreamy_sunset_sea_sky_at_beach__Maldives__Noonu_Atoll_Sun_Siyam_Iru_Fushi_vert.jpg,afternoon,,,,,,,,,,,
afternoon\Fields_at_Hackpen_Hill_on_the_Malborough_Downs_in_autumn_afternoon__Wiltshire__England__UK_vert.jpg,Fields_at_Hackpen_Hill_on_the_Malborough_Downs_in_autumn_afternoon__Wiltshire__England__UK_vert.jpg,afternoon,,,,,,,,,,,
afternoon\Flamingos_flying_by_the_shallow_water_in_late_afternoon_sunlight__Mussulo_Bay__Angola_vert.jpg,Flamingos_flying_by_the_shallow_water_in_late_afternoon_sunlight__Mussulo_Bay__Angola_vert.jpg,afternoon,,,,,,,,,,,
afternoon\Gamboa_beach_in_Bahia_near_Itacare_under_afternoon_light__Ilha_de_Tinhar___Brazil_horiz.jpg,Gamboa_beach_in_Bahia_near_Itacare_under_afternoon_light__Ilha_de_Tinhar___Brazil_horiz.jpg,afternoon,,,,,,,,,,,
afternoon\Last_rays_of_afternoon_light_illuminating_downtown_Los_Angeles__California__USA_horiz.jpg,Last_rays_of_afternoon_light_illuminating_downtown_Los_Angeles__California__USA_horiz.jpg,afternoon,,,California,USA,california,state,36.7783,-119.4179,NA,gazetteer,med
afternoon\Late_afternoon_landscape_of_Sahara_desert_dunes__Chinguetti__Adrar__Mauritania_horiz.jpg,Late_afternoon_landscape_of_Sahara_desert_dunes__Chinguetti__Adrar__Mauritania_horiz.jpg,afternoon,,,,,,,,,,,
afternoon\Late_afternoon_view_of_Crescent_Beach_from_Ecola_State_Park__Cannon_Beach__Oregon__USA_vert.jpg,Late_afternoon_view_of_Crescent_Beach_from_Ecola_State_Park__Cannon_Beach__Oregon__USA_vert.jpg,afternoon,,,Oregon,USA,oregon,state,43.8041,-120.5542,NA,gazetteer,med
afternoon\Mountain_trail_in_Madeira_above_the_clouds_on_a_sunny_afternoon__Portugal_vert.jpg,Mountain_trail_in_Madeira_above_the_clouds_on_a_sunny_afternoon__Portugal_vert.jpg,afternoon,,,,Portugal,portugal,country,39.3999,-8.2245,EU,gazetteer,med
afternoon\Outdoor_baseball_stadium_full_of_spectators_under_a_cloudy_sky_at_midday_horiz.jpg,Outdoor_baseball_stadium_full_of_spectators_under_a_cloudy_sky_at_midday_horiz.jpg,afternoon,,,,,,,,,,,
afternoon\River_Nile_at_late_afternoon_before_sunset__Luxor__Egypt_horiz.jpg,River_Nile_at_late_afternoon_before_sunset__Luxor__Egypt_horiz.jpg,afternoon,,,,,,,,,,,
afternoon\Sheeps_came_back_in_afternoon__spring_of_grassland__Xinjiang_region__China_vert.jpg,Sheeps_came_back_in_afternoon__spring_of_grassland__Xinjiang_region__China_vert.jpg,afternoon,,,,,,,,,,,
afternoon\Snowcapped_Salkantay_mountain_towers_over_valley_in_autumn_afternoon__Peru_vert.jpg,Snowcapped_Salkantay_mountain_towers_over_valley_in_autumn_afternoon__Peru_vert.jpg,afternoon,,,,,,,,,,,
afternoon\Summer_Afternoon__painting_by_Asher_Brown_Durand__1865_vert.jpg,Summer_Afternoon__painting_by_Asher_Brown_Durand__1865_vert.jpg,afternoon,,,,,,,,,,,
afternoon\The_Afternoon_Meal__La_Merienda___about_1772__painting_by_Luis_Egidio_Mel_ndez_horiz.jpg,The_Afternoon_Meal__La_Merienda___about_1772__painting_by_Luis_Egidio_Mel_ndez_horiz.jpg,afternoon,,,,,,,,,,,
afternoon\The_last_afternoon_light_cast_a_warm_glow_on_the_Autumn_country_side_of_Vermont__USA_vert.jpg,The_last_afternoon_light_cast_a_warm_glow_on_the_Autumn_country_side_of_Vermont__USA_vert.jpg,afternoon,,,,USA,usa,country,39.8283,-98.5795,NA,gazetteer,med
afternoon\The_late_afternoon_sun_lights_up_Cathedral_Rock_with_the_full_Moon_in_Sedona__Arizona__USA_vert.jpg,The_late_afternoon_sun_lights_up_Cathedral_Rock_with_the_full_Moon_in_Sedona__Arizona__USA_vert.jpg,afternoon,,,Arizona,USA,arizona,state,34.0489,-111.0937,NA,gazetteer,med
afternoon\The_popular_beach_town_Ericeira_in_the_afternoon_sun__Portugal_vert.jpg,The_popular_beach_town_Ericeira_in_the_afternoon_sun__Portugal_vert.jpg,afternoon,,,,Portugal,portugal,country,39.3999,-8.2245,EU,gazetteer,med
afternoon\Victoria_Memorial_in_late_afternoon_light__Kolkata__Calcutta____West_Bengal__India_horiz.jpg,Victoria_Memorial_in_late_afternoon_light__Kolkata__Calcutta____West_Bengal__India_horiz.jpg,afternoon,,,,,,,,,,,
evening\31feb28f16db71792e9841b3f3189fa3_vert.jpg,31feb28f16db71792e9841b3f3189fa3_vert.jpg,evening,,,,,,,,,,,
evening\360_Bridge__Pennybacker__on_Capital_of_Texas_Highway_and_Lake_Austin__USA_horiz.jpg,360_Bridge__Pennybacker__on_Capital_of_Texas_Highway_and_Lake_Austin__USA_horiz.jpg,evening,,,Texas,USA,texas,state,31.0,-100.0,NA,gazetteer,med
evening\3D_rendering_of_a_satellite_orbiting_the_earth_with_illuminated_cities_at_night_vert.jpg,3D_rendering_of_a_satellite_orbiting_the_earth_with_illuminated_cities_at_night_vert.jpg,evening,,,,,,,,,,,
evening\Abandoned_bridge_on_the_beach_in_Pantai_Robina_at_sunset__Butterworth__Penang__Malaysia_vert.jpg,Abandoned_bridge_on_the_beach_in_Pantai_Robina_at_sunset__Butterworth__Penang__Malaysia_vert.jpg,evening,,,,,,,,,,,
evening\Abandoned_old_wooden_mill_near_river_cliff__Crystal__Colorado__USA_horiz.jpg,Abandoned_old_wooden_mill_near_river_cliff__Crystal__Colorado__USA_horiz.jpg,evening,,,Colorado,USA,colorado,state,39.5501,-105.7821,NA,gazetteer,med
evening\Abstract_business_interior_with_view_of_sky_vert.jpg,Abstract_business_interior_with_view_of_sky_vert.jpg,evening,,,,,,,,,,,
evening\Adirondack_chairs_and_the_Athabasca_River__Jasper_National_Park__Alberta__Canada_vert.jpg,Adirondack_chairs_and_the_Athabasca_River__Jasper_National_Park__Alberta__Canada_vert.jpg,evening,,,,,,,,,,,
evening\Adirondack_deck_chairs_on_lake_dock_in_Parc_National_du_Mont_Tremblant__Lac_Sup_rieur__Quebec__Canada_horiz.jpg,Adirondack_deck_chairs_on_lake_dock_in_Parc_National_du_Mont_Tremblant__Lac_Sup_rieur__Quebec__Canada_horiz.jpg,evening,,,,,,,,,,,
evening\ADLaM_artwork_of_Fulani_culture_horiz.jpg,ADLaM_artwork_of_Fulani_culture_horiz.jpg,evening,,,,,,,,,,,
evening\Aerial_agricultural_landscape_of_green_crops_in_summer__Germany_vert.jpg,Aerial_agricultural_landscape_of_green_crops_in_summer__Germany_vert.jpg,evening,,,,,,,,,,,
evening\Aerial_cityscape_Los_Angeles__California__USA_vert.jpg,Aerial_cityscape_Los_Angeles__California__USA_vert.jpg,evening,,,California,USA,california,state,36.7783,-119.4179,NA,gazetteer,med
evening\Aerial_drone_view_of_Bled_island_at_autumn_sunset__Upper_Carniola__Slovenia_horiz.jpg,Aerial_drone_view_of_Bled_island_at_autumn_sunset__Upper_Carniola__Slovenia_horiz.jpg,evening,,,,,,,,,,,
evening\Aerial_drone_view_of_tree_at_lavender_field_in_summer__Provence__France_horiz.jpg,Aerial_drone_view_of_tree_at_lavender_field_in_summer__Provence__France_horiz.jpg,evening,,,,France,france,country,46.2276,2.2137,EU,gazetteer,med
evening\Aerial_morning_view_of_Canaima_National_Park_tepuis_and_the_Carrao_river_at_Ucaima__Venezuela_horiz.jpg,Aerial_morning_view_of_Canaima_National_Park_tepuis_and_the_Carrao_river_at_Ucaima__Venezuela_horiz.jpg,evening,,,,,,,,,,,
evening\Aerial_night_view_of_Yokohama_cityscape_and_bay_at_Minato_Mirai_waterfront_district__Japan_vert.jpg,Aerial_night_view_of_Yokohama_cityscape_and_bay_at_Minato_Mirai_waterfront_district__Japan_vert.jpg,evening,,,,Japan,japan,country,36.2048,138.2529,AS,gazetteer,med
evening\Aerial_panorama_of_seaside_with_chalk_cliffs_at_Etretat__Normandy__France_horiz.jpg,Aerial_panorama_of_seaside_with_chalk_cliffs_at_Etretat__Normandy__France_horiz.jpg,evening,,,,France,france,country,46.2276,2.2137,EU,gazetteer,med
evening\Aerial_panoramic_sea_view_and_coastline__Phuket_province__Thailand_vert.jpg,Aerial_panoramic_sea_view_and_coastline__Phuket_province__Thailand_vert.jpg,evening,,,,Thailand,thailand,country,15.87,100.9925,AS,gazetteer,med
evening\Aerial_perspective_of_Reynisfjara_black_sand_beach__Vik__Iceland_vert.jpg,Aerial_perspective_of_Reynisfjara_black_sand_beach__Vik__Iceland_vert.jpg,evening,,,,Iceland,iceland,country,64.9631,-19.0208,EU,gazetteer,med
evening\Aerial_view_at_dawn_of_Sossusvlei_area__Namib_Naukluft_National_Park__Namib_Desert__Namibia_horiz.jpg,Aerial_view_at_dawn_of_Sossusvlei_area__Namib_Naukluft_National_Park__Namib_Desert__Namibia_horiz.jpg,evening,,,,,,,,,,,
evening\Aerial_view_of_Acropolis_of_Athens__the_Temple_of_Athena_Nike__Parthenon__Hekatompedon_Temple__Sanctuary_of_Zeus_Polieus__Odeon_of_Herodes_Atticus__Erechtheion_at_sunset__Greece_vert.jpg,Aerial_view_of_Acropolis_of_Athens__the_Temple_of_Athena_Nike__Parthenon__Hekatompedon_Temple__Sanctuary_of_Zeus_Polieus__Odeon_of_Herodes_Atticus__Erechtheion_at_sunset__Greece_vert.jpg,evening,,Athens,,Greece,athens,city,37.9838,23.7275,EU,gazetteer,high
evening\Aerial_view_of_Aigua_Xelida_beach_in_Costa_Brava__Tamariu__Catalonia__Spain_vert.jpg,Aerial_view_of_Aigua_Xelida_beach_in_Costa_Brava__Tamariu__Catalonia__Spain_vert.jpg,evening,,,,Spain,spain,country,40.4637,-3.7492,EU,gazetteer,med
evening\Aerial_view_of_Ayers_Rock_in_Uluru_Kata_Tjuta_National_Park__Northern_Territory__Australia_horiz.jpg,Aerial_view_of_Ayers_Rock_in_Uluru_Kata_Tjuta_National_Park__Northern_Territory__Australia_horiz.jpg,evening,,,,Australia,australia,country,-25.2744,133.7751,OC,gazetteer,med
evening\Aerial_view_of_a_civilization_Maia_pyramid__Chichen_Itza__Yucat_n__Mexico_horiz.jpg,Aerial_view_of_a_civilization_Maia_pyramid__Chichen_Itza__Yucat_n__Mexico_horiz.jpg,evening,,,,,,,,,,,
evening\Aerial_view_of_a_forest_in_autumn__Gingins__Vaud_Canton__Switzerland_horiz.jpg,Aerial_view_of_a_forest_in_autumn__Gingins__Vaud_Canton__Switzerland_horiz.jpg,evening,,,,,,,,,,,
evening\Aerial_view_of_a_lighthouse_surrounded_by_steep_cliffs_at_Cape_Ducato__Lefkada_Island__Greece_vert.jpg,Aerial_view_of_a_lighthouse_surrounded_by_steep_cliffs_at_Cape_Ducato__Lefkada_Island__Greece_vert.jpg,evening,,,,Greece,greece,country,39.0742,21.8243,EU,gazetteer,med
evening\Aerial_view_of_a_tropical_desert_island__San_Blas_Islands__Guna_Yala__Panama_horiz.jpg,Aerial_view_of_a_tropical_desert_island__San_Blas_Islands__Guna_Yala__Panama_horiz.jpg,evening,,,,,,,,,,,
evening\Aerial_view_of_Bay_of_C_diz__Spain_horiz.jpg,Aerial_view_of_Bay_of_C_diz__Spain_horiz.jpg,evening,,,,Spain,spain,country,40.4637,-3.7492,EU,gazetteer,med
evening\Aerial_view_of_Boston_Skyline_and_Boston_Public_Garden_in_early_morning__Massachusetts__USA_vert.jpg,Aerial_view_of_Boston_Skyline_and_Boston_Public_Garden_in_early_morning__Massachusetts__USA_vert.jpg,evening,,,,USA,usa,country,39.8283,-98.5795,NA,gazetteer,med
evening\Aerial_view_of_coast__Fuerteventura__Canary_Islands_horiz.jpg,Aerial_view_of_coast__Fuerteventura__Canary_Islands_horiz.jpg,evening,,,,,,,,,,,
evening\Aerial_view_of_crevasses_in_Grand_Canyon_National_Park__Arizona__USA_horiz.jpg,Aerial_view_of_crevasses_in_Grand_Canyon_National_Park__Arizona__USA_horiz.jpg,evening,,,Arizona,USA,arizona,state,34.0489,-111.0937,NA,gazetteer,med
evening\Aerial_view_of_Crocodile_island_at_Chungju_Lake_near_Chungju_si__South_Korea_horiz.jpg,Aerial_view_of_Crocodile_island_at_Chungju_Lake_near_Chungju_si__South_Korea_horiz.jpg,evening,,,,,,,,,,,
evening\Aerial_view_of_Elephant_cove__Denmark__Albany__Western_Australia_horiz.jpg,Aerial_view_of_Elephant_cove__Denmark__Albany__Western_Australia_horiz.jpg,evening,,,,Australia,australia,country,-25.2744,133.7751,OC,gazetteer,med
evening\Aerial_view_of_endless_lush_pastures_and_farmlands_of_Ireland__fields_and_meadows_on_sunset_horiz.jpg,Aerial_view_of_endless_lush_pastures_and_farmlands_of_Ireland__fields_and_meadows_on_sunset_horiz.jpg,evening,,,,,,,,,,,
evening\Aerial_view_of_famous_Copacabana_Beach_and_Ipanema_beach_in_Rio_de_Janeiro__Brazil_horiz.jpg,Aerial_view_of_famous_Copacabana_Beach_and_Ipanema_beach_in_Rio_de_Janeiro__Brazil_horiz.jpg,evening,,,,,,,,,,,
evening\Aerial_view_of_Golden_Gate_Bridge_in_San_Francisco_during_sunset__California__USA_vert.jpg,Aerial_view_of_Golden_Gate_Bridge_in_San_Francisco_during_sunset__California__USA_vert.jpg,evening,,San Francisco,California,USA,san francisco,city,37.7749,-122.4194,NA,gazetteer,high
evening\Aerial_view_of_Henningsv_r_village_with_its_football_field__Lofoten_archipelago__Norway_horiz.jpg,Aerial_view_of_Henningsv_r_village_with_its_football_field__Lofoten_archipelago__Norway_horiz.jpg,evening,,,,Norway,norway,country,60.472,8.4689,EU,gazetteer,med
evening\Aerial_view_of_Hon_Ga_Choi_Island_or_Trong_Mai_Island__Halong_Bay__Vietnam_vert.jpg,Aerial_view_of_Hon_Ga_Choi_Island_or_Trong_Mai_Island__Halong_Bay__Vietnam_vert.jpg,evening,,,,Vietnam,vietnam,country,14.0583,108.2772,AS,gazetteer,med
evening\Aerial_view_of_hot_air_balloons_over_landscape__Cappadocia__Turkey_horiz.jpg,Aerial_view_of_hot_air_balloons_over_landscape__Cappadocia__Turkey_horiz.jpg,evening,,,,,,,,,,,
evening\Aerial_view_of_H_3_Interstate_highway__John_A__Burns_Freeway___Kaneohe__Oahu__Hawaii__USA_horiz.jpg,Aerial_view_of_H_3_Interstate_highway__John_A__Burns_Freeway___Kaneohe__Oahu__Hawaii__USA_horiz.jpg,evening,,,Hawaii,USA,hawaii,state,20.7984,-156.3319,NA,gazetteer,med
evening\Aerial_view_of_H_gsteinen_Lighthouse__Godoya_Island__Alesund__M_re_og_Romsdal_county__Norway_vert.jpg,Aerial_view_of_H_gsteinen_Lighthouse__Godoya_Island__Alesund__M_re_og_Romsdal_county__Norway_vert.jpg,evening,,,,Norway,norway,country,60.472,8.4689,EU,gazetteer,med
evening\Aerial_view_of_Jardim_do_Mar__surfing_spot_in_Madeira_Island__Portugal_vert.jpg,Aerial_view_of_Jardim_do_Mar__surfing_spot_in_Madeira_Island__Portugal_vert.jpg,evening,,,,Portugal,portugal,country,39.3999,-8.2245,EU,gazetteer,med
evening\Aerial_view_of_Kogel_Bay_beach__Western_Cape__South_Africa_horiz.jpg,Aerial_view_of_Kogel_Bay_beach__Western_Cape__South_Africa_horiz.jpg,evening,,,,,,,,,,,
evening\Aerial_view_of_Lago_Antorno_lake__Dolomites__Misurina__Cortina_d__8217_Ampezzo__Italy_horiz.jpg,Aerial_view_of_Lago_Antorno_lake__Dolomites__Misurina__Cortina_d__8217_Ampezzo__Italy_horiz.jpg,evening,,,,Italy,italy,country,41.8719,12.5674,EU,gazetteer,med
evening\Aerial_view_of_Lake_Mondsee_and_Schafberg_mountain_in_Salzkammergut_in_summer__Austria_vert.jpg,Aerial_view_of_Lake_Mondsee_and_Schafberg_mountain_in_Salzkammergut_in_summer__Austria_vert.jpg,evening,,,,,,,,,,,
evening\Aerial_view_of_Lands_End_at_Cabo_San_Lucas_during_sunset__Baja_California_Sur__Mexico_horiz.jpg,Aerial_view_of_Lands_End_at_Cabo_San_Lucas_during_sunset__Baja_California_Sur__Mexico_horiz.jpg,evening,,,California,,california,state,36.7783,-119.4179,NA,gazetteer,med
evening\Aerial_view_of_Lighthouse_of_Saint_Theodore_in_Lassi__Argostoli__Kefalonia_island_in_Greece_vert.jpg,Aerial_view_of_Lighthouse_of_Saint_Theodore_in_Lassi__Argostoli__Kefalonia_island_in_Greece_vert.jpg,evening,,,,Greece,greece,country,39.0742,21.8243,EU,gazetteer,med
evening\Aerial_view_of_Lima_city_from_Miraflores_at_blue_time__Peru_vert.jpg,Aerial_view_of_Lima_city_from_Miraflores_at_blue_time__Peru_vert.jpg,evening,,,,,,,,,,,
evening\Aerial_view_of_Lion__039_s_Head_and_Cape_Town_from_Table_Mountain__Western_Cape__South_Africa_horiz.jpg,Aerial_view_of_Lion__039_s_Head_and_Cape_Town_from_Table_Mountain__Western_Cape__South_Africa_horiz.jpg,evening,,,,,,,,,,,
evening\Aerial_view_of_long_winding_road_in_Cheddar_Gorge_in_the_Mendip_Hills__Somerset__England__UK_horiz.jpg,Aerial_view_of_long_winding_road_in_Cheddar_Gorge_in_the_Mendip_Hills__Somerset__England__UK_horiz.jpg,evening,,,,,,,,,,,
evening\Aerial_view_of_Lummi_Island_at_sunset__Puget_Sound__Whatcom_County__Washington__USA_horiz.jpg,Aerial_view_of_Lummi_Island_at_sunset__Puget_Sound__Whatcom_County__Washington__USA_horiz.jpg,evening,,,Washington,USA,washington,state,47.7511,-120.7401,NA,gazetteer,med
evening\Aerial_view_of_Maelifell_mountain_at_sunset_with_valley_landscape__Iceland_vert.jpg,Aerial_view_of_Maelifell_mountain_at_sunset_with_valley_landscape__Iceland_vert.jpg,evening,,,,Iceland,iceland,country,64.9631,-19.0208,EU,gazetteer,med
evening\Aerial_view_of_main_square_in_San_Miguel_de_Allende__Guanajuato__Mexico_horiz.jpg,Aerial_view_of_main_square_in_San_Miguel_de_Allende__Guanajuato__Mexico_horiz.jpg,evening,,,,,,,,,,,
evening\Aerial_view_of_majestic_mountains_against_sky_during_sunset__Java__Indonesia_horiz.jpg,Aerial_view_of_majestic_mountains_against_sky_during_sunset__Java__Indonesia_horiz.jpg,evening,,,,,,,,,,,
evening\Aerial_view_of_Manhattan_Beach_Pier_over_the_Pacific_Ocean_at_sunset__Los_Angeles__California__USA_vert.jpg,Aerial_view_of_Manhattan_Beach_Pier_over_the_Pacific_Ocean_at_sunset__Los_Angeles__California__USA_vert.jpg,evening,,,California,USA,california,state,36.7783,-119.4179,NA,gazetteer,med
evening\Aerial_view_of_mountains_and_sea_at_sunset_in_winter_time__Lofoten_islands__Norway_horiz.jpg,Aerial_view_of_mountains_and_sea_at_sunset_in_winter_time__Lofoten_islands__Norway_horiz.jpg,evening,Lofoten islands,,,Norway,lofoten islands,landmark,68.209,13.8456,EU,gazetteer,high
evening\Aerial_view_of_N__Pali_Coast_at_sunset__Ke__039_e_Beach__Kauai__Hawaii__USA_vert.jpg,Aerial_view_of_N__Pali_Coast_at_sunset__Ke__039_e_Beach__Kauai__Hawaii__USA_vert.jpg,evening,,,Hawaii,USA,hawaii,state,20.7984,-156.3319,NA,gazetteer,med
evening\Aerial_view_of_Ocean_Drive__South_Beach__Miami__Florida__USA_horiz.jpg,Aerial_view_of_Ocean_Drive__South_Beach__Miami__Florida__USA_horiz.jpg,evening,,,Florida,USA,florida,state,27.6648,-81.5158,NA,gazetteer,med
evening\Aerial_view_of_Parco_del_Portello_in_Milan_near_CityLife__Lombardia__Italy_horiz.jpg,Aerial_view_of_Parco_del_Portello_in_Milan_near_CityLife__Lombardia__Italy_horiz.jpg,evening,,,,Italy,italy,country,41.8719,12.5674,EU,gazetteer,med
evening\Aerial_view_of_Phang_nga_bay_mountains_and_rainforest_at_sunset__Thailand_horiz.jpg,Aerial_view_of_Phang_nga_bay_mountains_and_rainforest_at_sunset__Thailand_horiz.jpg,evening,,,,Thailand,thailand,country,15.87,100.9925,AS,gazetteer,med
evening\Aerial_view_of_Queenstown_at_dusk_with_Lake_Wakatipu_and_The_Remarkables__New_Zealand_horiz.jpg,Aerial_view_of_Queenstown_at_dusk_with_Lake_Wakatipu_and_The_Remarkables__New_Zealand_horiz.jpg,evening,,,,New Zealand,new zealand,country,-40.9006,174.886,OC,gazetteer,med
evening\Aerial_view_of_rice_fields_in_Mekong_Delta__Tri_Ton_town__An_Giang_province__Vietnam_horiz.jpg,Aerial_view_of_rice_fields_in_Mekong_Delta__Tri_Ton_town__An_Giang_province__Vietnam_horiz.jpg,evening,,,,Vietnam,vietnam,country,14.0583,108.2772,AS,gazetteer,med
evening\Aerial_view_of_Rio_de_Janeiro_from_the_Sugarloaf_Mountain_at_night__Brazil_horiz.jpg,Aerial_view_of_Rio_de_Janeiro_from_the_Sugarloaf_Mountain_at_night__Brazil_horiz.jpg,evening,,,,,,,,,,,
evening\Aerial_view_of_rocky_coastline__Bondi_Beach__New_South_Wales__Australia_horiz.jpg,Aerial_view_of_rocky_coastline__Bondi_Beach__New_South_Wales__Australia_horiz.jpg,evening,,,,Australia,australia,country,-25.2744,133.7751,OC,gazetteer,med
evening\Aerial_view_of_rough_cliffs_on_shoreline_of_ocean_with_white_sands_in_lagoon__Portim_o__Algarve__Portugal_horiz.jpg,Aerial_view_of_rough_cliffs_on_shoreline_of_ocean_with_white_sands_in_lagoon__Portim_o__Algarve__Portugal_horiz.jpg,evening,,,,Portugal,portugal,country,39.3999,-8.2245,EU,gazetteer,med
evening\Aerial_view_of_Scarborough_Beach_during_sunset__South_Africa_vert.jpg,Aerial_view_of_Scarborough_Beach_during_sunset__South_Africa_vert.jpg,evening,,,,,,,,,,,
evening\Aerial_view_of_Shanghai_stadium_in_Xuhui_district__China_vert.jpg,Aerial_view_of_Shanghai_stadium_in_Xuhui_district__China_vert.jpg,evening,,,,,,,,,,,
evening\Aerial_view_of_Singapore_business_district_and_city_at_twilight_in_Singapore_vert.jpg,Aerial_view_of_Singapore_business_district_and_city_at_twilight_in_Singapore_vert.jpg,evening,,,,,,,,,,,
evening\Aerial_view_of_small_island_at_sunset_in_summer__Kamenjak_cape__Istria__Adriatic_sea__Croatia_horiz.jpg,Aerial_view_of_small_island_at_sunset_in_summer__Kamenjak_cape__Istria__Adriatic_sea__Croatia_horiz.jpg,evening,,,,,,,,,,,
evening\Aerial_view_of_soccer_field_in_South_Korea_horiz.jpg,Aerial_view_of_soccer_field_in_South_Korea_horiz.jpg,evening,,,,,,,,,,,
evening\Aerial_view_of_the_Coliseum_and_of_the_City_Buildings__Rome__Italy_horiz.jpg,Aerial_view_of_the_Coliseum_and_of_the_City_Buildings__Rome__Italy_horiz.jpg,evening,,Rome,,Italy,rome,city,41.9028,12.4964,EU,gazetteer,high
evening\Aerial_view_of_The_Khone_Falls_and_Pha_Pheng_Falls_on_the_Mekong_River__Champasak__Laos_vert.jpg,Aerial_view_of_The_Khone_Falls_and_Pha_Pheng_Falls_on_the_Mekong_River__Champasak__Laos_vert.jpg,evening,,,,,,,,,,,
evening\Aerial_view_of_the_Lake_Pukaki_coast_in_New_Zealand_South_Island_at_sunset_vert.jpg,Aerial_view_of_the_Lake_Pukaki_coast_in_New_Zealand_South_Island_at_sunset_vert.jpg,evening,,,,New Zealand,new zealand,country,-40.9006,174.886,OC,gazetteer,med
evening\Aerial_view_of_the_sunset_at_Rio_de_Janeiro__Brazil_horiz.jpg,Aerial_view_of_the_sunset_at_Rio_de_Janeiro__Brazil_horiz.jpg,evening,,,,,,,,,,,
evening\Aerial_view_of_Whitsunday_Islands__Queensland__Australia_horiz.jpg,Aerial_view_of_Whitsunday_Islands__Queensland__Australia_horiz.jpg,evening,,,,Australia,australia,country,-25.2744,133.7751,OC,gazetteer,med
evening\Aerial_view_over_healthy_green_crops_in_patchwork_pasture_farmland__Brecon_Beacons__Wales__UK_horiz.jpg,Aerial_view_over_healthy_green_crops_in_patchwork_pasture_farmland__Brecon_Beacons__Wales__UK_horiz.jpg,evening,,,,,,,,,,,
evening\Aerial_view_over_illuminated_Cape_Town_cityscape_at_the_foot_of_Table_Mountain__South_Africa_vert.jpg,Aerial_view_over_illuminated_Cape_Town_cityscape_at_the_foot_of_Table_Mountain__South_Africa_vert.jpg,evening,,,,,,,,,,,
evening\Aerial_view_with_hot_air_balloon_over_rocky_mountains__Namib_Naukluft_National_Park__Namibia_vert.jpg,Aerial_view_with_hot_air_balloon_over_rocky_mountains__Namib_Naukluft_National_Park__Namibia_vert.jpg,evening,,,,,,,,,,,
evening\African_landscape_with_dramatic_clouds_in_Kruger_National_Park__South_Africa_vert.jpg,African_landscape_with_dramatic_clouds_in_Kruger_National_Park__South_Africa_vert.jpg,evening,,,,,,,,,,,
evening\African_penguins_on_the_rock_coast_at_sunset_twilight__Cape_Town__South_Africa_vert.jpg,African_penguins_on_the_rock_coast_at_sunset_twilight__Cape_Town__South_Africa_vert.jpg,evening,,,,,,,,,,,
evening\African_safari_sunset__Serengeti_National_Park__Tanzania_vert.jpg,African_safari_sunset__Serengeti_National_Park__Tanzania_vert.jpg,evening,,,,,,,,,,,
evening\African_twilight__classic_landscape_of_lone_acacia_tree__Etosha_national_park__Namibia_horiz.jpg,African_twilight__classic_landscape_of_lone_acacia_tree__Etosha_national_park__Namibia_horiz.jpg,evening,,,,,,,,,,,
evening\Agbokim_waterfalls_near_Ikom__Cross_River_State__Nigeria_vert.jpg,Agbokim_waterfalls_near_Ikom__Cross_River_State__Nigeria_vert.jpg,evening,,,,,,,,,,,
evening\Alicante_view_with_Santa_B_rbara_Castle_on_Mount_Benacantil_at_sunset_with_rainbow__Spain_horiz.jpg,Alicante_view_with_Santa_B_rbara_Castle_on_Mount_Benacantil_at_sunset_with_rainbow__Spain_horiz.jpg,evening,,,,Spain,spain,country,40.4637,-3.7492,EU,gazetteer,med
evening\Alien_Throne_rock_formation_just_after_sunset__Bisti_De_Na_Zin_Wilderness__New_Mexico__USA_horiz.jpg,Alien_Throne_rock_formation_just_after_sunset__Bisti_De_Na_Zin_Wilderness__New_Mexico__USA_horiz.jpg,evening,,,,USA,usa,country,39.8283,-98.5795,NA,gazetteer,med
evening\Alleys_of_the_medieval_old_town_in_the_evening__Torun__Poland_vert.jpg,Alleys_of_the_medieval_old_town_in_the_evening__Torun__Poland_vert.jpg,evening,,,,,,,,,,,
evening\Alone_in_the_dark__night_Itanki_Beach__Muroran__Hokkaido__Japan_vert.jpg,Alone_in_the_dark__night_Itanki_Beach__Muroran__Hokkaido__Japan_vert.jpg,evening,,,,Japan,japan,country,36.2048,138.2529,AS,gazetteer,med
evening\Alps_Mountain_landscape_with_night_sky_and_Milky_way__Tre_Cime_di_Lavaredo__Dolomites__Italy_horiz.jpg,Alps_Mountain_landscape_with_night_sky_and_Milky_way__Tre_Cime_di_Lavaredo__Dolomites__Italy_horiz.jpg,evening,,,,Italy,italy,country,41.8719,12.5674,EU,gazetteer,med
evening\Amsterdam_tranquil_canal_scene_with_canal_houses_by_night__Netherlands_horiz.jpg,Amsterdam_tranquil_canal_scene_with_canal_houses_by_night__Netherlands_horiz.jpg,evening,,Amsterdam,,,amsterdam,city,52.3676,4.9041,EU,gazetteer,high
evening\Ancient_ruins_of_Fountains_Abbey_during_Christmas_season_at_dusk__Ripon__Yorkshire__UK_horiz.jpg,Ancient_ruins_of_Fountains_Abbey_during_Christmas_season_at_dusk__Ripon__Yorkshire__UK_horiz.jpg,evening,,,,,,,,,,,
evening\Ancient_village_Ait_Benhaddou_set_in_hill_at_sunset__Morocco_vert.jpg,Ancient_village_Ait_Benhaddou_set_in_hill_at_sunset__Morocco_vert.jpg,evening,,,,,,,,,,,
evening\Anse_Source_d__8217_Argent_view_with_sculpted_rocks_and_palm_trees_at_sunset__La_Digue__Seychelles_horiz.jpg,Anse_Source_d__8217_Argent_view_with_sculpted_rocks_and_palm_trees_at_sunset__La_Digue__Seychelles_horiz.jpg,evening,,,,,,,,,,,
evening\An_evening_view_of_Moscow_Kremlin_overlooking_the_Moskva_River_to_the_south__Russia_vert.jpg,An_evening_view_of_Moscow_Kremlin_overlooking_the_Moskva_River_to_the_south__Russia_vert.jpg,evening,,,,,,,,,,,
evening\Apollo_Temple__039_s_entrance_ruins__Portara_Gate_at_sunset__Naxos_Island__Greece_vert.jpg,Apollo_Temple__039_s_entrance_ruins__Portara_Gate_at_sunset__Naxos_Island__Greece_vert.jpg,evening,,,,Greece,greece,country,39.0742,21.8243,EU,gazetteer,med
evening\Argentina_National_Congress_building_facade_on_sunset__Buenos_Aires_horiz.jpg,Argentina_National_Congress_building_facade_on_sunset__Buenos_Aires_horiz.jpg,evening,,,,,,,,,,,
evening\Aruba_sunset_over_moving_sea__Caribbean_Islands__Netherlands_horiz.jpg,Aruba_sunset_over_moving_sea__Caribbean_Islands__Netherlands_horiz.jpg,evening,,,,,,,,,,,
evening\Atchafalaya_Basin_sunset__Breaux_Bridge__St_Martin_Parish__Louisiana__USA_horiz.jpg,Atchafalaya_Basin_sunset__Breaux_Bridge__St_Martin_Parish__Louisiana__USA_horiz.jpg,evening,,,,USA,usa,country,39.8283,-98.5795,NA,gazetteer,med
evening\Atlantic_beach_close_to_Lisabon_at_sunset__Praia_da_Ursa__Sintra__west_coast_of_Portugal_horiz.jpg,Atlantic_beach_close_to_Lisabon_at_sunset__Praia_da_Ursa__Sintra__west_coast_of_Portugal_horiz.jpg,evening,,,,Portugal,portugal,country,39.3999,-8.2245,EU,gazetteer,med
evening\Atrani_town_on_spectacular_mediterranean_Amalfi_coast_in_sunset_light__Naples__Italy_vert.jpg,Atrani_town_on_spectacular_mediterranean_Amalfi_coast_in_sunset_light__Naples__Italy_vert.jpg,evening,Amalfi coast,,,Italy,amalfi coast,landmark,40.6333,14.6029,EU,gazetteer,high
evening\Aurora_Borealis_at_Stokksnes_beach_in_a_cold_night_in_autumn__Iceland_horiz.jpg,Aurora_Borealis_at_Stokksnes_beach_in_a_cold_night_in_autumn__Iceland_horiz.jpg,evening,,,,Iceland,iceland,country,64.9631,-19.0208,EU,gazetteer,med
evening\Autumnal_laid_table_in_garden_in_the_evening_horiz.jpg,Autumnal_laid_table_in_garden_in_the_evening_horiz.jpg,evening,,,,,,,,,,,
evening\Autumn_colors_landscape_at_sunset__Quiraing_mountain_pass__Isle_of_Skye__Scotland__UK_vert.jpg,Autumn_colors_landscape_at_sunset__Quiraing_mountain_pass__Isle_of_Skye__Scotland__UK_vert.jpg,evening,,,,,,,,,,,
evening\Autumn_sunset_glow_on_Snowden_Mountain_in_the_Brooks_Range__Dalton_Hwy__Alaska__USA_horiz.jpg,Autumn_sunset_glow_on_Snowden_Mountain_in_the_Brooks_Range__Dalton_Hwy__Alaska__USA_horiz.jpg,evening,,,Alaska,USA,alaska,state,64.2008,-149.4937,NA,gazetteer,med
evening\Avenue_of_the_Baobabs_trees_at_sunset__Menabe__Madagascar_horiz.jpg,Avenue_of_the_Baobabs_trees_at_sunset__Menabe__Madagascar_horiz.jpg,evening,,,,,,,,,,,
evening\A_colorful_night_suspended_in_time_on_lake_Garda__Riva_del_Garda__Italy_horiz.jpg,A_colorful_night_suspended_in_time_on_lake_Garda__Riva_del_Garda__Italy_horiz.jpg,evening,,,,Italy,italy,country,41.8719,12.5674,EU,gazetteer,med
evening\A_curving_mountain_highway_road_at_sunset_horiz.jpg,A_curving_mountain_highway_road_at_sunset_horiz.jpg,evening,,,,,,,,,,,
evening\A_dramatic_sunset_sky_over_a_soybean_farm_field__Murfreesboro__Tennessee__USA_horiz.jpg,A_dramatic_sunset_sky_over_a_soybean_farm_field__Murfreesboro__Tennessee__USA_horiz.jpg,evening,,,,USA,usa,country,39.8283,-98.5795,NA,gazetteer,med
evening\A_field_of_corn_during_a_summer_evening_in_the_West_Midlands__England__UK_vert.jpg,A_field_of_corn_during_a_summer_evening_in_the_West_Midlands__England__UK_vert.jpg,evening,,,,,,,,,,,
evening\A_gondolier_paddles_towards_sunset_in_Venice__039_s_Grand_Canal__view_from_Rialto_Bridge__Italy_horiz.jpg,A_gondolier_paddles_towards_sunset_in_Venice__039_s_Grand_Canal__view_from_Rialto_Bridge__Italy_horiz.jpg,evening,,,,Italy,italy,country,41.8719,12.5674,EU,gazetteer,med
evening\A_mountain_biker_riding_at_sunset__Slovenia_vert.jpg,A_mountain_biker_riding_at_sunset__Slovenia_vert.jpg,evening,,,,,,,,,,,
evening\A_nice_dusk_light_show_at_Peggys_Point_Lighthouse__Peggy__8217_s_Cove__Nova_Scotia__Canada_horiz.jpg,A_nice_dusk_light_show_at_Peggys_Point_Lighthouse__Peggy__8217_s_Cove__Nova_Scotia__Canada_horiz.jpg,evening,,,,,,,,,,,
evening\A_spectacular_alicia_mirabilis_captured_in_the_Mediterranean_Sea_at_night_horiz.jpg,A_spectacular_alicia_mirabilis_captured_in_the_Mediterranean_Sea_at_night_horiz.jpg,evening,,,,,,,,,,,
evening\A_still_June_evening_on_the_western_side_of_the_Isle_of_Wight__England__UK_horiz.jpg,A_still_June_evening_on_the_western_side_of_the_Isle_of_Wight__England__UK_horiz.jpg,evening,,,,,,,,,,,
evening\A_stunning_sunset_on_the_River_Murray__South_Australia_vert.jpg,A_stunning_sunset_on_the_River_Murray__South_Australia_vert.jpg,evening,,,,Australia,australia,country,-25.2744,133.7751,OC,gazetteer,med
evening\A_summer_evening_at_Moraine_Lake__Banff_National_Park__Alberta__Canada_vert.jpg,A_summer_evening_at_Moraine_Lake__Banff_National_Park__Alberta__Canada_vert.jpg,evening,,,,,,,,,,,
evening\A_sunset_reflecting_in_the_coastal_tidal_pools_of_Makena_Cove_beach__Maui__Hawaii__USA_horiz.jpg,A_sunset_reflecting_in_the_coastal_tidal_pools_of_Makena_Cove_beach__Maui__Hawaii__USA_horiz.jpg,evening,,,Hawaii,USA,hawaii,state,20.7984,-156.3319,NA,gazetteer,med
evening\A_tiny_Sepiola_squid_found_at_night_dive_in_Mediterranean_sea_at_La_Herradura__Spain_vert.jpg,A_tiny_Sepiola_squid_found_at_night_dive_in_Mediterranean_sea_at_La_Herradura__Spain_vert.jpg,evening,,,,Spain,spain,country,40.4637,-3.7492,EU,gazetteer,med
evening\A_view_of_the_sunset_in_the_Flint_Hills_of_Kansas_just_outside_of_Alma__Kansas__USA_horiz.jpg,A_view_of_the_sunset_in_the_Flint_Hills_of_Kansas_just_outside_of_Alma__Kansas__USA_horiz.jpg,evening,,,,USA,usa,country,39.8283,-98.5795,NA,gazetteer,med
evening\Bales_of_hay_in_the_Texas_countryside_during_sunset__USA_vert.jpg,Bales_of_hay_in_the_Texas_countryside_during_sunset__USA_vert.jpg,evening,,,Texas,USA,texas,state,31.0,-100.0,NA,gazetteer,med
evening\Banff_National_Park_at_sunset_in_winter__Alberta__Canada_horiz.jpg,Banff_National_Park_at_sunset_in_winter__Alberta__Canada_horiz.jpg,evening,,,,,,,,,,,
evening\Barrika_beach_at_sunset__Basque_Country__Biscay__Spain_vert.jpg,Barrika_beach_at_sunset__Basque_Country__Biscay__Spain_vert.jpg,evening,,,,Spain,spain,country,40.4637,-3.7492,EU,gazetteer,med
evening\Beach_with_palm_trees_at_sunset__Fiji_vert.jpg,Beach_with_palm_trees_at_sunset__Fiji_vert.jpg,evening,,,,,,,,,,,
evening\Beautiful_Baobab_trees_after_sunset_at_the_avenue_of_the_baobabs__Menabe__Madagascar_vert.jpg,Beautiful_Baobab_trees_after_sunset_at_the_avenue_of_the_baobabs__Menabe__Madagascar_vert.jpg,evening,,,,,,,,,,,
evening\Beautiful_beach_sunset_at_Maldives_vert.jpg,Beautiful_beach_sunset_at_Maldives_vert.jpg,evening,,,,,,,,,,,
evening\Beautiful_bend_of_Murray_River_at_sunset__Riverland__South_Australia_vert.jpg,Beautiful_bend_of_Murray_River_at_sunset__Riverland__South_Australia_vert.jpg,evening,,,,Australia,australia,country,-25.2744,133.7751,OC,gazetteer,med
evening\Beautiful_Dubai_beach_in_sunset_light_with_view_on_a_luxury_modern_city__UAE_vert.jpg,Beautiful_Dubai_beach_in_sunset_light_with_view_on_a_luxury_modern_city__UAE_vert.jpg,evening,,,,,,,,,,,
evening\Beautiful_green_hills_at_dusk__Carpathian_Mountains__Ukraine_vert.jpg,Beautiful_green_hills_at_dusk__Carpathian_Mountains__Ukraine_vert.jpg,evening,,,,,,,,,,,
evening\Beautiful_ocean_surfing_wave_at_sunset_beach__Havelock_Island__India_horiz.jpg,Beautiful_ocean_surfing_wave_at_sunset_beach__Havelock_Island__India_horiz.jpg,evening,,,,,,,,,,,
evening\Beautiful_sunset_on_the_beach__Koh_Tao__Thailand_horiz.jpg,Beautiful_sunset_on_the_beach__Koh_Tao__Thailand_horiz.jpg,evening,,,,Thailand,thailand,country,15.87,100.9925,AS,gazetteer,med
evening\Beautiful_sunset_with_a_boat_and_small_pier__Schermerhorn__Netherlands_horiz.jpg,Beautiful_sunset_with_a_boat_and_small_pier__Schermerhorn__Netherlands_horiz.jpg,evening,,,,,,,,,,,
evening\Belem_Tower_or_Tower_of_St_Vincent_on_the_Tagus_River_at_sunset__Lisbon__Portugal_horiz.jpg,Belem_Tower_or_Tower_of_St_Vincent_on_the_Tagus_River_at_sunset__Lisbon__Portugal_horiz.jpg,evening,,,,Portugal,portugal,country,39.3999,-8.2245,EU,gazetteer,med
evening\Big_Ben_and_River_Thames_at_sunset__Westminster_Bridge_and_Palace__London__England__UK_horiz.jpg,Big_Ben_and_River_Thames_at_sunset__Westminster_Bridge_and_Palace__London__England__UK_horiz.jpg,evening,,London,,,london,city,51.5074,-0.1278,EU,gazetteer,high
evening\Big_Ben_and_Westminster_Bridge_at_dusk_in_London__England__UK_vert.jpg,Big_Ben_and_Westminster_Bridge_at_dusk_in_London__England__UK_vert.jpg,evening,,London,,,london,city,51.5074,-0.1278,EU,gazetteer,high
evening\Big_round_boulders_in_Lake_Tahoe_at_summer_sunset__Nevada__USA_horiz.jpg,Big_round_boulders_in_Lake_Tahoe_at_summer_sunset__Nevada__USA_horiz.jpg,evening,,,Nevada,USA,nevada,state,38.8026,-116.4194,NA,gazetteer,med
evening\Binnenhof_castle__Dutch_Parliament___downtown_cityscape__Hague_skyline_at_sunset__Netherlands_horiz.jpg,Binnenhof_castle__Dutch_Parliament___downtown_cityscape__Hague_skyline_at_sunset__Netherlands_horiz.jpg,evening,,,,,,,,,,,
evening\Blackrock_Castle_on_the_banks_of_the_River_Lee_and_observatory_in_Cork_at_sunset__Ireland_vert.jpg,Blackrock_Castle_on_the_banks_of_the_River_Lee_and_observatory_in_Cork_at_sunset__Ireland_vert.jpg,evening,,,,,,,,,,,
evening\Black_Sea_coast_near_old_town_of_Sozopol_at_sunset__Burgas_Province__Bulgaria_horiz.jpg,Black_Sea_coast_near_old_town_of_Sozopol_at_sunset__Burgas_Province__Bulgaria_horiz.jpg,evening,,,,,,,,,,,
evening\Blooming_bluebonnet_wildflower_field_and_lonely_tree_in_spring_by_lake_at_sunset__Texas__USA_vert.jpg,Blooming_bluebonnet_wildflower_field_and_lonely_tree_in_spring_by_lake_at_sunset__Texas__USA_vert.jpg,evening,,,Texas,USA,texas,state,31.0,-100.0,NA,gazetteer,med
evening\Blooming_sunflowers_field_at_sunset__Lopburi__Thailand_horiz.jpg,Blooming_sunflowers_field_at_sunset__Lopburi__Thailand_horiz.jpg,evening,,,,Thailand,thailand,country,15.87,100.9925,AS,gazetteer,med
evening\Bluebonnets_and_Indian_paintbrush_wildflowers_at_sunset__Texas__USA_horiz.jpg,Bluebonnets_and_Indian_paintbrush_wildflowers_at_sunset__Texas__USA_horiz.jpg,evening,,,Texas,USA,texas,state,31.0,-100.0,NA,gazetteer,med
evening\Bluebonnets_at_sunset_along_Sugar_Ridge_Road_in_Ennis__Texas__USA_horiz.jpg,Bluebonnets_at_sunset_along_Sugar_Ridge_Road_in_Ennis__Texas__USA_horiz.jpg,evening,,,Texas,USA,texas,state,31.0,-100.0,NA,gazetteer,med
evening\Boats_moored_in_the_bay_at_Padar_Island_in_Komodo_National_Park_at_sunset__Indonesia_vert.jpg,Boats_moored_in_the_bay_at_Padar_Island_in_Komodo_National_Park_at_sunset__Indonesia_vert.jpg,evening,,,,,,,,,,,
evening\Boat_and_fishing_dock_during_caribbean_sunset__Eleuthera_island__Bahamas_horiz.jpg,Boat_and_fishing_dock_during_caribbean_sunset__Eleuthera_island__Bahamas_horiz.jpg,evening,,,,,,,,,,,
evening\Bottlenose_dolphins__Tursiops_truncatus__in_Caribbean_Sea_at_sunset__Honduras_horiz.jpg,Bottlenose_dolphins__Tursiops_truncatus__in_Caribbean_Sea_at_sunset__Honduras_horiz.jpg,evening,,,,,,,,,,,
evening\Bottlenose_dolphin__Tursiops_truncatus__jumping_in_sea_at_sunset__Roatan__Bay_Islands__Honduras_vert.jpg,Bottlenose_dolphin__Tursiops_truncatus__jumping_in_sea_at_sunset__Roatan__Bay_Islands__Honduras_vert.jpg,evening,,,,,,,,,,,
evening\Boulder_rock_and_Yucca_Brevifolia_trees_at_sunset__Joshua_Tree_National_Park__California__USA_horiz.jpg,Boulder_rock_and_Yucca_Brevifolia_trees_at_sunset__Joshua_Tree_National_Park__California__USA_horiz.jpg,evening,,,California,USA,california,state,36.7783,-119.4179,NA,gazetteer,med
evening\Brandwag_Rock_in_Golden_Gate_Highlands_National_Park_at_sunset__Free_State__South_Africa_horiz.jpg,Brandwag_Rock_in_Golden_Gate_Highlands_National_Park_at_sunset__Free_State__South_Africa_horiz.jpg,evening,,,,,,,,,,,
evening\Breathtaking_panorama_landscape_view_of_Altiplano_mountains_at_sunset__Northern_Argentina_horiz.jpg,Breathtaking_panorama_landscape_view_of_Altiplano_mountains_at_sunset__Northern_Argentina_horiz.jpg,evening,,,,,,,,,,,
evening\Bridge_A1_highway_Maslenica_at_cloudy_colorful_sunset__Croatia_horiz.jpg,Bridge_A1_highway_Maslenica_at_cloudy_colorful_sunset__Croatia_horiz.jpg,evening,,,,,,,,,,,
evening\Bridge_to_Sommaroy_and_midnight_sun__Tromso__Troms_og_Finnmark__Norway_vert.jpg,Bridge_to_Sommaroy_and_midnight_sun__Tromso__Troms_og_Finnmark__Norway_vert.jpg,evening,,,,Norway,norway,country,60.472,8.4689,EU,gazetteer,med
evening\Broken_ice_at_sunset__Baikal_Lake__Olkhon_Island__Siberia__Russia_horiz.jpg,Broken_ice_at_sunset__Baikal_Lake__Olkhon_Island__Siberia__Russia_horiz.jpg,evening,,,,,,,,,,,
evening\Brooklyn_Bridge_Park_with_Manhattan_skyline_during_night__New_York_City__USA_horiz.jpg,Brooklyn_Bridge_Park_with_Manhattan_skyline_during_night__New_York_City__USA_horiz.jpg,evening,,New York,,USA,new york,city,40.7128,-74.006,NA,gazetteer,high
evening\Brown_cute_smile_Labrador_Retriever_puppy_with_spring_foliage_bokeh_and_sunset_light_abstract_horiz.jpg,Brown_cute_smile_Labrador_Retriever_puppy_with_spring_foliage_bokeh_and_sunset_light_abstract_horiz.jpg,evening,,,,,,,,,,,
evening\Burning_skies_sunset_at_Schrammsteine__Saxon_Switzerland__Germany_vert.jpg,Burning_skies_sunset_at_Schrammsteine__Saxon_Switzerland__Germany_vert.jpg,evening,,,,,,,,,,,
evening\California_vineyard_with_white_roses_at_dusk__Temecula__California__USA_vert.jpg,California_vineyard_with_white_roses_at_dusk__Temecula__California__USA_vert.jpg,evening,,,California,USA,california,state,36.7783,-119.4179,NA,gazetteer,med
evening\Campelo_beach_at_sunset_in_Valdovino__Galicia__Spain_horiz.jpg,Campelo_beach_at_sunset_in_Valdovino__Galicia__Spain_horiz.jpg,evening,,,,Spain,spain,country,40.4637,-3.7492,EU,gazetteer,med
evening\Canals_at_night__Dutch_Venice__Amsterdam__Netherlands_vert.jpg,Canals_at_night__Dutch_Venice__Amsterdam__Netherlands_vert.jpg,evening,,Amsterdam,,,amsterdam,city,52.3676,4.9041,EU,gazetteer,high
evening\Candy_colored_skies_sunset_at_shoreline_of_Lake_Tahoe__Nevada__USA_vert.jpg,Candy_colored_skies_sunset_at_shoreline_of_Lake_Tahoe__Nevada__USA_vert.jpg,evening,,,Nevada,USA,nevada,state,38.8026,-116.4194,NA,gazetteer,med
evening\Canyon_terrain_at_Grand_View_Point_at_sunset__Canyonlands_National_Park__Utah__USA_vert.jpg,Canyon_terrain_at_Grand_View_Point_at_sunset__Canyonlands_National_Park__Utah__USA_vert.jpg,evening,,,Utah,USA,utah,state,39.321,-111.0937,NA,gazetteer,med
evening\Cape_Capo_Greco_coast_caves_at_sunset__Ayia_Napa__Cyprus_horiz.jpg,Cape_Capo_Greco_coast_caves_at_sunset__Ayia_Napa__Cyprus_horiz.jpg,evening,,,,,,,,,,,
evening\Cape_Disappointment_Lighthouse_located_on_Columbia_River_at_sunset__Ilwaco__Washington__USA_vert.jpg,Cape_Disappointment_Lighthouse_located_on_Columbia_River_at_sunset__Ilwaco__Washington__USA_vert.jpg,evening,,,Washington,USA,washington,state,47.7511,-120.7401,NA,gazetteer,med
evening\Cape_Du_Couedic_Lighthouse_at_sunset__Kangaroo_Island__South_Australia_horiz.jpg,Cape_Du_Couedic_Lighthouse_at_sunset__Kangaroo_Island__South_Australia_horiz.jpg,evening,,,,Australia,australia,country,-25.2744,133.7751,OC,gazetteer,med
evening\Cape_Manzamo_cliff_during_sunset__Okinawa_Island__Japan_vert.jpg,Cape_Manzamo_cliff_during_sunset__Okinawa_Island__Japan_vert.jpg,evening,,,,Japan,japan,country,36.2048,138.2529,AS,gazetteer,med
evening\Cape_Reinga_lighthouse_at_dusk__Aupouri_Peninsula__New_Zealand_horiz.jpg,Cape_Reinga_lighthouse_at_dusk__Aupouri_Peninsula__New_Zealand_horiz.jpg,evening,,,,New Zealand,new zealand,country,-40.9006,174.886,OC,gazetteer,med
evening\Cape_Town_and_Camps_Bay_with_clouds_over_Twelve_Apostles_Mountains_at_dusk__South_Africa_horiz.jpg,Cape_Town_and_Camps_Bay_with_clouds_over_Twelve_Apostles_Mountains_at_dusk__South_Africa_horiz.jpg,evening,,,,,,,,,,,
evening\Carew_Castle_in_evening_light__Pembrokeshire_Coast_National_Park__Wales__UK_horiz.jpg,Carew_Castle_in_evening_light__Pembrokeshire_Coast_National_Park__Wales__UK_horiz.jpg,evening,,,,,,,,,,,
evening\Carson_River_reflects_the_clouds_overhead_at_sunset_in_Hope_Valley__California__USA_vert.jpg,Carson_River_reflects_the_clouds_overhead_at_sunset_in_Hope_Valley__California__USA_vert.jpg,evening,,,California,USA,california,state,36.7783,-119.4179,NA,gazetteer,med
evening\Castelvecchio_at_sunset__Verona__Northern_Italy_horiz.jpg,Castelvecchio_at_sunset__Verona__Northern_Italy_horiz.jpg,evening,,,,Italy,italy,country,41.8719,12.5674,EU,gazetteer,med
evening\Castle_Hill_Lighthouse_in_orange_sunset__Narragansett_Bay_in_Newport__Rhode_Island__USA_horiz.jpg,Castle_Hill_Lighthouse_in_orange_sunset__Narragansett_Bay_in_Newport__Rhode_Island__USA_horiz.jpg,evening,,,,USA,usa,country,39.8283,-98.5795,NA,gazetteer,med
evening\Cement_pier_extending_towards_the_horizon_on_a_cloudy_sunset__Big_Island__Hawaii_vert.jpg,Cement_pier_extending_towards_the_horizon_on_a_cloudy_sunset__Big_Island__Hawaii_vert.jpg,evening,,,Hawaii,,hawaii,state,20.7984,-156.3319,NA,gazetteer,med
evening\Cherry_blossom_lake__sakura_at_night__Osaka__Japan_horiz.jpg,Cherry_blossom_lake__sakura_at_night__Osaka__Japan_horiz.jpg,evening,,,,Japan,japan,country,36.2048,138.2529,AS,gazetteer,med
evening\Christmas_lights_on_a_palm_tree_at_the_Caribbean_beach_at_sunset_horiz.jpg,Christmas_lights_on_a_palm_tree_at_the_Caribbean_beach_at_sunset_horiz.jpg,evening,,,,,,,,,,,
evening\Christmas_lights_on_palm_trees_at_a_Caribbean_beach_at_sunset_horiz.jpg,Christmas_lights_on_palm_trees_at_a_Caribbean_beach_at_sunset_horiz.jpg,evening,,,,,,,,,,,
evening\Christmas_tree_glowing_outdoors_in_the_forest_at_dusk_vert.jpg,Christmas_tree_glowing_outdoors_in_the_forest_at_dusk_vert.jpg,evening,,,,,,,,,,,
evening\Christmas_tree_in_front_of_the_palace_of_casino_of_Monaco_at_dusk__Montecarlo__France_horiz.jpg,Christmas_tree_in_front_of_the_palace_of_casino_of_Monaco_at_dusk__Montecarlo__France_horiz.jpg,evening,,,,France,france,country,46.2276,2.2137,EU,gazetteer,med
evening\Cityscape_of_Big_Ben_and_Westminster_Bridge_with_river_Thames_at_sunset__London__England__UK_vert.jpg,Cityscape_of_Big_Ben_and_Westminster_Bridge_with_river_Thames_at_sunset__London__England__UK_vert.jpg,evening,,London,,,london,city,51.5074,-0.1278,EU,gazetteer,high
evening\Cityscape_view_of_New_Center_of_Vilnius_with_Neris_river_from_Gediminas_Tower_at_night__Lithuania_horiz.jpg,Cityscape_view_of_New_Center_of_Vilnius_with_Neris_river_from_Gediminas_Tower_at_night__Lithuania_horiz.jpg,evening,,,,,,,,,,,
evening\City_night_view_and_skyrocket_fireworks__Shinjuku_Ward__Tokyo__Japan_vert.jpg,City_night_view_and_skyrocket_fireworks__Shinjuku_Ward__Tokyo__Japan_vert.jpg,evening,,Tokyo,,Japan,tokyo,city,35.6762,139.6503,AS,gazetteer,high
evening\City_of_Cannes_on_the_French_Riviera_in_the_evening__France_horiz.jpg,City_of_Cannes_on_the_French_Riviera_in_the_evening__France_horiz.jpg,evening,,,,France,france,country,46.2276,2.2137,EU,gazetteer,med
evening\City_skyline_at_dusk__Seattle_Space_Needle_blue_hour__Washington__USA_vert.jpg,City_skyline_at_dusk__Seattle_Space_Needle_blue_hour__Washington__USA_vert.jpg,evening,,,Washington,USA,washington,state,47.7511,-120.7401,NA,gazetteer,med
evening\City_skyline_at_night__Marseille__France_vert.jpg,City_skyline_at_night__Marseille__France_vert.jpg,evening,,,,France,france,country,46.2276,2.2137,EU,gazetteer,med
evening\City_skyline__Kuala_Lumpur_downtown_at_dusk__Malaysia_horiz.jpg,City_skyline__Kuala_Lumpur_downtown_at_dusk__Malaysia_horiz.jpg,evening,,,,,,,,,,,
evening\Cliffs_at_Navajo_Loop_Trail_below_Sunset_Point__Bryce_Canyon_National_Park__Utah__USA_horiz.jpg,Cliffs_at_Navajo_Loop_Trail_below_Sunset_Point__Bryce_Canyon_National_Park__Utah__USA_horiz.jpg,evening,,,Utah,USA,utah,state,39.321,-111.0937,NA,gazetteer,med
evening\Cliffs_at_night__Morro_Branco__Fortaleza__Ceara__Brazil_vert.jpg,Cliffs_at_night__Morro_Branco__Fortaleza__Ceara__Brazil_vert.jpg,evening,,,,,,,,,,,
evening\Cliff_of_Loggas_Beach_on_the_west_side_of_Corfu_island_in_Ionian_Sea_at_summer_sunset__Greece_vert.jpg,Cliff_of_Loggas_Beach_on_the_west_side_of_Corfu_island_in_Ionian_Sea_at_summer_sunset__Greece_vert.jpg,evening,,,,Greece,greece,country,39.0742,21.8243,EU,gazetteer,med
evening\Climber_on_the_summit_of_a_peak_watching_sunset__Sierra_Mountains__California__USA_horiz.jpg,Climber_on_the_summit_of_a_peak_watching_sunset__Sierra_Mountains__California__USA_horiz.jpg,evening,,,California,USA,california,state,36.7783,-119.4179,NA,gazetteer,med
evening\Close_up_of_illuminated_lanterns_at_night__Casablanca__Morocco_horiz.jpg,Close_up_of_illuminated_lanterns_at_night__Casablanca__Morocco_horiz.jpg,evening,,,,,,,,,,,
evening\Clouds_over_Ilulissat_Icefjord_at_scenic_dusk__Greenland_horiz.jpg,Clouds_over_Ilulissat_Icefjord_at_scenic_dusk__Greenland_horiz.jpg,evening,,,,,,,,,,,
evening\Coastal_landscape_lit_by_the_midnight_sun__Antarctic_Peninsula__Antarctica_vert.jpg,Coastal_landscape_lit_by_the_midnight_sun__Antarctic_Peninsula__Antarctica_vert.jpg,evening,,,,,,,,,,,
evening\Coast_at_the_Sea_Caves_near_Peyia_in_the_evening_light__Paphos_District__Republic_of_Cyprus_vert.jpg,Coast_at_the_Sea_Caves_near_Peyia_in_the_evening_light__Paphos_District__Republic_of_Cyprus_vert.jpg,evening,,,,,,,,,,,
evening\Cold_and_snowy_winter_scene_at_sunset__Helsinki__Finland_horiz.jpg,Cold_and_snowy_winter_scene_at_sunset__Helsinki__Finland_horiz.jpg,evening,,,,,,,,,,,
evening\Cold_winter_day_sunset_landscape_with_snowy_trees_near_lake__Sotkamo__Finland_vert.jpg,Cold_winter_day_sunset_landscape_with_snowy_trees_near_lake__Sotkamo__Finland_vert.jpg,evening,,,,,,,,,,,
evening\Cold_winter_day_sunset_landscape_with_snowy_trees__Sotkamo__Finland_horiz.jpg,Cold_winter_day_sunset_landscape_with_snowy_trees__Sotkamo__Finland_horiz.jpg,evening,,,,,,,,,,,
evening\Colorful_houses_at_Amstel_River_at_night__Amsterdam__North_Holland__Netherlands_vert.jpg,Colorful_houses_at_Amstel_River_at_night__Amsterdam__North_Holland__Netherlands_vert.jpg,evening,,Amsterdam,,,amsterdam,city,52.3676,4.9041,EU,gazetteer,high
evening\Colorful_Los_Angeles_sunset__taken_from_the_Giffith_Park__California__USA_horiz.jpg,Colorful_Los_Angeles_sunset__taken_from_the_Giffith_Park__California__USA_horiz.jpg,evening,,,California,USA,california,state,36.7783,-119.4179,NA,gazetteer,med
evening\Colorful_sunset_in_Torres_del_Paine_at_Lake_Pehoe__Chile_vert.jpg,Colorful_sunset_in_Torres_del_Paine_at_Lake_Pehoe__Chile_vert.jpg,evening,,,,,,,,,,,
evening\Colorful_sunset_with_clouds_over_the_river_with_reflections__Guyana_horiz.jpg,Colorful_sunset_with_clouds_over_the_river_with_reflections__Guyana_horiz.jpg,evening,,,,,,,,,,,
evening\Color_gradient_during_the_sunset__Vernadsky_Station__Antarctic_Peninsula__Antarctica_horiz.jpg,Color_gradient_during_the_sunset__Vernadsky_Station__Antarctic_Peninsula__Antarctica_horiz.jpg,evening,,,,,,,,,,,
evening\Colourful_sunset_at_Secret_Cove_Beach__Maui__Hawaii__USA_horiz.jpg,Colourful_sunset_at_Secret_Cove_Beach__Maui__Hawaii__USA_horiz.jpg,evening,,,Hawaii,USA,hawaii,state,20.7984,-156.3319,NA,gazetteer,med
evening\Cosmos_flower_field_landscape_at_sunset_horiz.jpg,Cosmos_flower_field_landscape_at_sunset_horiz.jpg,evening,,,,,,,,,,,
evening\Cross_country_skiing_at_sunset_in_the_Alps__South_Tyrol__Italy_horiz.jpg,Cross_country_skiing_at_sunset_in_the_Alps__South_Tyrol__Italy_horiz.jpg,evening,,,,Italy,italy,country,41.8719,12.5674,EU,gazetteer,med
evening\Cross_country_ski_tracks_at_sunset__near_Lillehammer__Norway_horiz.jpg,Cross_country_ski_tracks_at_sunset__near_Lillehammer__Norway_horiz.jpg,evening,,,,Norway,norway,country,60.472,8.4689,EU,gazetteer,med
evening\Cuillin_mountain_range_reflected_in_a_Loch_at_sunset__Isle_of_Skye__Highlands__Scotland__UK_horiz.jpg,Cuillin_mountain_range_reflected_in_a_Loch_at_sunset__Isle_of_Skye__Highlands__Scotland__UK_horiz.jpg,evening,,,,,,,,,,,
evening\Cullera_Playa_los_Olivos_beach_sunset_in_Mediterranean_Valencia_at_Spain_vert.jpg,Cullera_Playa_los_Olivos_beach_sunset_in_Mediterranean_Valencia_at_Spain_vert.jpg,evening,,,,Spain,spain,country,40.4637,-3.7492,EU,gazetteer,med
evening\Dalian_Cross_Sea_Bridge_at_dusk__landmark_of_Dalian__Liaoning__China_horiz.jpg,Dalian_Cross_Sea_Bridge_at_dusk__landmark_of_Dalian__Liaoning__China_horiz.jpg,evening,,,,,,,,,,,
evening\Dandelion_with_water_drop_at_dusk__Baden_W_rttemberg__Germany_vert.jpg,Dandelion_with_water_drop_at_dusk__Baden_W_rttemberg__Germany_vert.jpg,evening,,,,,,,,,,,
evening\Dark_Hedges_avenue_on_Bregagh_Road_at_sunset__County_Antrim__Northern_Ireland__UK_horiz.jpg,Dark_Hedges_avenue_on_Bregagh_Road_at_sunset__County_Antrim__Northern_Ireland__UK_horiz.jpg,evening,,,,,,,,,,,
evening\Darnitskiy_bridge_across_Dnepr_river_against_sunset_sky__Kyiv__Ukraine_vert.jpg,Darnitskiy_bridge_across_Dnepr_river_against_sunset_sky__Kyiv__Ukraine_vert.jpg,evening,,,,,,,,,,,
evening\Delicate_Arch_in_Arches_National_Park_at_night__Utah__USA_horiz.jpg,Delicate_Arch_in_Arches_National_Park_at_night__Utah__USA_horiz.jpg,evening,,,Utah,USA,utah,state,39.321,-111.0937,NA,gazetteer,med
evening\Desert_landscape_at_night_with_Milky_Way__Joshua_tree_national_park__California__USA_horiz.jpg,Desert_landscape_at_night_with_Milky_Way__Joshua_tree_national_park__California__USA_horiz.jpg,evening,,,California,USA,california,state,36.7783,-119.4179,NA,gazetteer,med
evening\Desert_of_Namib_at_night_with_orange_sand_dunes_and_starry_sky_horiz.jpg,Desert_of_Namib_at_night_with_orange_sand_dunes_and_starry_sky_horiz.jpg,evening,,,,,,,,,,,
evening\Desert_sand_dunes_in_Sossusvlei_at_sunset__Namib_Naukluft_National_Park__Namibia_horiz.jpg,Desert_sand_dunes_in_Sossusvlei_at_sunset__Namib_Naukluft_National_Park__Namibia_horiz.jpg,evening,,,,,,,,,,,
evening\Detail_of_city_skyscrapers_at_dusk__Los_Angeles__California__USA_horiz.jpg,Detail_of_city_skyscrapers_at_dusk__Los_Angeles__California__USA_horiz.jpg,evening,,,California,USA,california,state,36.7783,-119.4179,NA,gazetteer,med
evening\Double_liquid_art__water_splashes_reflecting_on_colorful_pool_outdoors_at_sunset_vert.jpg,Double_liquid_art__water_splashes_reflecting_on_colorful_pool_outdoors_at_sunset_vert.jpg,evening,,,,,,,,,,,
evening\Downtown_Seattle_skyline_and_Space_Needle_at_night_with_full_moon__Washington_State__USA_vert.jpg,Downtown_Seattle_skyline_and_Space_Needle_at_night_with_full_moon__Washington_State__USA_vert.jpg,evening,,,Washington,USA,washington,state,47.7511,-120.7401,NA,gazetteer,med
evening\Dragon_Bridge_over_the_River_H_n_in_Da_Nang_at_night__Vietnam_horiz.jpg,Dragon_Bridge_over_the_River_H_n_in_Da_Nang_at_night__Vietnam_horiz.jpg,evening,,,,Vietnam,vietnam,country,14.0583,108.2772,AS,gazetteer,med
evening\Dramatic_clouds_after_sunset_over_Tunnel_View_in_Yosemite_National_Park__California__USA_horiz.jpg,Dramatic_clouds_after_sunset_over_Tunnel_View_in_Yosemite_National_Park__California__USA_horiz.jpg,evening,Yosemite,,California,USA,yosemite,landmark,37.8651,-119.5383,NA,gazetteer,high
evening\Dramatic_light_hitting_a_pair_of_icebergs_at_sunset__Scoresby_Sound__Greenland_vert.jpg,Dramatic_light_hitting_a_pair_of_icebergs_at_sunset__Scoresby_Sound__Greenland_vert.jpg,evening,,,,,,,,,,,
evening\Dramatic_summer_night_sky_with_the_Moon_over_Hong_Kong_cityscape_vert.jpg,Dramatic_summer_night_sky_with_the_Moon_over_Hong_Kong_cityscape_vert.jpg,evening,,,,,,,,,,,
evening\Dramatic_sunset_in_late_summer__Hohenzollern_Castle__Baden_W_rttemberg__Germany_vert.jpg,Dramatic_sunset_in_late_summer__Hohenzollern_Castle__Baden_W_rttemberg__Germany_vert.jpg,evening,,,,,,,,,,,
evening\Dramatic_sunset_over_mountains_landscape_with_sun_shining_through_orange_clouds_horiz.jpg,Dramatic_sunset_over_mountains_landscape_with_sun_shining_through_orange_clouds_horiz.jpg,evening,,,,,,,,,,,
evening\Dramatic_sunset_over_Uttakleiv_beach_on_Lofoten_islands_in_Norway_horiz.jpg,Dramatic_sunset_over_Uttakleiv_beach_on_Lofoten_islands_in_Norway_horiz.jpg,evening,Lofoten islands,,,Norway,lofoten islands,landmark,68.209,13.8456,EU,gazetteer,high
evening\Dramatic_waves_and_cliffs_with_sunset_background__Orkney_Islands__Scotland__UK_horiz.jpg,Dramatic_waves_and_cliffs_with_sunset_background__Orkney_Islands__Scotland__UK_horiz.jpg,evening,,,,,,,,,,,
evening\Drone_aerial_of_Castle_Hill_at_sunset__Newport__Rhode_Island__USA_horiz.jpg,Drone_aerial_of_Castle_Hill_at_sunset__Newport__Rhode_Island__USA_horiz.jpg,evening,,,,USA,usa,country,39.8283,-98.5795,NA,gazetteer,med
evening\Dubai_skyline_at_sunset_with_city_center_lights_and_Sheikh_Zayed_road__UAE_vert.jpg,Dubai_skyline_at_sunset_with_city_center_lights_and_Sheikh_Zayed_road__UAE_vert.jpg,evening,,,,,,,,,,,
evening\Dubai_urban_skyline_at_sunset__United_Arab_Emirates_vert.jpg,Dubai_urban_skyline_at_sunset__United_Arab_Emirates_vert.jpg,evening,,,,,,,,,,,
evening\Dusk_at_Emerald_Lake_in_Yoho_National_Park__British_Columbia__Canada_horiz.jpg,Dusk_at_Emerald_Lake_in_Yoho_National_Park__British_Columbia__Canada_horiz.jpg,evening,,,,,,,,,,,
evening\Dusk_at_Shiretoko_National_Park__Hokkaido__Japan_horiz.jpg,Dusk_at_Shiretoko_National_Park__Hokkaido__Japan_horiz.jpg,evening,,,,Japan,japan,country,36.2048,138.2529,AS,gazetteer,med
evening\Dusk_over_jetty_in_Bora_Bora_lagoon_with_mount_Otemanu_in_the_background__French_Polynesia_horiz.jpg,Dusk_over_jetty_in_Bora_Bora_lagoon_with_mount_Otemanu_in_the_background__French_Polynesia_horiz.jpg,evening,,,,,,,,,,,
evening\Dusk_time_at_Barangaroo_reserve_new_park_in_Sydney__Australia_vert.jpg,Dusk_time_at_Barangaroo_reserve_new_park_in_Sydney__Australia_vert.jpg,evening,,Sydney,,Australia,sydney,city,-33.8688,151.2093,OC,gazetteer,high
evening\Dyrh_laey_Arch_rock_formation_at_sunset_not_far_from_the_village_of_Vik_in_Iceland_horiz.jpg,Dyrh_laey_Arch_rock_formation_at_sunset_not_far_from_the_village_of_Vik_in_Iceland_horiz.jpg,evening,,,,Iceland,iceland,country,64.9631,-19.0208,EU,gazetteer,med
evening\Edinburgh_Castle_In_winter_at_sunset__Scotland__UK_vert.jpg,Edinburgh_Castle_In_winter_at_sunset__Scotland__UK_vert.jpg,evening,,,,,,,,,,,
evening\Eiffel_Tower_and_river_Seine_at_sunset_in_Paris__France_horiz.jpg,Eiffel_Tower_and_river_Seine_at_sunset_in_Paris__France_horiz.jpg,evening,,Paris,,France,paris,city,48.8566,2.3522,EU,gazetteer,high
evening\Eilean_Donan_castle_near_Kyle_of_Lochalsh_in_night__Highlands_of_Scotland__UK_horiz.jpg,Eilean_Donan_castle_near_Kyle_of_Lochalsh_in_night__Highlands_of_Scotland__UK_horiz.jpg,evening,,,,,,,,,,,
evening\Elenka_Island_at_sunset__Lake_Baikal__Siberia__Russia_horiz.jpg,Elenka_Island_at_sunset__Lake_Baikal__Siberia__Russia_horiz.jpg,evening,,,,,,,,,,,
evening\El_Nido_bay_and_Cadlao_island_at_sunset__Bacuit_archipelago__Palawan__Philippines_horiz.jpg,El_Nido_bay_and_Cadlao_island_at_sunset__Bacuit_archipelago__Palawan__Philippines_horiz.jpg,evening,,,,,,,,,,,
evening\Epic_sunset_surfing__Cinquale__Massa__Tuscany__Italy_horiz.jpg,Epic_sunset_surfing__Cinquale__Massa__Tuscany__Italy_horiz.jpg,evening,,,,Italy,italy,country,41.8719,12.5674,EU,gazetteer,med
evening\Eroded_mountain_ridges_in_the_sunset_at_Zabriskie_Point__Death_Valley__California__USA_vert.jpg,Eroded_mountain_ridges_in_the_sunset_at_Zabriskie_Point__Death_Valley__California__USA_vert.jpg,evening,,,California,USA,california,state,36.7783,-119.4179,NA,gazetteer,med
evening\Escape_from_reality__mangroves_at_sunset__Darwin__Australia_vert.jpg,Escape_from_reality__mangroves_at_sunset__Darwin__Australia_vert.jpg,evening,,,,Australia,australia,country,-25.2744,133.7751,OC,gazetteer,med
evening\Eucalyptus_salubris_trees_with_red_smooth_trunks_in_evening_light__Nullarbor_Plain__Western_Australia_vert.jpg,Eucalyptus_salubris_trees_with_red_smooth_trunks_in_evening_light__Nullarbor_Plain__Western_Australia_vert.jpg,evening,,,,Australia,australia,country,-25.2744,133.7751,OC,gazetteer,med
evening\Evening_by_an_idyllic_bath_pier_at_the_island__land__Sweden_horiz.jpg,Evening_by_an_idyllic_bath_pier_at_the_island__land__Sweden_horiz.jpg,evening,,,,,,,,,,,
evening\Evening_landscape_and_ski_resort_in_French_Alps__Tignes__Tarentaise__Savoy__France_vert.jpg,Evening_landscape_and_ski_resort_in_French_Alps__Tignes__Tarentaise__Savoy__France_vert.jpg,evening,,,,France,france,country,46.2276,2.2137,EU,gazetteer,med
evening\Evening_light_on_Mount_Thor_in_Auyuittuq_National_Park__Nunavut__Baffin_Island__Canada_vert.jpg,Evening_light_on_Mount_Thor_in_Auyuittuq_National_Park__Nunavut__Baffin_Island__Canada_vert.jpg,evening,,,,,,,,,,,
evening\Evening_light_over_North_Window_with_Turret_Arch__Arches_National_Park__Utah__USA_horiz.jpg,Evening_light_over_North_Window_with_Turret_Arch__Arches_National_Park__Utah__USA_horiz.jpg,evening,,,Utah,USA,utah,state,39.321,-111.0937,NA,gazetteer,med
evening\Evening_mood__Wotans_Throne_at_Grand_Canyon_North_Rim__Cape_Royal__Arizona__USA_horiz.jpg,Evening_mood__Wotans_Throne_at_Grand_Canyon_North_Rim__Cape_Royal__Arizona__USA_horiz.jpg,evening,,,Arizona,USA,arizona,state,34.0489,-111.0937,NA,gazetteer,med
evening\Evening_sunset_at_Northern_Norway__near_Ersfjordbotn__Kval_ya__Troms__horiz.jpg,Evening_sunset_at_Northern_Norway__near_Ersfjordbotn__Kval_ya__Troms__horiz.jpg,evening,,,,Norway,norway,country,60.472,8.4689,EU,gazetteer,med
evening\Evening_view_of_Ama_Dablam_on_the_way_to_Everest_Base_Camp__Nepal_horiz.jpg,Evening_view_of_Ama_Dablam_on_the_way_to_Everest_Base_Camp__Nepal_horiz.jpg,evening,,,,,,,,,,,
evening\Evening_view_of_Ama_Dablam_on_the_way_to_Everest_Base_Camp__Nepal_vert.jpg,Evening_view_of_Ama_Dablam_on_the_way_to_Everest_Base_Camp__Nepal_vert.jpg,evening,,,,,,,,,,,
evening\Evening_view_of_Athens_from_Lycabettus_hill__Greece_vert.jpg,Evening_view_of_Athens_from_Lycabettus_hill__Greece_vert.jpg,evening,,Athens,,Greece,athens,city,37.9838,23.7275,EU,gazetteer,high
evening\Evening_view_of_Chateau_d__039_If_in_Marseille__France_vert.jpg,Evening_view_of_Chateau_d__039_If_in_Marseille__France_vert.jpg,evening,,,,France,france,country,46.2276,2.2137,EU,gazetteer,med
evening\Evening_view_of_Montserrat_mountain__Barcelona__Catalonia__Spain_horiz.jpg,Evening_view_of_Montserrat_mountain__Barcelona__Catalonia__Spain_horiz.jpg,evening,,Barcelona,,Spain,barcelona,city,41.3851,2.1734,EU,gazetteer,high
evening\Evening_view_of_Radcliffe_Camera_in_Oxford_University__England__UK_horiz.jpg,Evening_view_of_Radcliffe_Camera_in_Oxford_University__England__UK_horiz.jpg,evening,,,,,,,,,,,
evening\Evening_with_Kirkjufell_volcano_near_the_coast_of_Sn_fellsnes_peninsula__Iceland_vert.jpg,Evening_with_Kirkjufell_volcano_near_the_coast_of_Sn_fellsnes_peninsula__Iceland_vert.jpg,evening,,,,Iceland,iceland,country,64.9631,-19.0208,EU,gazetteer,med
evening\Extreme_weather_at_sunset_with_rays_of_light_over_storm_clouds__Carlsbad__New_Mexico__USA_horiz.jpg,Extreme_weather_at_sunset_with_rays_of_light_over_storm_clouds__Carlsbad__New_Mexico__USA_horiz.jpg,evening,,,,USA,usa,country,39.8283,-98.5795,NA,gazetteer,med
evening\E_C__Manning_Provincial_Park__sunset_from_Paintbrush_Trail__British_Columbia__Canada_vert.jpg,E_C__Manning_Provincial_Park__sunset_from_Paintbrush_Trail__British_Columbia__Canada_vert.jpg,evening,,,,,,,,,,,
evening\Fairy_chimney_rock_formations_at_sunset__G_reme__Cappadocia__Turkey_vert.jpg,Fairy_chimney_rock_formations_at_sunset__G_reme__Cappadocia__Turkey_vert.jpg,evening,,,,,,,,,,,
evening\Falkirk_Wheel_rotating_boat_lift_in_Tamfourhill_at_sunset__Falkirk__in_central_Scotland__UK_horiz.jpg,Falkirk_Wheel_rotating_boat_lift_in_Tamfourhill_at_sunset__Falkirk__in_central_Scotland__UK_horiz.jpg,evening,,,,,,,,,,,
evening\Famous_grass_hills_with_lupines_near_Stokksnes_mountains_at_sunset__Iceland_vert.jpg,Famous_grass_hills_with_lupines_near_Stokksnes_mountains_at_sunset__Iceland_vert.jpg,evening,,,,Iceland,iceland,country,64.9631,-19.0208,EU,gazetteer,med
evening\Famous_Tuscany_landscape_with_curved_road_and_cypress__Crete_Senesi_at_sunset__Italy_horiz.jpg,Famous_Tuscany_landscape_with_curved_road_and_cypress__Crete_Senesi_at_sunset__Italy_horiz.jpg,evening,,,,Italy,italy,country,41.8719,12.5674,EU,gazetteer,med
evening\Fanad_Head_lighthouse_and_its_cove_at_sunset__County_Donegal__Ulster_region__Ireland_horiz.jpg,Fanad_Head_lighthouse_and_its_cove_at_sunset__County_Donegal__Ulster_region__Ireland_horiz.jpg,evening,,,,,,,,,,,
evening\Fansipan_mountain_hills_valley_on_summer_with_lake_at_sunset__Sa_Pa__Vietnam_vert.jpg,Fansipan_mountain_hills_valley_on_summer_with_lake_at_sunset__Sa_Pa__Vietnam_vert.jpg,evening,,,,Vietnam,vietnam,country,14.0583,108.2772,AS,gazetteer,med
evening\Fantastic_sunset_colors_glow_over_the_Salar_de_Uyuni__Bolivia_vert.jpg,Fantastic_sunset_colors_glow_over_the_Salar_de_Uyuni__Bolivia_vert.jpg,evening,,,,,,,,,,,
evening\Fernhill__Sunshine_Bay_and_Lake_Wakatipu_at_dusk__Otago_region__South_Island__New_Zealand_horiz.jpg,Fernhill__Sunshine_Bay_and_Lake_Wakatipu_at_dusk__Otago_region__South_Island__New_Zealand_horiz.jpg,evening,,,,New Zealand,new zealand,country,-40.9006,174.886,OC,gazetteer,med
evening\Ferris_wheel_in_Old_Port__summer_evening_in_Marseille__France_vert.jpg,Ferris_wheel_in_Old_Port__summer_evening_in_Marseille__France_vert.jpg,evening,,,,France,france,country,46.2276,2.2137,EU,gazetteer,med
evening\Fiery_sunset_at_Pigeon_Point_Lighthouse_on_the_Pacific_Ocean_coast__Pescadero__California__USA_vert.jpg,Fiery_sunset_at_Pigeon_Point_Lighthouse_on_the_Pacific_Ocean_coast__Pescadero__California__USA_vert.jpg,evening,,,California,USA,california,state,36.7783,-119.4179,NA,gazetteer,med
evening\Fiery_sunset__scenic_view_of_sea_against_sky_during_sunset__Sorrento__Victoria__Australia_horiz.jpg,Fiery_sunset__scenic_view_of_sea_against_sky_during_sunset__Sorrento__Victoria__Australia_horiz.jpg,evening,,,,Australia,australia,country,-25.2744,133.7751,OC,gazetteer,med
evening\Fireworks_lighting_up_night_Sky_with_skyline_of_Dresden_and_reflections_in_river_Elbe__Germany_vert.jpg,Fireworks_lighting_up_night_Sky_with_skyline_of_Dresden_and_reflections_in_river_Elbe__Germany_vert.jpg,evening,,,,,,,,,,,
evening\Fireworks_on_a_beach_at_sunset_vert.jpg,Fireworks_on_a_beach_at_sunset_vert.jpg,evening,,,,,,,,,,,
evening\Fire_Marsh__sunset_over_swamp__Vallejo__California__USA_horiz.jpg,Fire_Marsh__sunset_over_swamp__Vallejo__California__USA_horiz.jpg,evening,,,California,USA,california,state,36.7783,-119.4179,NA,gazetteer,med
evening\First_Taste__sunset_at_Death_Valley_national_park__California__USA_horiz.jpg,First_Taste__sunset_at_Death_Valley_national_park__California__USA_horiz.jpg,evening,,,California,USA,california,state,36.7783,-119.4179,NA,gazetteer,med
evening\Fisherman__039_s_house_at_sunset__Adriatic_Sea__Italy_vert.jpg,Fisherman__039_s_house_at_sunset__Adriatic_Sea__Italy_vert.jpg,evening,,,,Italy,italy,country,41.8719,12.5674,EU,gazetteer,med
evening\Fitz_Roy_mountain_near_El_Chalt_n_at_sunset__Patagonia_between_Argentina_and_Chile_horiz.jpg,Fitz_Roy_mountain_near_El_Chalt_n_at_sunset__Patagonia_between_Argentina_and_Chile_horiz.jpg,evening,,,,,,,,,,,
evening\Fly_Geyser_after_sunset__Black_Rock_Desert__Washoe_County__Nevada__USA_horiz.jpg,Fly_Geyser_after_sunset__Black_Rock_Desert__Washoe_County__Nevada__USA_horiz.jpg,evening,,,Nevada,USA,nevada,state,38.8026,-116.4194,NA,gazetteer,med
evening\Footpath_leading_towards_lighthouse_at_sea_shore_against_cloudy_sky_at_dusk__Brittany__France_vert.jpg,Footpath_leading_towards_lighthouse_at_sea_shore_against_cloudy_sky_at_dusk__Brittany__France_vert.jpg,evening,,,,France,france,country,46.2276,2.2137,EU,gazetteer,med
evening\Fresh_snow_and_pink_alpenglow_light_at_sunset_in_mountains__Colorado__USA_vert.jpg,Fresh_snow_and_pink_alpenglow_light_at_sunset_in_mountains__Colorado__USA_vert.jpg,evening,,,Colorado,USA,colorado,state,39.5501,-105.7821,NA,gazetteer,med
evening\Friends_running_with_fireworks_on_a_beach_after_sunset_horiz.jpg,Friends_running_with_fireworks_on_a_beach_after_sunset_horiz.jpg,evening,,,,,,,,,,,
evening\Frozen_dwarf_shrubs_in_snow_at_dusk__Riisitunturi_National_Park__Posio__Lapland__Finland_horiz.jpg,Frozen_dwarf_shrubs_in_snow_at_dusk__Riisitunturi_National_Park__Posio__Lapland__Finland_horiz.jpg,evening,,,,,,,,,,,
evening\Frozen_hell__sunset_over_J_kuls_rl_n_glacier_lagoon__Iceland_horiz.jpg,Frozen_hell__sunset_over_J_kuls_rl_n_glacier_lagoon__Iceland_horiz.jpg,evening,,,,Iceland,iceland,country,64.9631,-19.0208,EU,gazetteer,med
evening\Frozen_lake_at_winter_sunset__Tampere__Finland_horiz.jpg,Frozen_lake_at_winter_sunset__Tampere__Finland_horiz.jpg,evening,,,,,,,,,,,
evening\Frozen_waterfall_icicles_at_night_with_stars__Matsumoto__Nagano__Japan_vert.jpg,Frozen_waterfall_icicles_at_night_with_stars__Matsumoto__Nagano__Japan_vert.jpg,evening,,,,Japan,japan,country,36.2048,138.2529,AS,gazetteer,med
evening\Gal_pagos_view_at_sunset__Isabela_Island__Ecuador_vert.jpg,Gal_pagos_view_at_sunset__Isabela_Island__Ecuador_vert.jpg,evening,,,,,,,,,,,
evening\Gapstow_Bridge_in_Central_Park_in_Manhattan_after_a_snow_storm_at_dusk__New_York_City__USA_vert.jpg,Gapstow_Bridge_in_Central_Park_in_Manhattan_after_a_snow_storm_at_dusk__New_York_City__USA_vert.jpg,evening,,New York,,USA,new york,city,40.7128,-74.006,NA,gazetteer,high
evening\Garda_lake__Lago_di_Garda__during_a_sunset__Sirmione__Italy_horiz.jpg,Garda_lake__Lago_di_Garda__during_a_sunset__Sirmione__Italy_horiz.jpg,evening,,,,Italy,italy,country,41.8719,12.5674,EU,gazetteer,med
evening\Gardens_by_the_Bay_at_night__Singapore_horiz.jpg,Gardens_by_the_Bay_at_night__Singapore_horiz.jpg,evening,,,,,,,,,,,
evening\Gatklettur_arch_rock_at_sunset__Iceland_vert.jpg,Gatklettur_arch_rock_at_sunset__Iceland_vert.jpg,evening,,,,Iceland,iceland,country,64.9631,-19.0208,EU,gazetteer,med
evening\Geothermal_eruption_of_Gullfoss_Geysir_after_sunset__Iceland_vert.jpg,Geothermal_eruption_of_Gullfoss_Geysir_after_sunset__Iceland_vert.jpg,evening,,,,Iceland,iceland,country,64.9631,-19.0208,EU,gazetteer,med
evening\Giant__8217_s_Causeway_at_sunset__Bushmills__county_Antrim__Northern_Ireland__UK_horiz.jpg,Giant__8217_s_Causeway_at_sunset__Bushmills__county_Antrim__Northern_Ireland__UK_horiz.jpg,evening,,,,,,,,,,,
evening\Gibson_Steps_and_the_Twelve_Apostoles_along_Great_Ocean_Road_at_sunset__Victoria__Australia_horiz.jpg,Gibson_Steps_and_the_Twelve_Apostoles_along_Great_Ocean_Road_at_sunset__Victoria__Australia_horiz.jpg,evening,,,,Australia,australia,country,-25.2744,133.7751,OC,gazetteer,med
evening\Ginger_cat_standing_on_a_fence_at_sunset__Norfolk__England__UK_horiz.jpg,Ginger_cat_standing_on_a_fence_at_sunset__Norfolk__England__UK_horiz.jpg,evening,,,,,,,,,,,
evening\Golden_clouds_sunset_over_Drakensberg_mountain_above_the_valley__KwaZulu_Natal__South_Africa_vert.jpg,Golden_clouds_sunset_over_Drakensberg_mountain_above_the_valley__KwaZulu_Natal__South_Africa_vert.jpg,evening,,,,,,,,,,,
evening\Golden_evening_sun_over_Orta_san_Giulio_town_next_to_Orta_Lake__Lago_d__039_Orta___Lombardia__Italy_horiz.jpg,Golden_evening_sun_over_Orta_san_Giulio_town_next_to_Orta_Lake__Lago_d__039_Orta___Lombardia__Italy_horiz.jpg,evening,,,,Italy,italy,country,41.8719,12.5674,EU,gazetteer,med
evening\Golden_hour_sunset_landscape_on_the_lake__Montrouis__Haiti_vert.jpg,Golden_hour_sunset_landscape_on_the_lake__Montrouis__Haiti_vert.jpg,evening,,,,,,,,,,,
evening\Golden_Silhouette__sunset_on_lake_Garda__Torbole_sul_Garda__Italy_vert.jpg,Golden_Silhouette__sunset_on_lake_Garda__Torbole_sul_Garda__Italy_vert.jpg,evening,,,,Italy,italy,country,41.8719,12.5674,EU,gazetteer,med
evening\Golden_silky_Sahara_desert_sand_dunes_at_sunset__In_Amenas__Illizi__Algeria_horiz.jpg,Golden_silky_Sahara_desert_sand_dunes_at_sunset__In_Amenas__Illizi__Algeria_horiz.jpg,evening,,,,,,,,,,,
evening\Golden_sunset_over_the_savanna_in_Serengeti_National_Park__Tanzania_horiz.jpg,Golden_sunset_over_the_savanna_in_Serengeti_National_Park__Tanzania_horiz.jpg,evening,,,,,,,,,,,
evening\Grand_Canyon_desert_view_watchtower_at_night_with_Milky_Way__Arizona__USA_vert.jpg,Grand_Canyon_desert_view_watchtower_at_night_with_Milky_Way__Arizona__USA_vert.jpg,evening,,,Arizona,USA,arizona,state,34.0489,-111.0937,NA,gazetteer,med
evening\Grand_Canyon_sunset_view_from_Navajo_Point_on_East_Rim_drive_near_Desert_View__Arizona__USA_horiz.jpg,Grand_Canyon_sunset_view_from_Navajo_Point_on_East_Rim_drive_near_Desert_View__Arizona__USA_horiz.jpg,evening,,,Arizona,USA,arizona,state,34.0489,-111.0937,NA,gazetteer,med
evening\Grand_Central_Terminal_station_in_Midtown_Manhattan__New_York_City_at_night__USA_vert.jpg,Grand_Central_Terminal_station_in_Midtown_Manhattan__New_York_City_at_night__USA_vert.jpg,evening,,New York,,USA,new york,city,40.7128,-74.006,NA,gazetteer,high
evening\Great_Blue_Heron_catching_a_fish_on_a_Chesapeake_Bay_beach_at_sunset__Maryland__USA_horiz.jpg,Great_Blue_Heron_catching_a_fish_on_a_Chesapeake_Bay_beach_at_sunset__Maryland__USA_horiz.jpg,evening,,,,USA,usa,country,39.8283,-98.5795,NA,gazetteer,med
evening\Great_Ocean_Road_at_night_under_Milky_Way__Victoria__Australia_horiz.jpg,Great_Ocean_Road_at_night_under_Milky_Way__Victoria__Australia_horiz.jpg,evening,,,,Australia,australia,country,-25.2744,133.7751,OC,gazetteer,med
evening\Green_aurora_borealis_at_Polygonal_Lakes_at_night__Khibiny_mountains__Kola_Peninsula__Russia_horiz.jpg,Green_aurora_borealis_at_Polygonal_Lakes_at_night__Khibiny_mountains__Kola_Peninsula__Russia_horiz.jpg,evening,,,,,,,,,,,
evening\Green_kelp_covered_beach_at_Porte_d__039_Aval_at_dusk___tretat__Seine_Maritime__Normandy__France_vert.jpg,Green_kelp_covered_beach_at_Porte_d__039_Aval_at_dusk___tretat__Seine_Maritime__Normandy__France_vert.jpg,evening,,,,France,france,country,46.2276,2.2137,EU,gazetteer,med
evening\Green_mountain_sunset_with_sun_and_rainbow__Iceland_vert.jpg,Green_mountain_sunset_with_sun_and_rainbow__Iceland_vert.jpg,evening,,,,Iceland,iceland,country,64.9631,-19.0208,EU,gazetteer,med
evening\Griffith_Park_Observatory_and_Los_Angeles_city_at_night__California__USA_vert.jpg,Griffith_Park_Observatory_and_Los_Angeles_city_at_night__California__USA_vert.jpg,evening,,,California,USA,california,state,36.7783,-119.4179,NA,gazetteer,med
evening\Group_of_llamas_walking_at_the_foot_of_Tunupa_volcano_at_sunset__Potosi__Bolivia_vert.jpg,Group_of_llamas_walking_at_the_foot_of_Tunupa_volcano_at_sunset__Potosi__Bolivia_vert.jpg,evening,,,,,,,,,,,
evening\Gusela_mountain_in_a_starry_night_with_clouds__Giau_Pass__Dolomites__Veneto__Italy_vert.jpg,Gusela_mountain_in_a_starry_night_with_clouds__Giau_Pass__Dolomites__Veneto__Italy_vert.jpg,evening,,,,Italy,italy,country,41.8719,12.5674,EU,gazetteer,med
evening\Hallett_Cove_park_boardwalk_at_sunset__South_Australia_vert.jpg,Hallett_Cove_park_boardwalk_at_sunset__South_Australia_vert.jpg,evening,,,,Australia,australia,country,-25.2744,133.7751,OC,gazetteer,med
evening\Hangzhou_West_Lake_with_Jixian_Pavilion_at_sunset__China_horiz.jpg,Hangzhou_West_Lake_with_Jixian_Pavilion_at_sunset__China_horiz.jpg,evening,,,,,,,,,,,
evening\Harbour_Bridge_with_climbers_at_sunset__Sydney__Australia_horiz.jpg,Harbour_Bridge_with_climbers_at_sunset__Sydney__Australia_horiz.jpg,evening,,Sydney,,Australia,sydney,city,-33.8688,151.2093,OC,gazetteer,high
evening\Harvested_rice_fields_at_sunset_near_Yangshuo__Guangxi_Region_of_China_horiz.jpg,Harvested_rice_fields_at_sunset_near_Yangshuo__Guangxi_Region_of_China_horiz.jpg,evening,,,,,,,,,,,
evening\Havasu_Falls_before_sunset_view_from_above__Grand_Canyon__Supai__Arizona__USA_horiz.jpg,Havasu_Falls_before_sunset_view_from_above__Grand_Canyon__Supai__Arizona__USA_horiz.jpg,evening,,,Arizona,USA,arizona,state,34.0489,-111.0937,NA,gazetteer,med
evening\Havasu_Falls_before_sunset__Supai__Grand_Canyon__Arizona__USA_vert.jpg,Havasu_Falls_before_sunset__Supai__Grand_Canyon__Arizona__USA_vert.jpg,evening,,,Arizona,USA,arizona,state,34.0489,-111.0937,NA,gazetteer,med
evening\Hawa_Mahal_palace_in_night__Jaipur__Rajasthan__India_horiz.jpg,Hawa_Mahal_palace_in_night__Jaipur__Rajasthan__India_horiz.jpg,evening,,,,,,,,,,,
evening\Hayden_Valley_with_sunset_reflected_in_the_river_in_Yellowstone_National_Park__Wyoming__USA_vert.jpg,Hayden_Valley_with_sunset_reflected_in_the_river_in_Yellowstone_National_Park__Wyoming__USA_vert.jpg,evening,,,,USA,usa,country,39.8283,-98.5795,NA,gazetteer,med
evening\Ha_Long_Bay_at_sunset__Qu_ng_Ninh_province__Vietnam_horiz.jpg,Ha_Long_Bay_at_sunset__Qu_ng_Ninh_province__Vietnam_horiz.jpg,evening,,,,Vietnam,vietnam,country,14.0583,108.2772,AS,gazetteer,med
evening\Helf_t_n__Helfenstein__Helfstein__castle_aerial_view_at_sunset__Central_Moravia__Czech_Republic_horiz.jpg,Helf_t_n__Helfenstein__Helfstein__castle_aerial_view_at_sunset__Central_Moravia__Czech_Republic_horiz.jpg,evening,,,,,,,,,,,
evening\High_angle_view_of_a_lake_at_sunset__Lake_Tahoe__Sierra_Nevada__California__USA_vert.jpg,High_angle_view_of_a_lake_at_sunset__Lake_Tahoe__Sierra_Nevada__California__USA_vert.jpg,evening,,,Nevada,USA,nevada,state,38.8026,-116.4194,NA,gazetteer,med
evening\High_angle_view_of_illuminated_city_against_sky_at_night__Cologne__Germany_horiz.jpg,High_angle_view_of_illuminated_city_against_sky_at_night__Cologne__Germany_horiz.jpg,evening,,,,,,,,,,,
evening\High_angle_view_of_St_Abb__039_s_Head_Lighthouse_at_night__Eyemouth__Berwickshire__Scotland__UK_horiz.jpg,High_angle_view_of_St_Abb__039_s_Head_Lighthouse_at_night__Eyemouth__Berwickshire__Scotland__UK_horiz.jpg,evening,,,,,,,,,,,
evening\Hiking_in_Sedona_to_catch_the_sunset_at_Devils_Bridge__Arizona__USA_horiz.jpg,Hiking_in_Sedona_to_catch_the_sunset_at_Devils_Bridge__Arizona__USA_horiz.jpg,evening,,,Arizona,USA,arizona,state,34.0489,-111.0937,NA,gazetteer,med
evening\Hilly_trail_through_the_forest_at_sunset__Russia_horiz.jpg,Hilly_trail_through_the_forest_at_sunset__Russia_horiz.jpg,evening,,,,,,,,,,,
evening\Himalayas_mount_Everest_during_a_foggy_sunset_night__Sagarmatha_National_Park__Nepal_vert.jpg,Himalayas_mount_Everest_during_a_foggy_sunset_night__Sagarmatha_National_Park__Nepal_vert.jpg,evening,,,,,,,,,,,
evening\Historical_downtown_of_Ghent_during_sunset_twilight_blue_hour__Belgium_horiz.jpg,Historical_downtown_of_Ghent_during_sunset_twilight_blue_hour__Belgium_horiz.jpg,evening,,,,,,,,,,,
evening\Holiday_cottage_by_the_sea_in_the_evening_light__Sk_rhamn_on_the_Island_of_Tj_rn__Sweden_horiz.jpg,Holiday_cottage_by_the_sea_in_the_evening_light__Sk_rhamn_on_the_Island_of_Tj_rn__Sweden_horiz.jpg,evening,,,,,,,,,,,
evening\Hong_Kong_typhoon_shelter_at_night__Stonecutters_Island__Hong_Kong_horiz.jpg,Hong_Kong_typhoon_shelter_at_night__Stonecutters_Island__Hong_Kong_horiz.jpg,evening,,,,,,,,,,,
evening\Hoodoos_of_Bisti_Badlands_in_De_Na_Zin_Wilderness_at_sunset__New_Mexico__USA_horiz.jpg,Hoodoos_of_Bisti_Badlands_in_De_Na_Zin_Wilderness_at_sunset__New_Mexico__USA_horiz.jpg,evening,,,,USA,usa,country,39.8283,-98.5795,NA,gazetteer,med
evening\Horse_running_at_sunset__Santa_Barbara_Beach__California__USA_vert.jpg,Horse_running_at_sunset__Santa_Barbara_Beach__California__USA_vert.jpg,evening,,,California,USA,california,state,36.7783,-119.4179,NA,gazetteer,med
evening\Hotel_facade_and_palm_tree_at_sunset_in_Cannes__France_horiz.jpg,Hotel_facade_and_palm_tree_at_sunset_in_Cannes__France_horiz.jpg,evening,,,,France,france,country,46.2276,2.2137,EU,gazetteer,med
evening\Hot_air_balloons_flying_over_champagne_vineyards_at_sunset__Montagne_de_Reims__France_horiz.jpg,Hot_air_balloons_flying_over_champagne_vineyards_at_sunset__Montagne_de_Reims__France_horiz.jpg,evening,,,,France,france,country,46.2276,2.2137,EU,gazetteer,med
evening\Hot_Air_Balloon_Festival_night_glow__Monore__Wisconsin__USA_vert.jpg,Hot_Air_Balloon_Festival_night_glow__Monore__Wisconsin__USA_vert.jpg,evening,,,,USA,usa,country,39.8283,-98.5795,NA,gazetteer,med
evening\Houses_and_churches_in_twilight_after_sunset__Oia__Santorini_Island__Cyclades__Greece_vert.jpg,Houses_and_churches_in_twilight_after_sunset__Oia__Santorini_Island__Cyclades__Greece_vert.jpg,evening,,,,Greece,greece,country,39.0742,21.8243,EU,gazetteer,med
evening\Humanoid_formations_at_Devil__039_s_Garden_near_Escalante_before_sunset__Utah__USA_horiz.jpg,Humanoid_formations_at_Devil__039_s_Garden_near_Escalante_before_sunset__Utah__USA_horiz.jpg,evening,,,Utah,USA,utah,state,39.321,-111.0937,NA,gazetteer,med
evening\Icebergs_melting_in_the_midsummer_night_at_J_kuls_rl_n__Iceland_horiz.jpg,Icebergs_melting_in_the_midsummer_night_at_J_kuls_rl_n__Iceland_horiz.jpg,evening,,,,Iceland,iceland,country,64.9631,-19.0208,EU,gazetteer,med
evening\Ice_covered_sea_rocks_in_evening__Helsinki__Finland_horiz.jpg,Ice_covered_sea_rocks_in_evening__Helsinki__Finland_horiz.jpg,evening,,,,,,,,,,,
evening\Ice_on_Fire___Sunset_at_J_kuls_rl_n_Glacier_Lagoon__Iceland_horiz.jpg,Ice_on_Fire___Sunset_at_J_kuls_rl_n_Glacier_Lagoon__Iceland_horiz.jpg,evening,,,,Iceland,iceland,country,64.9631,-19.0208,EU,gazetteer,med
evening\Illuminated_Christmas_tree_with_sleigh_in_front_of_alpine_hut_at_dusk__Flachau__Salzburg_Country__Austria_horiz.jpg,Illuminated_Christmas_tree_with_sleigh_in_front_of_alpine_hut_at_dusk__Flachau__Salzburg_Country__Austria_horiz.jpg,evening,,,,,,,,,,,
evening\Illuminated_Church_of_Our_Lady_before_T_n_in_Prague_on_a_Christmas_evening__Czech_Republic_horiz.jpg,Illuminated_Church_of_Our_Lady_before_T_n_in_Prague_on_a_Christmas_evening__Czech_Republic_horiz.jpg,evening,,,,,,,,,,,
evening\Illuminated_Ferenc_Pusk_s_Stadium_in_Budapest_at_dusk__Hungary_horiz.jpg,Illuminated_Ferenc_Pusk_s_Stadium_in_Budapest_at_dusk__Hungary_horiz.jpg,evening,,,,,,,,,,,
evening\Illuminated_footbridge_at_night__Venice__Italy_horiz.jpg,Illuminated_footbridge_at_night__Venice__Italy_horiz.jpg,evening,,,,Italy,italy,country,41.8719,12.5674,EU,gazetteer,med
evening\Illuminated_L_nge_Jan_lighthouse_at_dusk__south_cape_of__land_island__Sweden_horiz.jpg,Illuminated_L_nge_Jan_lighthouse_at_dusk__south_cape_of__land_island__Sweden_horiz.jpg,evening,,,,,,,,,,,
evening\Illuminated_Palace_of_Fine_Arts_during_the_blue_hour_at_sunset__San_Francisco__California__USA_vert.jpg,Illuminated_Palace_of_Fine_Arts_during_the_blue_hour_at_sunset__San_Francisco__California__USA_vert.jpg,evening,,San Francisco,California,USA,san francisco,city,37.7749,-122.4194,NA,gazetteer,high
evening\Illuminated_Shirakawa_g__traditional_village_at_winter_dusk__Gifu__Japan_vert.jpg,Illuminated_Shirakawa_g__traditional_village_at_winter_dusk__Gifu__Japan_vert.jpg,evening,,,,Japan,japan,country,36.2048,138.2529,AS,gazetteer,med
evening\International_Finance_Centre_aerial_view_at_sunset__Hong_Kong_Island_horiz.jpg,International_Finance_Centre_aerial_view_at_sunset__Hong_Kong_Island_horiz.jpg,evening,,,,,,,,,,,
evening\Jal_Mahal__Water_Palace__on_Man_Sagar_Lake_in_the_evening_twilight__Jaipur__Rajasthan__India_horiz.jpg,Jal_Mahal__Water_Palace__on_Man_Sagar_Lake_in_the_evening_twilight__Jaipur__Rajasthan__India_horiz.jpg,evening,,,,,,,,,,,
evening\Joshua_trees_at_sunset__Joshua_Tree_National_Park__California__USA_horiz.jpg,Joshua_trees_at_sunset__Joshua_Tree_National_Park__California__USA_horiz.jpg,evening,,,California,USA,california,state,36.7783,-119.4179,NA,gazetteer,med
evening\Joshua_tree_national_park_at_sunset__California__USA_horiz.jpg,Joshua_tree_national_park_at_sunset__California__USA_horiz.jpg,evening,,,California,USA,california,state,36.7783,-119.4179,NA,gazetteer,med
evening\J_kuls_rl_n_Diamonds__volcanic_black_beach_after_sunset__Iceland_horiz.jpg,J_kuls_rl_n_Diamonds__volcanic_black_beach_after_sunset__Iceland_horiz.jpg,evening,,,,Iceland,iceland,country,64.9631,-19.0208,EU,gazetteer,med
evening\Karumba_Point_beach_at_sunset__North_Queensland__Australia_horiz.jpg,Karumba_Point_beach_at_sunset__North_Queensland__Australia_horiz.jpg,evening,,,,Australia,australia,country,-25.2744,133.7751,OC,gazetteer,med
evening\Kayakers_on_the_coast_at_sunset__Firth_of_Clyde__Greenock__Scotland__UK_vert.jpg,Kayakers_on_the_coast_at_sunset__Firth_of_Clyde__Greenock__Scotland__UK_vert.jpg,evening,,,,,,,,,,,
evening\Keizersgracht_Canal_at_dusk__Amsterdam__Netherlands_horiz.jpg,Keizersgracht_Canal_at_dusk__Amsterdam__Netherlands_horiz.jpg,evening,,Amsterdam,,,amsterdam,city,52.3676,4.9041,EU,gazetteer,high
evening\Kermorvan_lighthouse_at_sunset__Le_Conquet__Finist_re__Brittany__France_horiz.jpg,Kermorvan_lighthouse_at_sunset__Le_Conquet__Finist_re__Brittany__France_horiz.jpg,evening,,,,France,france,country,46.2276,2.2137,EU,gazetteer,med
evening\Kicker_Rock_formation__Leon_Dormido__at_sunset__San_Cristobal_Island__Galapagos__Ecuador_horiz.jpg,Kicker_Rock_formation__Leon_Dormido__at_sunset__San_Cristobal_Island__Galapagos__Ecuador_horiz.jpg,evening,,,,,,,,,,,
evening\Kilchurn_Castle_at_Loch_Awe_at_sunset_in_Argyll_and_Bute__Scotland_highlands__UK_vert.jpg,Kilchurn_Castle_at_Loch_Awe_at_sunset_in_Argyll_and_Bute__Scotland_highlands__UK_vert.jpg,evening,,,,,,,,,,,
evening\Kufstein_Old_Town_with_medieval_fortress_on_a_rock_over_the_Inn_river_at_sunset__Austria_horiz.jpg,Kufstein_Old_Town_with_medieval_fortress_on_a_rock_over_the_Inn_river_at_sunset__Austria_horiz.jpg,evening,,,,,,,,,,,
evening\Lake_Lago_Pehoe_and_Cuernos_del_Paine__sunset_in_Torres_del_Paine_National_Park__Chile_horiz.jpg,Lake_Lago_Pehoe_and_Cuernos_del_Paine__sunset_in_Torres_del_Paine_National_Park__Chile_horiz.jpg,evening,,,,,,,,,,,
evening\Lake_Pehoe_and_the_Cordillera_del_Paine_at_sunset__Torres_del_Paine__Chile_vert.jpg,Lake_Pehoe_and_the_Cordillera_del_Paine_at_sunset__Torres_del_Paine__Chile_vert.jpg,evening,,,,,,,,,,,
evening\Lake_Superior_at_winter_dusk__Thunder_Bay__Ontario__Canada_horiz.jpg,Lake_Superior_at_winter_dusk__Thunder_Bay__Ontario__Canada_horiz.jpg,evening,,,,,,,,,,,
evening\Lake_Superior_near_Munising_sea_cave_sunset__Pictured_Rocks_National_Lakeshore__Michigan__USA_horiz.jpg,Lake_Superior_near_Munising_sea_cave_sunset__Pictured_Rocks_National_Lakeshore__Michigan__USA_horiz.jpg,evening,,,Michigan,USA,michigan,state,44.3148,-85.6024,NA,gazetteer,med
evening\Lake_Tahoe_in_purple_sunset__Sierra_Nevada__USA_vert.jpg,Lake_Tahoe_in_purple_sunset__Sierra_Nevada__USA_vert.jpg,evening,,,Nevada,USA,nevada,state,38.8026,-116.4194,NA,gazetteer,med
evening\Lalu_with_stars_and_Milky_Way_at_summer_night__Sa_Kaeo_province__Grand_Canyon_of_Thailand_horiz.jpg,Lalu_with_stars_and_Milky_Way_at_summer_night__Sa_Kaeo_province__Grand_Canyon_of_Thailand_horiz.jpg,evening,,,,Thailand,thailand,country,15.87,100.9925,AS,gazetteer,med
evening\Landscape_aerial_panorama_with_mountains_and_coast_at_sunset__scenic_road_in_Iceland_vert.jpg,Landscape_aerial_panorama_with_mountains_and_coast_at_sunset__scenic_road_in_Iceland_vert.jpg,evening,,,,Iceland,iceland,country,64.9631,-19.0208,EU,gazetteer,med
evening\Landscape_at_sunset_in_Deogyusan_National_Park_in_winter__South_Korea_horiz.jpg,Landscape_at_sunset_in_Deogyusan_National_Park_in_winter__South_Korea_horiz.jpg,evening,,,,,,,,,,,
evening\Landscape_of_South_Africa_with_warm_sunset__Kruger_National_Park_vert.jpg,Landscape_of_South_Africa_with_warm_sunset__Kruger_National_Park_vert.jpg,evening,,,,,,,,,,,
evening\Landscape_of_tropical_island_beach_during_sunset_at_Koh_Chang_Island__Thailand_horiz.jpg,Landscape_of_tropical_island_beach_during_sunset_at_Koh_Chang_Island__Thailand_horiz.jpg,evening,,,,Thailand,thailand,country,15.87,100.9925,AS,gazetteer,med
evening\Landscape_with_a_sunset_sky_and_white_flowers_on_the_rocks_in_the_spring__Dobrogea__Romania_horiz.jpg,Landscape_with_a_sunset_sky_and_white_flowers_on_the_rocks_in_the_spring__Dobrogea__Romania_horiz.jpg,evening,,,,,,,,,,,
evening\Landscape_with_poppies_in_Val_d__039_Orcia_at_sunset__Tuscany__Italy_horiz.jpg,Landscape_with_poppies_in_Val_d__039_Orcia_at_sunset__Tuscany__Italy_horiz.jpg,evening,,,,Italy,italy,country,41.8719,12.5674,EU,gazetteer,med
evening\Las_Vegas_Strip_view_from_a_distance_during_sunset__Nevada__USA_horiz.jpg,Las_Vegas_Strip_view_from_a_distance_during_sunset__Nevada__USA_horiz.jpg,evening,,,Nevada,USA,nevada,state,38.8026,-116.4194,NA,gazetteer,med
evening\Laurel_forest_under_scenic_sunset__Madeira__Portugal_horiz.jpg,Laurel_forest_under_scenic_sunset__Madeira__Portugal_horiz.jpg,evening,,,,Portugal,portugal,country,39.3999,-8.2245,EU,gazetteer,med
evening\Lavender_field_at_sunset__Provence_Alpes_C_te_d__039_Azur__France_vert.jpg,Lavender_field_at_sunset__Provence_Alpes_C_te_d__039_Azur__France_vert.jpg,evening,,,,France,france,country,46.2276,2.2137,EU,gazetteer,med
evening\La_Almudena_Cathedral_and_the_Royal_Palace_in_the_evening__Madrid__Spain_vert.jpg,La_Almudena_Cathedral_and_the_Royal_Palace_in_the_evening__Madrid__Spain_vert.jpg,evening,,,,Spain,spain,country,40.4637,-3.7492,EU,gazetteer,med
evening\Leonard_P__Zakim_Bunker_Hill_Memorial_Bridge_at_sunset__Boston__Massachusetts__USA_horiz.jpg,Leonard_P__Zakim_Bunker_Hill_Memorial_Bridge_at_sunset__Boston__Massachusetts__USA_horiz.jpg,evening,,,,USA,usa,country,39.8283,-98.5795,NA,gazetteer,med
evening\Les_calanches_de_Piana_at_sunset__Corsica__France_vert.jpg,Les_calanches_de_Piana_at_sunset__Corsica__France_vert.jpg,evening,,,,France,france,country,46.2276,2.2137,EU,gazetteer,med
evening\Le_Mont_Saint_Michel_at_dusk__Normandy__France_vert.jpg,Le_Mont_Saint_Michel_at_dusk__Normandy__France_vert.jpg,evening,,,,France,france,country,46.2276,2.2137,EU,gazetteer,med
evening\Le_Mont_Saint_Michel_tidal_island_in_twilight_at_dusk__Normandy__France_vert.jpg,Le_Mont_Saint_Michel_tidal_island_in_twilight_at_dusk__Normandy__France_vert.jpg,evening,,,,France,france,country,46.2276,2.2137,EU,gazetteer,med
evening\Lifeguard_sunsets__Venice_Beach__California__USA_vert.jpg,Lifeguard_sunsets__Venice_Beach__California__USA_vert.jpg,evening,,,California,USA,california,state,36.7783,-119.4179,NA,gazetteer,med
evening\Lifeguard_tower_with_palm_trees_on_a_beach_at_sunset__San_Diego__California__USA_horiz.jpg,Lifeguard_tower_with_palm_trees_on_a_beach_at_sunset__San_Diego__California__USA_horiz.jpg,evening,,,California,USA,california,state,36.7783,-119.4179,NA,gazetteer,med
evening\Lighthouse_by_sea_against_sky_at_sunset__Landsort___ja_island__Stockholm_archipelago__Sweden_horiz.jpg,Lighthouse_by_sea_against_sky_at_sunset__Landsort___ja_island__Stockholm_archipelago__Sweden_horiz.jpg,evening,,,,,,,,,,,
evening\Lighthouse_of_Cap_de_Formentor_around_sunset__Mallorca__Pollen_a__Balearic_Islands__Spain_horiz.jpg,Lighthouse_of_Cap_de_Formentor_around_sunset__Mallorca__Pollen_a__Balearic_Islands__Spain_horiz.jpg,evening,,,,Spain,spain,country,40.4637,-3.7492,EU,gazetteer,med
evening\Lighthouse_on_the_C_te_de_Granit_Rose_at_sunset__Brittany__France_horiz.jpg,Lighthouse_on_the_C_te_de_Granit_Rose_at_sunset__Brittany__France_horiz.jpg,evening,,,,France,france,country,46.2276,2.2137,EU,gazetteer,med
evening\Lightning_storm_at_dusk_over_Kowloon_Bay__Hong_Kong_horiz.jpg,Lightning_storm_at_dusk_over_Kowloon_Bay__Hong_Kong_horiz.jpg,evening,,,,,,,,,,,
evening\Light_painting_on_lavender_field_at_night__near_Shumen__Bulgaria_horiz.jpg,Light_painting_on_lavender_field_at_night__near_Shumen__Bulgaria_horiz.jpg,evening,,,,,,,,,,,
evening\Light_trails_along_a_road_curve_at_coast_during_sunset__Pistol_River_State_Park__Oregon__USA_horiz.jpg,Light_trails_along_a_road_curve_at_coast_during_sunset__Pistol_River_State_Park__Oregon__USA_horiz.jpg,evening,,,Oregon,USA,oregon,state,43.8041,-120.5542,NA,gazetteer,med
evening\Light_trails_on_road_at_night__Frankfurt__Germany_vert.jpg,Light_trails_on_road_at_night__Frankfurt__Germany_vert.jpg,evening,,,,,,,,,,,
evening\Light_under_bridge_after_sunset__Lihu_Bridge_of_Wuxi__Jiangsu__China_horiz.jpg,Light_under_bridge_after_sunset__Lihu_Bridge_of_Wuxi__Jiangsu__China_horiz.jpg,evening,,,,,,,,,,,
evening\Lilac_rainy_evening_at_the_Zhivopisny_Bridge_in_Moscow__Russia_horiz.jpg,Lilac_rainy_evening_at_the_Zhivopisny_Bridge_in_Moscow__Russia_horiz.jpg,evening,,,,,,,,,,,
evening\Little_village_Stuben_am_Arlberg_with_mountain_pass_at_night__Kl_sterle__Austria_vert.jpg,Little_village_Stuben_am_Arlberg_with_mountain_pass_at_night__Kl_sterle__Austria_vert.jpg,evening,,,,,,,,,,,
evening\Loch_Katerine_at_sunset_in_summer__Loch_Lomond_and_The_Trossachs_National_Park__Scotland__UK_horiz.jpg,Loch_Katerine_at_sunset_in_summer__Loch_Lomond_and_The_Trossachs_National_Park__Scotland__UK_horiz.jpg,evening,,,,,,,,,,,
evening\London_at_night__Houses_of_Parliament_and_Big_Ben__England__UK_horiz.jpg,London_at_night__Houses_of_Parliament_and_Big_Ben__England__UK_horiz.jpg,evening,,London,,,london,city,51.5074,-0.1278,EU,gazetteer,high
evening\Lone_tree_and_Limestone_Pavement_at_sunset__Settle__Yorkshire__England__UK_vert.jpg,Lone_tree_and_Limestone_Pavement_at_sunset__Settle__Yorkshire__England__UK_vert.jpg,evening,,,,,,,,,,,
evening\Long_time_exposure_landscape_with_lake_after_sunset__Lake_Varna__Bulgaria_vert.jpg,Long_time_exposure_landscape_with_lake_after_sunset__Lake_Varna__Bulgaria_vert.jpg,evening,,,,,,,,,,,
evening\Looking_down_the_Grand_Canal_on_sunset_from_Rialto_Bridge__Venice__Italy_horiz.jpg,Looking_down_the_Grand_Canal_on_sunset_from_Rialto_Bridge__Venice__Italy_horiz.jpg,evening,,,,Italy,italy,country,41.8719,12.5674,EU,gazetteer,med
evening\Los_Angeles_Skyline_at_sunset_classic_view__California__USA_vert.jpg,Los_Angeles_Skyline_at_sunset_classic_view__California__USA_vert.jpg,evening,,,California,USA,california,state,36.7783,-119.4179,NA,gazetteer,med
evening\Los_Angeles_skyline_at_sunset__California__USA_horiz.jpg,Los_Angeles_skyline_at_sunset__California__USA_horiz.jpg,evening,,,California,USA,california,state,36.7783,-119.4179,NA,gazetteer,med
evening\Los_Cuernos_mountains_reflecting_in_a_puddle_at_sunset__Torres_del_Paine_National_Park__Chile_horiz.jpg,Los_Cuernos_mountains_reflecting_in_a_puddle_at_sunset__Torres_del_Paine_National_Park__Chile_horiz.jpg,evening,,,,,,,,,,,
evening\Lots_of_stars_in_clear_sky_at_winter_night__Iceland_vert.jpg,Lots_of_stars_in_clear_sky_at_winter_night__Iceland_vert.jpg,evening,,,,Iceland,iceland,country,64.9631,-19.0208,EU,gazetteer,med
evening\Lowry_Theatre_and_bridge_reflections_at_sunset__Salford_Quays__Manchester__England__UK_horiz.jpg,Lowry_Theatre_and_bridge_reflections_at_sunset__Salford_Quays__Manchester__England__UK_horiz.jpg,evening,,,,,,,,,,,
evening\Lupines_at_a_mountain_top_at_spring_sunset__Big_Sur__Califormia__USA_horiz.jpg,Lupines_at_a_mountain_top_at_spring_sunset__Big_Sur__Califormia__USA_horiz.jpg,evening,Big Sur,,,USA,big sur,landmark,36.3615,-121.8563,NA,gazetteer,high
evening\Luxor_sunset_on_the_Nile_River__Aswan__Egypt_horiz.jpg,Luxor_sunset_on_the_Nile_River__Aswan__Egypt_horiz.jpg,evening,,,,,,,,,,,
evening\Manarola_village_and_the_coastal_cliff_over_the_sea_at_sunset__Cinque_Terre__La_Spezia__Italy_horiz.jpg,Manarola_village_and_the_coastal_cliff_over_the_sea_at_sunset__Cinque_Terre__La_Spezia__Italy_horiz.jpg,evening,Cinque Terre,,,Italy,cinque terre,landmark,44.146,9.655,EU,gazetteer,high
evening\Manarola_village_at_sunset__Cinque_Terre__La_Spezia_district__Italy_horiz.jpg,Manarola_village_at_sunset__Cinque_Terre__La_Spezia_district__Italy_horiz.jpg,evening,Cinque Terre,,,Italy,cinque terre,landmark,44.146,9.655,EU,gazetteer,high
evening\Mangrove_trees_at_Walakiri_Beach_during_sunset__Sumba_Island__East_Nusa_Tenggara__Indonesia_vert.jpg,Mangrove_trees_at_Walakiri_Beach_during_sunset__Sumba_Island__East_Nusa_Tenggara__Indonesia_vert.jpg,evening,,,,,,,,,,,
evening\Manhattan_Bridge_over_East_River_at_sunset__New_York_City__USA_vert.jpg,Manhattan_Bridge_over_East_River_at_sunset__New_York_City__USA_vert.jpg,evening,,New York,,USA,new york,city,40.7128,-74.006,NA,gazetteer,high
evening\Manhattan_Skyline_at_dusk__New_York_City__USA_vert.jpg,Manhattan_Skyline_at_dusk__New_York_City__USA_vert.jpg,evening,,New York,,USA,new york,city,40.7128,-74.006,NA,gazetteer,high
evening\Manhattan_skyline__New_York_City_at_sunset__USA_vert.jpg,Manhattan_skyline__New_York_City_at_sunset__USA_vert.jpg,evening,,New York,,USA,new york,city,40.7128,-74.006,NA,gazetteer,high
evening\Manhattan_sunset_view_from_Long_Island__New_York_City__USA_horiz.jpg,Manhattan_sunset_view_from_Long_Island__New_York_City__USA_horiz.jpg,evening,,New York,,USA,new york,city,40.7128,-74.006,NA,gazetteer,high
evening\Man_standing_on_beach_looking_at_the_sunset__Western_Australia_horiz.jpg,Man_standing_on_beach_looking_at_the_sunset__Western_Australia_horiz.jpg,evening,,,,Australia,australia,country,-25.2744,133.7751,OC,gazetteer,med
evening\Marshall_Point_Lighthouse_panorama_at_autumn_sunset__Port_Clyde_Harbor__Maine__USA_horiz.jpg,Marshall_Point_Lighthouse_panorama_at_autumn_sunset__Port_Clyde_Harbor__Maine__USA_horiz.jpg,evening,,,,USA,usa,country,39.8283,-98.5795,NA,gazetteer,med
evening\Marshall__039_s_Beach_with_Golden_Gate_Bridge_at_sunset__San_Francisco__California__USA_vert.jpg,Marshall__039_s_Beach_with_Golden_Gate_Bridge_at_sunset__San_Francisco__California__USA_vert.jpg,evening,,San Francisco,California,USA,san francisco,city,37.7749,-122.4194,NA,gazetteer,high
evening\Matterhorn_peak_at_sunset_reflected_in_Stellisee_Lake__Swiss_Alps__Zermatt__Switzerland_vert.jpg,Matterhorn_peak_at_sunset_reflected_in_Stellisee_Lake__Swiss_Alps__Zermatt__Switzerland_vert.jpg,evening,,,,,,,,,,,
evening\Mauna_Kea_telescopes_at_sunset__Big_Island__Hawaii__USA_vert.jpg,Mauna_Kea_telescopes_at_sunset__Big_Island__Hawaii__USA_vert.jpg,evening,,,Hawaii,USA,hawaii,state,20.7984,-156.3319,NA,gazetteer,med
evening\Medieval_Castle_of_Almourol_on_River_Tagus_at_dusk__Ribatejo__Portugal_horiz.jpg,Medieval_Castle_of_Almourol_on_River_Tagus_at_dusk__Ribatejo__Portugal_horiz.jpg,evening,,,,Portugal,portugal,country,39.3999,-8.2245,EU,gazetteer,med
evening\Milky_Way_above_mountains_in_fog_at_night_in_autumn__Passo_Giau__Dolomites__Italy_horiz.jpg,Milky_Way_above_mountains_in_fog_at_night_in_autumn__Passo_Giau__Dolomites__Italy_horiz.jpg,evening,,,,Italy,italy,country,41.8719,12.5674,EU,gazetteer,med
evening\Milky_way_above_red_Wadi_Rum_desert_at_night__Jordan_horiz.jpg,Milky_way_above_red_Wadi_Rum_desert_at_night__Jordan_horiz.jpg,evening,,,,,,,,,,,
evening\Milky_Way_above_sea_coast_and_snow_covered_mountains_in_winter_night__Lofoten_Islands__Norway_vert.jpg,Milky_Way_above_sea_coast_and_snow_covered_mountains_in_winter_night__Lofoten_Islands__Norway_vert.jpg,evening,Lofoten Islands,,,Norway,lofoten islands,landmark,68.209,13.8456,EU,gazetteer,high
evening\Milky_way_and_Mont_Blanc_reflected_in_Lake_Cheserys_by_night__France_horiz.jpg,Milky_way_and_Mont_Blanc_reflected_in_Lake_Cheserys_by_night__France_horiz.jpg,evening,,,,France,france,country,46.2276,2.2137,EU,gazetteer,med
evening\Milky_way_over_hoodoos_at_summer_night__Bryce_Canyon_National_Park__Utah__USA_vert.jpg,Milky_way_over_hoodoos_at_summer_night__Bryce_Canyon_National_Park__Utah__USA_vert.jpg,evening,,,Utah,USA,utah,state,39.321,-111.0937,NA,gazetteer,med
evening\Milky_way_over_landscape_of_rock_field_at_Sam_Pan_Bok_during_night__Thailand_vert.jpg,Milky_way_over_landscape_of_rock_field_at_Sam_Pan_Bok_during_night__Thailand_vert.jpg,evening,,,,Thailand,thailand,country,15.87,100.9925,AS,gazetteer,med
evening\Milky_way_over_the_calm_Tai_Tam_Park_reservoir_at_night__Hong_Kong_vert.jpg,Milky_way_over_the_calm_Tai_Tam_Park_reservoir_at_night__Hong_Kong_vert.jpg,evening,,,,,,,,,,,
evening\Mitre_Peak_sunset_view_in_Milford_Sound__Fiordland__South_Island_of_New_Zealand_vert.jpg,Mitre_Peak_sunset_view_in_Milford_Sound__Fiordland__South_Island_of_New_Zealand_vert.jpg,evening,,,,New Zealand,new zealand,country,-40.9006,174.886,OC,gazetteer,med
evening\Moai_at_Rano_Raraku_Volcano_at_sunset__Easter_Island__Valparaiso__Chile_horiz.jpg,Moai_at_Rano_Raraku_Volcano_at_sunset__Easter_Island__Valparaiso__Chile_horiz.jpg,evening,,,,,,,,,,,
evening\Mobius_Arch_at_night_with_Milky_Way__Alabama_Hills_range_in_Inyo_County__California__USA_vert.jpg,Mobius_Arch_at_night_with_Milky_Way__Alabama_Hills_range_in_Inyo_County__California__USA_vert.jpg,evening,,,California,USA,california,state,36.7783,-119.4179,NA,gazetteer,med
evening\Moments_in_Between__night_view_of_Meydan_Bridge_in_Dubai__UAE_vert.jpg,Moments_in_Between__night_view_of_Meydan_Bridge_in_Dubai__UAE_vert.jpg,evening,,,,,,,,,,,
evening\Mono_Lake_Sunset__Mono_County__California__USA_horiz.jpg,Mono_Lake_Sunset__Mono_County__California__USA_horiz.jpg,evening,,,California,USA,california,state,36.7783,-119.4179,NA,gazetteer,med
evening\Montreal_at_dusk_with_urban_skyscrapers_viewed_from_Mont_Royal__Canada_horiz.jpg,Montreal_at_dusk_with_urban_skyscrapers_viewed_from_Mont_Royal__Canada_horiz.jpg,evening,,,,,,,,,,,
evening\Montreal_city_skyline_lit_up_at_night__Quebec__Canada_vert.jpg,Montreal_city_skyline_lit_up_at_night__Quebec__Canada_vert.jpg,evening,,,,,,,,,,,
evening\Mont_Blanc_mountain_range_view_on_peak_and_glacier_at_sunset__Chamonix_Mont_Blanc__France_vert.jpg,Mont_Blanc_mountain_range_view_on_peak_and_glacier_at_sunset__Chamonix_Mont_Blanc__France_vert.jpg,evening,,,,France,france,country,46.2276,2.2137,EU,gazetteer,med
evening\Moody_sky_over_Braeburn_Range_at_dusk__New_Zealand_South_Island_horiz.jpg,Moody_sky_over_Braeburn_Range_at_dusk__New_Zealand_South_Island_horiz.jpg,evening,,,,New Zealand,new zealand,country,-40.9006,174.886,OC,gazetteer,med
evening\Moonrise_and_sunset_over_the_pier_on_Los_Muertos_Beach___Puerto_Vallarta__Mexico_vert.jpg,Moonrise_and_sunset_over_the_pier_on_Los_Muertos_Beach___Puerto_Vallarta__Mexico_vert.jpg,evening,,,,,,,,,,,
evening\Moon_over_palm_trees_at_dusk__Hollywood__Los_Angeles__California__USA_horiz.jpg,Moon_over_palm_trees_at_dusk__Hollywood__Los_Angeles__California__USA_horiz.jpg,evening,,,California,USA,california,state,36.7783,-119.4179,NA,gazetteer,med
evening\Moon_over_towers_on_Charles_Bridge_over_Vltava_River_at_sunset__Prague__Czech_Republic_horiz.jpg,Moon_over_towers_on_Charles_Bridge_over_Vltava_River_at_sunset__Prague__Czech_Republic_horiz.jpg,evening,,,,,,,,,,,
evening\Moon_Valley__Valle_de_la_Luna__at_sunset__Atacama_Desert__Chile_horiz.jpg,Moon_Valley__Valle_de_la_Luna__at_sunset__Atacama_Desert__Chile_horiz.jpg,evening,,,,,,,,,,,
evening\Moraine_Lake_in_Banff_at_sunset__Alberta__Canada_vert.jpg,Moraine_Lake_in_Banff_at_sunset__Alberta__Canada_vert.jpg,evening,,,,,,,,,,,
evening\Motukiekie_beach_at_sunset__West_Coast_region_of_New_Zealand_South_Island_horiz.jpg,Motukiekie_beach_at_sunset__West_Coast_region_of_New_Zealand_South_Island_horiz.jpg,evening,,,,New Zealand,new zealand,country,-40.9006,174.886,OC,gazetteer,med
evening\Mountains_in_Badlands_National_Park_at_sunset__South_Dakota__USA_horiz.jpg,Mountains_in_Badlands_National_Park_at_sunset__South_Dakota__USA_horiz.jpg,evening,,,,USA,usa,country,39.8283,-98.5795,NA,gazetteer,med
evening\Mountain_chalet_and_pastures_at_sunset__Nationalpark_Berchtesgadener_Land__Bavaria__Germany_horiz.jpg,Mountain_chalet_and_pastures_at_sunset__Nationalpark_Berchtesgadener_Land__Bavaria__Germany_horiz.jpg,evening,,,,,,,,,,,
evening\Mountain_landscape_with_big_rock_at_sunset__Low_Tatras__Slovakia_horiz.jpg,Mountain_landscape_with_big_rock_at_sunset__Low_Tatras__Slovakia_horiz.jpg,evening,,,,,,,,,,,
evening\Mountain_Orohena_at_sunset__Tahiti__French_Polynesia_vert.jpg,Mountain_Orohena_at_sunset__Tahiti__French_Polynesia_vert.jpg,evening,,,,,,,,,,,
evening\Mountain_peaks_at_sunset__Valgerola__Orobie_Alps__Valtellina__Lombardy__Italy_vert.jpg,Mountain_peaks_at_sunset__Valgerola__Orobie_Alps__Valtellina__Lombardy__Italy_vert.jpg,evening,,,,Italy,italy,country,41.8719,12.5674,EU,gazetteer,med
evening\Mountain_peak_at_the_night_with_starry_sky_and_cone_shaped_rocks__G_reme__Cappadocia__Turkey_horiz.jpg,Mountain_peak_at_the_night_with_starry_sky_and_cone_shaped_rocks__G_reme__Cappadocia__Turkey_horiz.jpg,evening,,,,,,,,,,,
evening\Mountain_range_landscape_at_sunset_along_Valle_lake__Somiedo__Asturias__Spain_vert.jpg,Mountain_range_landscape_at_sunset_along_Valle_lake__Somiedo__Asturias__Spain_vert.jpg,evening,,,,Spain,spain,country,40.4637,-3.7492,EU,gazetteer,med
evening\Mountain_range_view_on_Lofoten_islands_during_sunset__Norway_horiz.jpg,Mountain_range_view_on_Lofoten_islands_during_sunset__Norway_horiz.jpg,evening,Lofoten islands,,,Norway,lofoten islands,landmark,68.209,13.8456,EU,gazetteer,high
evening\Mountain_Ridges_along_Blue_Ridge_Parkway_at_sunset__North_Carolina__USA_horiz.jpg,Mountain_Ridges_along_Blue_Ridge_Parkway_at_sunset__North_Carolina__USA_horiz.jpg,evening,,,,USA,usa,country,39.8283,-98.5795,NA,gazetteer,med
evening\Mountain_road_Stelvio_Pass__Passo_dello_Stelvio__curves_at_night_with_traffic_lights__Italy_horiz.jpg,Mountain_road_Stelvio_Pass__Passo_dello_Stelvio__curves_at_night_with_traffic_lights__Italy_horiz.jpg,evening,,,,Italy,italy,country,41.8719,12.5674,EU,gazetteer,med
evening\Mountain_view_of_Shigakogen_mountain_with_dramatic_sky_in_sunset_in_Nagano_prefecture__Japan_vert.jpg,Mountain_view_of_Shigakogen_mountain_with_dramatic_sky_in_sunset_in_Nagano_prefecture__Japan_vert.jpg,evening,,,,Japan,japan,country,36.2048,138.2529,AS,gazetteer,med
evening\Mount_Bachelor_during_sunset_reflecting_in_waters_of_Todd_Lake__Bend__Oregon__USA_horiz.jpg,Mount_Bachelor_during_sunset_reflecting_in_waters_of_Todd_Lake__Bend__Oregon__USA_horiz.jpg,evening,,,Oregon,USA,oregon,state,43.8041,-120.5542,NA,gazetteer,med
evening\Mount_Cook_and_Mount_Tasman_from_Lake_Matheson_at_sunset__New_Zealand_vert.jpg,Mount_Cook_and_Mount_Tasman_from_Lake_Matheson_at_sunset__New_Zealand_vert.jpg,evening,,,,New Zealand,new zealand,country,-40.9006,174.886,OC,gazetteer,med
evening\Mount_Lamlam_summit_at_sunset__Guam_vert.jpg,Mount_Lamlam_summit_at_sunset__Guam_vert.jpg,evening,,,,,,,,,,,
evening\Mount_Rotui_and_Opunohu_bay_at_sunset__Mo__8217_orea__Moorea___Society_Islands__French_Polynesia_horiz.jpg,Mount_Rotui_and_Opunohu_bay_at_sunset__Mo__8217_orea__Moorea___Society_Islands__French_Polynesia_horiz.jpg,evening,,,,,,,,,,,
evening\Mt_Rainier_with_trees_reflection_in_lake_at_night__Washington__USA_vert.jpg,Mt_Rainier_with_trees_reflection_in_lake_at_night__Washington__USA_vert.jpg,evening,,,Washington,USA,washington,state,47.7511,-120.7401,NA,gazetteer,med
evening\Murlough_Bay_at_dusk__County_Antrim__Northern_Ireland__UK_horiz.jpg,Murlough_Bay_at_dusk__County_Antrim__Northern_Ireland__UK_horiz.jpg,evening,,,,,,,,,,,
evening\Mystic_sunset_on_the_lake__Serbia_vert.jpg,Mystic_sunset_on_the_lake__Serbia_vert.jpg,evening,,,,,,,,,,,
evening\Naples_beach_amazing_sunset_and_calm_ocean__Florida__USA_horiz.jpg,Naples_beach_amazing_sunset_and_calm_ocean__Florida__USA_horiz.jpg,evening,,,Florida,USA,florida,state,27.6648,-81.5158,NA,gazetteer,med
evening\Naranjo_de_Bulnes__Picu_Urriellu__at_sunset__Picos_de_Europa_national_park__Asturias__Spain_vert.jpg,Naranjo_de_Bulnes__Picu_Urriellu__at_sunset__Picos_de_Europa_national_park__Asturias__Spain_vert.jpg,evening,,,,Spain,spain,country,40.4637,-3.7492,EU,gazetteer,med
evening\Narrow_canyon_and_Volcan_Licancabur_at_sunset__Atacama_Desert__Chile_horiz.jpg,Narrow_canyon_and_Volcan_Licancabur_at_sunset__Atacama_Desert__Chile_horiz.jpg,evening,,,,,,,,,,,
evening\Natural_Arch_Delicate_Arch_with_Milky_Way_at_night__Arches_National_Park__Moab__Utah__USA_horiz.jpg,Natural_Arch_Delicate_Arch_with_Milky_Way_at_night__Arches_National_Park__Moab__Utah__USA_horiz.jpg,evening,,,Utah,USA,utah,state,39.321,-111.0937,NA,gazetteer,med
evening\Natural_landscape_of_Wharariki_Beach_at_sunset__South_Island__New_Zealand_horiz.jpg,Natural_landscape_of_Wharariki_Beach_at_sunset__South_Island__New_Zealand_horiz.jpg,evening,,,,New Zealand,new zealand,country,-40.9006,174.886,OC,gazetteer,med
evening\Natural_rock_formations_along_beach_coastline__Sunset_Cliffs__California__USA_vert.jpg,Natural_rock_formations_along_beach_coastline__Sunset_Cliffs__California__USA_vert.jpg,evening,,,California,USA,california,state,36.7783,-119.4179,NA,gazetteer,med
evening\Natural_window__sunset_over_beach__Zanzibar__Tanzania_horiz.jpg,Natural_window__sunset_over_beach__Zanzibar__Tanzania_horiz.jpg,evening,,,,,,,,,,,
evening\Neist_Point_lighthouse_at_sunset__Isle_of_Skye__Inner_Hebrides__Scotland__UK_horiz.jpg,Neist_Point_lighthouse_at_sunset__Isle_of_Skye__Inner_Hebrides__Scotland__UK_horiz.jpg,evening,,,,,,,,,,,
evening\Neist_Point_on_Isle_of_Skye_at_sunset__Scotland__UK_horiz.jpg,Neist_Point_on_Isle_of_Skye_at_sunset__Scotland__UK_horiz.jpg,evening,,,,,,,,,,,
evening\Neolithic_portal_tomb_Kilclooney_More_dolmen_at_sunset__County_Donegal__Ireland_horiz.jpg,Neolithic_portal_tomb_Kilclooney_More_dolmen_at_sunset__County_Donegal__Ireland_horiz.jpg,evening,,,,,,,,,,,
evening\Neon_electric_blue_jellyfish_at_night__Maryland__USA_horiz.jpg,Neon_electric_blue_jellyfish_at_night__Maryland__USA_horiz.jpg,evening,,,,USA,usa,country,39.8283,-98.5795,NA,gazetteer,med
evening\Neris_river_and_church_Vilniaus_Sv__Arkangelo_Rapolo_Baznycia__Vilnius_at_sunset__Lithuania_vert.jpg,Neris_river_and_church_Vilniaus_Sv__Arkangelo_Rapolo_Baznycia__Vilnius_at_sunset__Lithuania_vert.jpg,evening,,,,,,,,,,,
evening\Neuschwanstein_castle_in_a_summer_night__Bavaria__Germany_horiz.jpg,Neuschwanstein_castle_in_a_summer_night__Bavaria__Germany_horiz.jpg,evening,,,,,,,,,,,
evening\New_bridge_Puente_Nuevo_at_night__Ronda__Spain_vert.jpg,New_bridge_Puente_Nuevo_at_night__Ronda__Spain_vert.jpg,evening,,,,Spain,spain,country,40.4637,-3.7492,EU,gazetteer,med
evening\New_Orleans_skyline_view_from_Mississippi_river_at_dusk__Louisiana__USA_horiz.jpg,New_Orleans_skyline_view_from_Mississippi_river_at_dusk__Louisiana__USA_horiz.jpg,evening,,,,USA,usa,country,39.8283,-98.5795,NA,gazetteer,med
evening\Niagara_Falls_at_night_illuminated_with_rainbow_colours_vert.jpg,Niagara_Falls_at_night_illuminated_with_rainbow_colours_vert.jpg,evening,,,,,,,,,,,
evening\Nightly_view_in_Carpathian_Mountains__winter_landscape__Ukraine_horiz.jpg,Nightly_view_in_Carpathian_Mountains__winter_landscape__Ukraine_horiz.jpg,evening,,,,,,,,,,,
evening\Nighttime_illumination_above_Sunshine_Ski_Village__Banff__Alberta__Canada_horiz.jpg,Nighttime_illumination_above_Sunshine_Ski_Village__Banff__Alberta__Canada_horiz.jpg,evening,,,,,,,,,,,
evening\Night_cityscape_with_views_of_Spiegelrei_and_Jan_van_Eyckplein_in_Bruges__Belgium_vert.jpg,Night_cityscape_with_views_of_Spiegelrei_and_Jan_van_Eyckplein_in_Bruges__Belgium_vert.jpg,evening,,,,,,,,,,,
evening\Night_city_skyline_at_Rome_Colosseum__Italy_horiz.jpg,Night_city_skyline_at_Rome_Colosseum__Italy_horiz.jpg,evening,,Rome,,Italy,rome,city,41.9028,12.4964,EU,gazetteer,high
evening\Night_exposure_of_Double_Arch_in_Arches_National_Park__Utah__USA_horiz.jpg,Night_exposure_of_Double_Arch_in_Arches_National_Park__Utah__USA_horiz.jpg,evening,,,Utah,USA,utah,state,39.321,-111.0937,NA,gazetteer,med
evening\Night_hypnosis__Falkirk_wheel__Stirlingshire__Scotland__UK_horiz.jpg,Night_hypnosis__Falkirk_wheel__Stirlingshire__Scotland__UK_horiz.jpg,evening,,,,,,,,,,,
evening\Night_landscape_of_beach_on_the_northern_coast__Asturias__Spain_horiz.jpg,Night_landscape_of_beach_on_the_northern_coast__Asturias__Spain_horiz.jpg,evening,,,,Spain,spain,country,40.4637,-3.7492,EU,gazetteer,med
evening\Night_landscape_with_aurora_borealis__Lofoten_islands__Norway_horiz.jpg,Night_landscape_with_aurora_borealis__Lofoten_islands__Norway_horiz.jpg,evening,Lofoten islands,,,Norway,lofoten islands,landmark,68.209,13.8456,EU,gazetteer,high
evening\Night_landscape_with_Milky_Way_Galaxy_above_the_Black_sea__Bulgaria_vert.jpg,Night_landscape_with_Milky_Way_Galaxy_above_the_Black_sea__Bulgaria_vert.jpg,evening,,,,,,,,,,,
evening\Night_landscape_with_Milky_Way__sky_with_stars_and_lone_tree_silhouette_in_summer__Ukraine_horiz.jpg,Night_landscape_with_Milky_Way__sky_with_stars_and_lone_tree_silhouette_in_summer__Ukraine_horiz.jpg,evening,,,,,,,,,,,
evening\Night_lighting_of_the_city_of_Ganajuanto__Mexico_horiz.jpg,Night_lighting_of_the_city_of_Ganajuanto__Mexico_horiz.jpg,evening,,,,,,,,,,,
evening\Night_skies_over_Moraine_Lake__Banff_National_Park__Alberta__Canada_vert.jpg,Night_skies_over_Moraine_Lake__Banff_National_Park__Alberta__Canada_vert.jpg,evening,,,,,,,,,,,
evening\Night_view_at_Forth_Bridge_across_the_Firth_of_Forth__South_Queensferry__Scotland__UK_vert.jpg,Night_view_at_Forth_Bridge_across_the_Firth_of_Forth__South_Queensferry__Scotland__UK_vert.jpg,evening,,,,,,,,,,,
evening\Night_view_of_Durdle_Door_at_Jurassic_Coast_in_Dorset__England__UK_horiz.jpg,Night_view_of_Durdle_Door_at_Jurassic_Coast_in_Dorset__England__UK_horiz.jpg,evening,,,,,,,,,,,
evening\Night_View_of_famous_Alhambra_with_Alcazaba__Granada__Andalusia__Spain_horiz.jpg,Night_View_of_famous_Alhambra_with_Alcazaba__Granada__Andalusia__Spain_horiz.jpg,evening,,,,Spain,spain,country,40.4637,-3.7492,EU,gazetteer,med
evening\Night_view_of_Luzhniki_Stadium_from_Russian_Academy_of_Sciences_building__Moscow__Russia_horiz.jpg,Night_view_of_Luzhniki_Stadium_from_Russian_Academy_of_Sciences_building__Moscow__Russia_horiz.jpg,evening,,,,,,,,,,,
evening\Night_view_of_Mount_Fuji_from_lake_Yamanaka__Yamanashi_Prefecture__Japan_vert.jpg,Night_view_of_Mount_Fuji_from_lake_Yamanaka__Yamanashi_Prefecture__Japan_vert.jpg,evening,,,,Japan,japan,country,36.2048,138.2529,AS,gazetteer,med
evening\Night_view_of_old_town_and_Promenade_des_Anglais__Nice__France_vert.jpg,Night_view_of_old_town_and_Promenade_des_Anglais__Nice__France_vert.jpg,evening,,,,France,france,country,46.2276,2.2137,EU,gazetteer,med
evening\Night_view_of_pedestrian_Crescent_Bridge_over_Tamsui_River_in_New_Taipei_City__Taiwan_vert.jpg,Night_view_of_pedestrian_Crescent_Bridge_over_Tamsui_River_in_New_Taipei_City__Taiwan_vert.jpg,evening,,,,,,,,,,,
evening\Night_view_of_Shanghai__China_horiz.jpg,Night_view_of_Shanghai__China_horiz.jpg,evening,,,,,,,,,,,
evening\Night_view_of_the_fountain_at_the_Place_de_la_Concorde__Paris__France_horiz.jpg,Night_view_of_the_fountain_at_the_Place_de_la_Concorde__Paris__France_horiz.jpg,evening,,Paris,,France,paris,city,48.8566,2.3522,EU,gazetteer,high
evening\Night_view_of_the_winter_city_with_snow_covered_trees_and_lanterns__Moscow__Russia_horiz.jpg,Night_view_of_the_winter_city_with_snow_covered_trees_and_lanterns__Moscow__Russia_horiz.jpg,evening,,,,,,,,,,,
evening\Night_view_of_winter_deep_forest_on_hills_covered_with_snow_vert.jpg,Night_view_of_winter_deep_forest_on_hills_covered_with_snow_vert.jpg,evening,,,,,,,,,,,
evening\Night_wedding_ceremony_with_a_lot_of_candles_and_vintage_lamps_on_big_tree__Bali__Indonesia_horiz.jpg,Night_wedding_ceremony_with_a_lot_of_candles_and_vintage_lamps_on_big_tree__Bali__Indonesia_horiz.jpg,evening,,,,,,,,,,,
evening\Night_winter_landscape__Aurora_Borealis__mountains_and_frozen_ocean__Lofoten_islands__Norway_horiz.jpg,Night_winter_landscape__Aurora_Borealis__mountains_and_frozen_ocean__Lofoten_islands__Norway_horiz.jpg,evening,Lofoten islands,,,Norway,lofoten islands,landmark,68.209,13.8456,EU,gazetteer,high
evening\Night_winter_landscape__starry_sky_polar_lights__aurora_borealis_in_Lofoten_islands__Norway_horiz.jpg,Night_winter_landscape__starry_sky_polar_lights__aurora_borealis_in_Lofoten_islands__Norway_horiz.jpg,evening,Lofoten islands,,,Norway,lofoten islands,landmark,68.209,13.8456,EU,gazetteer,high
evening\Ocean_surface_during_sunset__Boracay__Malay__Aklan__Western_Visayas__Phillipines_horiz.jpg,Ocean_surface_during_sunset__Boracay__Malay__Aklan__Western_Visayas__Phillipines_horiz.jpg,evening,,,,,,,,,,,
evening\Ocean_waves_on_a_beach_at_sunset_in_Piri_polis__Maldonado__Uruguay_horiz.jpg,Ocean_waves_on_a_beach_at_sunset_in_Piri_polis__Maldonado__Uruguay_horiz.jpg,evening,,,,,,,,,,,
evening\Old_Town_skyline_across_the_Douro_River_and_The_Luis_Bridge__Porto_sunset__Portugal_vert.jpg,Old_Town_skyline_across_the_Douro_River_and_The_Luis_Bridge__Porto_sunset__Portugal_vert.jpg,evening,,,,Portugal,portugal,country,39.3999,-8.2245,EU,gazetteer,med
evening\Orange_sunset_on_Lanzarote_near_La_Santa__Canary_Islands__Spain_horiz.jpg,Orange_sunset_on_Lanzarote_near_La_Santa__Canary_Islands__Spain_horiz.jpg,evening,,,,Spain,spain,country,40.4637,-3.7492,EU,gazetteer,med
evening\Orchard_of_bloomed_peach_trees_at_sunset_in_spring_in_the_plain_of_Veria_in_northern_Greece_vert.jpg,Orchard_of_bloomed_peach_trees_at_sunset_in_spring_in_the_plain_of_Veria_in_northern_Greece_vert.jpg,evening,,,,Greece,greece,country,39.0742,21.8243,EU,gazetteer,med
evening\Oude_Markt_in_Leuven_during_Christmas_evening__Flemish_Region__Belgium_horiz.jpg,Oude_Markt_in_Leuven_during_Christmas_evening__Flemish_Region__Belgium_horiz.jpg,evening,,,,,,,,,,,
evening\Overcast_sky_with_clouds_over_the_mountain_valley_with_pink_lupine_flowers_at_sunset_vert.jpg,Overcast_sky_with_clouds_over_the_mountain_valley_with_pink_lupine_flowers_at_sunset_vert.jpg,evening,,,,,,,,,,,
evening\Overview_of_downtown_Dallas_from_Reunion_Tower__skyline_at_sunset__Texas__USA_horiz.jpg,Overview_of_downtown_Dallas_from_Reunion_Tower__skyline_at_sunset__Texas__USA_horiz.jpg,evening,,,Texas,USA,texas,state,31.0,-100.0,NA,gazetteer,med
evening\O_tri_Rat_Lighthouse_at_sunset__Zadar__Croatia_horiz.jpg,O_tri_Rat_Lighthouse_at_sunset__Zadar__Croatia_horiz.jpg,evening,,,,,,,,,,,
evening\Padar_Island_sunset__Komodo_National_Park__near_Labuan_Bajo__East_Nusa_Tenggara__Indonesia_vert.jpg,Padar_Island_sunset__Komodo_National_Park__near_Labuan_Bajo__East_Nusa_Tenggara__Indonesia_vert.jpg,evening,,,,,,,,,,,
evening\Paddle_surfing_at_sunset_in_Ipanema_beach__Rio_de_Janeiro__Brazil_vert.jpg,Paddle_surfing_at_sunset_in_Ipanema_beach__Rio_de_Janeiro__Brazil_vert.jpg,evening,,,,,,,,,,,
evening\Palau_Nacional_building_on_hill_of_Montju_c_at_dusk__Barcelona__Catalonia__Spain_vert.jpg,Palau_Nacional_building_on_hill_of_Montju_c_at_dusk__Barcelona__Catalonia__Spain_vert.jpg,evening,,Barcelona,,Spain,barcelona,city,41.3851,2.1734,EU,gazetteer,high
evening\Palm_trees_against_beautiful_sunset_in_Los_Angeles__California__USA_horiz.jpg,Palm_trees_against_beautiful_sunset_in_Los_Angeles__California__USA_horiz.jpg,evening,,,California,USA,california,state,36.7783,-119.4179,NA,gazetteer,med
evening\Palm_trees_on_Poolenalena_beach_at_sunset__Maui__Hawaii__USA_vert.jpg,Palm_trees_on_Poolenalena_beach_at_sunset__Maui__Hawaii__USA_vert.jpg,evening,,,Hawaii,USA,hawaii,state,20.7984,-156.3319,NA,gazetteer,med
evening\Palouse_falls_in_sunset__Palouse_Falls_State_Park__Washington__USA_horiz.jpg,Palouse_falls_in_sunset__Palouse_Falls_State_Park__Washington__USA_horiz.jpg,evening,,,Washington,USA,washington,state,47.7511,-120.7401,NA,gazetteer,med
evening\Panorama_of_Cairo_cityscape_during_sunset_from_the_Cairo_tower__Egypt_horiz.jpg,Panorama_of_Cairo_cityscape_during_sunset_from_the_Cairo_tower__Egypt_horiz.jpg,evening,,,,,,,,,,,
evening\Panorama_of_Tower_Bridge_at_sunset__London__England__UK_vert.jpg,Panorama_of_Tower_Bridge_at_sunset__London__England__UK_vert.jpg,evening,,London,,,london,city,51.5074,-0.1278,EU,gazetteer,high
evening\Panorama_plateau_Alpe_di_Siusi_after_sunset__South_Tyrol__Italy_vert.jpg,Panorama_plateau_Alpe_di_Siusi_after_sunset__South_Tyrol__Italy_vert.jpg,evening,,,,Italy,italy,country,41.8719,12.5674,EU,gazetteer,med
evening\Panorama_view_of_Go_afoss_waterfall_near_Akureyri_in_the_highlands_of_Iceland_at_sunset_vert.jpg,Panorama_view_of_Go_afoss_waterfall_near_Akureyri_in_the_highlands_of_Iceland_at_sunset_vert.jpg,evening,,,,Iceland,iceland,country,64.9631,-19.0208,EU,gazetteer,med
evening\Panoramic_sunset_view_and_skyline_of_Paris_with_Eiffel_Tower__France_horiz.jpg,Panoramic_sunset_view_and_skyline_of_Paris_with_Eiffel_Tower__France_horiz.jpg,evening,,Paris,,France,paris,city,48.8566,2.3522,EU,gazetteer,high
evening\Panoramic_sunset_view_of_skyline_with_Eiffel_Tower__Paris__France_vert.jpg,Panoramic_sunset_view_of_skyline_with_Eiffel_Tower__Paris__France_vert.jpg,evening,,Paris,,France,paris,city,48.8566,2.3522,EU,gazetteer,high
evening\Panoramic_view_of_Vancouver_skyline_at_sunset__British_Columbia__Canada_vert.jpg,Panoramic_view_of_Vancouver_skyline_at_sunset__British_Columbia__Canada_vert.jpg,evening,,,,,,,,,,,
evening\Path_with_fence_to_a_beach_at_sunset_near_Provincetown_on_Cape_Cod__Massachusetts__USA_horiz.jpg,Path_with_fence_to_a_beach_at_sunset_near_Provincetown_on_Cape_Cod__Massachusetts__USA_horiz.jpg,evening,,,,USA,usa,country,39.8283,-98.5795,NA,gazetteer,med
evening\Pattern_night_market_in_Bangkok__Thailand_vert.jpg,Pattern_night_market_in_Bangkok__Thailand_vert.jpg,evening,,Bangkok,,Thailand,bangkok,city,13.7563,100.5018,AS,gazetteer,high
evening\Pebbles_in_river_in_valley_under_stars_at_night__Everest__Tibet__China_vert.jpg,Pebbles_in_river_in_valley_under_stars_at_night__Everest__Tibet__China_vert.jpg,evening,,,,,,,,,,,
evening\Pedestrian_Peace_Bridge_to_Prince__039_s_Island_Park_over_Bow_River_at_sunset__Calgary__Alberta__Canada_horiz.jpg,Pedestrian_Peace_Bridge_to_Prince__039_s_Island_Park_over_Bow_River_at_sunset__Calgary__Alberta__Canada_horiz.jpg,evening,,,,,,,,,,,
evening\Penedo_do_Guincho_rock_formation_at_sunset_on_Praia_de_Santa_Cruz_beach__Silveira__Portugal_horiz.jpg,Penedo_do_Guincho_rock_formation_at_sunset_on_Praia_de_Santa_Cruz_beach__Silveira__Portugal_horiz.jpg,evening,,,,Portugal,portugal,country,39.3999,-8.2245,EU,gazetteer,med
evening\People_enjoying_the_sunset_at_Manila_Bay__Roxas_Boulevard__Manila__Philippines_vert.jpg,People_enjoying_the_sunset_at_Manila_Bay__Roxas_Boulevard__Manila__Philippines_vert.jpg,evening,,,,,,,,,,,
evening\Person_on_mountain_at_sunset__Piz_Palu__St_Moritz__Canton_Graubunden__Switzerland_horiz.jpg,Person_on_mountain_at_sunset__Piz_Palu__St_Moritz__Canton_Graubunden__Switzerland_horiz.jpg,evening,,,,,,,,,,,
evening\Phare_Cape_Spartel_lighthouse_near_Tangier_at_sunset__Morocco_horiz.jpg,Phare_Cape_Spartel_lighthouse_near_Tangier_at_sunset__Morocco_horiz.jpg,evening,,,,,,,,,,,
evening\Photographers_at_sunset__Eystrahorn__Iceland_horiz.jpg,Photographers_at_sunset__Eystrahorn__Iceland_horiz.jpg,evening,,,,Iceland,iceland,country,64.9631,-19.0208,EU,gazetteer,med
evening\Pigeon_Point_Lighthouse_at_sunset__California__USA_horiz.jpg,Pigeon_Point_Lighthouse_at_sunset__California__USA_horiz.jpg,evening,,,California,USA,california,state,36.7783,-119.4179,NA,gazetteer,med
evening\Pigeon_Point_Lighthouse_at_sunset__Pescadero__California__USA_horiz.jpg,Pigeon_Point_Lighthouse_at_sunset__Pescadero__California__USA_horiz.jpg,evening,,,California,USA,california,state,36.7783,-119.4179,NA,gazetteer,med
evening\Pikesten_lighthouse_at_sunset__Asmal_y__Hvaler_islands__Norway_horiz.jpg,Pikesten_lighthouse_at_sunset__Asmal_y__Hvaler_islands__Norway_horiz.jpg,evening,,,,Norway,norway,country,60.472,8.4689,EU,gazetteer,med
evening\Pineapple_carved_like_a_jack_o__039__lantern_on_beach_at_dusk__Hawaii__USA_horiz.jpg,Pineapple_carved_like_a_jack_o__039__lantern_on_beach_at_dusk__Hawaii__USA_horiz.jpg,evening,,,Hawaii,USA,hawaii,state,20.7984,-156.3319,NA,gazetteer,med
evening\Pink_impatiens_balsamina_flowers_at_mountains_sunset__Doi_Chang_Mup__Chiangrai__Thailand_vert.jpg,Pink_impatiens_balsamina_flowers_at_mountains_sunset__Doi_Chang_Mup__Chiangrai__Thailand_vert.jpg,evening,,,,Thailand,thailand,country,15.87,100.9925,AS,gazetteer,med
evening\Pinnacles_rock_formation_on_Cape_Woolamai_at_sunset__Phillip_Island__Australia_vert.jpg,Pinnacles_rock_formation_on_Cape_Woolamai_at_sunset__Phillip_Island__Australia_vert.jpg,evening,,,,Australia,australia,country,-25.2744,133.7751,OC,gazetteer,med
evening\Place_Bellecour__statue_of_King_Louis_XIV_by_night__Lyon__France_vert.jpg,Place_Bellecour__statue_of_King_Louis_XIV_by_night__Lyon__France_vert.jpg,evening,,,,France,france,country,46.2276,2.2137,EU,gazetteer,med
evening\Place_of_fun__Santa_Monica_Pier_at_sunset__City_Of_Los_Angeles__California__USA_horiz.jpg,Place_of_fun__Santa_Monica_Pier_at_sunset__City_Of_Los_Angeles__California__USA_horiz.jpg,evening,,,California,USA,california,state,36.7783,-119.4179,NA,gazetteer,med
evening\Playa_Piedra_de_Tlacoyunque_beach_with_sunset_glow_on_the_rocks__Guerrero__Mexico_horiz.jpg,Playa_Piedra_de_Tlacoyunque_beach_with_sunset_glow_on_the_rocks__Guerrero__Mexico_horiz.jpg,evening,,,,,,,,,,,
evening\Pointe_du_Raz_at_sunset__Cap_Sizun__Bretagne__France_vert.jpg,Pointe_du_Raz_at_sunset__Cap_Sizun__Bretagne__France_vert.jpg,evening,,,,France,france,country,46.2276,2.2137,EU,gazetteer,med
evening\Portland_Head_lighthouse_at_sunset__Cape_Elizabeth__Maine__USA_vert.jpg,Portland_Head_lighthouse_at_sunset__Cape_Elizabeth__Maine__USA_vert.jpg,evening,,,,USA,usa,country,39.8283,-98.5795,NA,gazetteer,med
evening\Potsdamer_Platz_at_sunset_with_traffic__Berlin__Germany_horiz.jpg,Potsdamer_Platz_at_sunset_with_traffic__Berlin__Germany_horiz.jpg,evening,,,,,,,,,,,
evening\Pumpkin_field_against_sky_during_sunset__Hviezdoslavov__Slovakia_horiz.jpg,Pumpkin_field_against_sky_during_sunset__Hviezdoslavov__Slovakia_horiz.jpg,evening,,,,,,,,,,,
evening\Pumpkin_field_at_sunset__Canada_vert.jpg,Pumpkin_field_at_sunset__Canada_vert.jpg,evening,,,,,,,,,,,
evening\Punta_Cana_beach_at_sunset__Dominican_Republic_vert.jpg,Punta_Cana_beach_at_sunset__Dominican_Republic_vert.jpg,evening,,,,,,,,,,,
evening\Purple_tulip_fields_in_sunset__Vesterborg__Lolland__Denmark_horiz.jpg,Purple_tulip_fields_in_sunset__Vesterborg__Lolland__Denmark_horiz.jpg,evening,,,,,,,,,,,
evening\Quiver_tree_desert_forest__Aloe_dichotoma__at_night_under_the_stars__Keetmanshoop__Namibia_horiz.jpg,Quiver_tree_desert_forest__Aloe_dichotoma__at_night_under_the_stars__Keetmanshoop__Namibia_horiz.jpg,evening,,,,,,,,,,,
evening\Quiver_tree_forest__Aloe_dichotoma__at_sunset__Gariganus_farm__Keetmanshoop__Namibia_horiz.jpg,Quiver_tree_forest__Aloe_dichotoma__at_sunset__Gariganus_farm__Keetmanshoop__Namibia_horiz.jpg,evening,,,,,,,,,,,
evening\Radio_telescope_dish_at_dusk__Socorro__New_Mexico__USA_horiz.jpg,Radio_telescope_dish_at_dusk__Socorro__New_Mexico__USA_horiz.jpg,evening,,,,USA,usa,country,39.8283,-98.5795,NA,gazetteer,med
evening\Raven__039_s_Nest_overlook_at_sunset__Acadia_National_Park__Schoodic_Peninsula__Maine__USA_vert.jpg,Raven__039_s_Nest_overlook_at_sunset__Acadia_National_Park__Schoodic_Peninsula__Maine__USA_vert.jpg,evening,,,,USA,usa,country,39.8283,-98.5795,NA,gazetteer,med
evening\Rays_of_traffic_lights_on_Gran_via_street__main_shopping_street_in_Madrid_at_night__Spain_vert.jpg,Rays_of_traffic_lights_on_Gran_via_street__main_shopping_street_in_Madrid_at_night__Spain_vert.jpg,evening,,,,Spain,spain,country,40.4637,-3.7492,EU,gazetteer,med
evening\Rear_view_of_teenage_and_young_male_american_football_team_celebrating_at_sunset_horiz.jpg,Rear_view_of_teenage_and_young_male_american_football_team_celebrating_at_sunset_horiz.jpg,evening,,,,,,,,,,,
evening\Red_illuminated_tent_under_the_stars_at_night__Saxon_Switzerland__Germany_horiz.jpg,Red_illuminated_tent_under_the_stars_at_night__Saxon_Switzerland__Germany_horiz.jpg,evening,,,,,,,,,,,
evening\Reflection_of_a_sunset_by_a_lagoon_inside_the_Amazon_Rainforest_Basin__Ecuador_horiz.jpg,Reflection_of_a_sunset_by_a_lagoon_inside_the_Amazon_Rainforest_Basin__Ecuador_horiz.jpg,evening,,,,,,,,,,,
evening\Reflection_of_mountains_in_the_lake_at_sunset__National_Park_Torres_del_Paine__Chile_vert.jpg,Reflection_of_mountains_in_the_lake_at_sunset__National_Park_Torres_del_Paine__Chile_vert.jpg,evening,,,,,,,,,,,
evening\Reine_village_with_Olstinden_peak_in_winter_evening__Lofoten_Islands__Norway_horiz.jpg,Reine_village_with_Olstinden_peak_in_winter_evening__Lofoten_Islands__Norway_horiz.jpg,evening,Lofoten Islands,,,Norway,lofoten islands,landmark,68.209,13.8456,EU,gazetteer,high
evening\Ria_o_cityscape_autumn_sunset_with_mountain_range__Picos_de_Europa_National_Park__Le_n__Spain_horiz.jpg,Ria_o_cityscape_autumn_sunset_with_mountain_range__Picos_de_Europa_National_Park__Le_n__Spain_horiz.jpg,evening,,,,Spain,spain,country,40.4637,-3.7492,EU,gazetteer,med
evening\Riomaggiore_town__cape_and_seascape_at_sunset__Cinque_Terre_National_Park__Liguria__Italy_horiz.jpg,Riomaggiore_town__cape_and_seascape_at_sunset__Cinque_Terre_National_Park__Liguria__Italy_horiz.jpg,evening,Cinque Terre,,,Italy,cinque terre,landmark,44.146,9.655,EU,gazetteer,high
evening\Rio_Itamambuca_reflecting_rainforest_at_sunset__Serra_do_Mar_State_Park__S_o_Paulo__Brazil_vert.jpg,Rio_Itamambuca_reflecting_rainforest_at_sunset__Serra_do_Mar_State_Park__S_o_Paulo__Brazil_vert.jpg,evening,,,,,,,,,,,
evening\Road_to_Fitz_Roy_at_sunset__Ruta_23_leading_to_El_Chalt_n__Patagonia__Argentina_horiz.jpg,Road_to_Fitz_Roy_at_sunset__Ruta_23_leading_to_El_Chalt_n__Patagonia__Argentina_horiz.jpg,evening,,,,,,,,,,,
evening\Rocky_mountain_with_green_trees_in_Zion_National_Park_at_sunset__Utah__USA_vert.jpg,Rocky_mountain_with_green_trees_in_Zion_National_Park_at_sunset__Utah__USA_vert.jpg,evening,,,Utah,USA,utah,state,39.321,-111.0937,NA,gazetteer,med
evening\Rock_formations_against_starry_sky_at_night__Valley_of_Fire_State_Park__Overton__Nevada__USA_vert.jpg,Rock_formations_against_starry_sky_at_night__Valley_of_Fire_State_Park__Overton__Nevada__USA_vert.jpg,evening,,,Nevada,USA,nevada,state,38.8026,-116.4194,NA,gazetteer,med
evening\Rolling_green_hills_of_Mount_Tamalpais_State_Park_at_sunset__Marin_County__California__USA_horiz.jpg,Rolling_green_hills_of_Mount_Tamalpais_State_Park_at_sunset__Marin_County__California__USA_horiz.jpg,evening,,,California,USA,california,state,36.7783,-119.4179,NA,gazetteer,med
evening\Romantic_sunset_in_Oia__Santorini__Cyclades__Greece_vert.jpg,Romantic_sunset_in_Oia__Santorini__Cyclades__Greece_vert.jpg,evening,,,,Greece,greece,country,39.0742,21.8243,EU,gazetteer,med
evening\Romantic_sunset_on_Cameo_island__Agios_Sostis__Zakynthos_island__Greece_horiz.jpg,Romantic_sunset_on_Cameo_island__Agios_Sostis__Zakynthos_island__Greece_horiz.jpg,evening,,,,Greece,greece,country,39.0742,21.8243,EU,gazetteer,med
evening\Romantic_sunset_scenery_at_Durdle_Door_beach__Dorset__England__UK_horiz.jpg,Romantic_sunset_scenery_at_Durdle_Door_beach__Dorset__England__UK_horiz.jpg,evening,,,,,,,,,,,
evening\Romsdalen_valley_seen_from_Romsdalseggen_Ridge_at_sunset__Andalsnes__More_og_Romsdal__Norway_vert.jpg,Romsdalen_valley_seen_from_Romsdalseggen_Ridge_at_sunset__Andalsnes__More_og_Romsdal__Norway_vert.jpg,evening,,,,Norway,norway,country,60.472,8.4689,EU,gazetteer,med
evening\Royal_Flora_Ratchaphruek_Park_at_dusk__Chiang_Mai__Thailand_horiz.jpg,Royal_Flora_Ratchaphruek_Park_at_dusk__Chiang_Mai__Thailand_horiz.jpg,evening,,,,Thailand,thailand,country,15.87,100.9925,AS,gazetteer,med
evening\Ruby_Beach_driftwood_and_seastacks_at_sunset__Olympic_Peninsula_National_Park__Washington__USA_horiz.jpg,Ruby_Beach_driftwood_and_seastacks_at_sunset__Olympic_Peninsula_National_Park__Washington__USA_horiz.jpg,evening,,,Washington,USA,washington,state,47.7511,-120.7401,NA,gazetteer,med
evening\Ruins_of_Dunluce_Castle_at_sunset__Northern_Ireland__UK_horiz.jpg,Ruins_of_Dunluce_Castle_at_sunset__Northern_Ireland__UK_horiz.jpg,evening,,,,,,,,,,,
evening\Sailing_boats_at_sunset__Boracay__Philippines_horiz.jpg,Sailing_boats_at_sunset__Boracay__Philippines_horiz.jpg,evening,,,,,,,,,,,
evening\Sail_boat_with_red_sails_cruising_among_massive_ice_bergs_during_dusk__Disko_Bay__Greenland_horiz.jpg,Sail_boat_with_red_sails_cruising_among_massive_ice_bergs_during_dusk__Disko_Bay__Greenland_horiz.jpg,evening,,,,,,,,,,,
evening\Saint_Georges_church_and_footbridge_across_Saone_river__Old_town_in_Lyon_at_sunset__France_vert.jpg,Saint_Georges_church_and_footbridge_across_Saone_river__Old_town_in_Lyon_at_sunset__France_vert.jpg,evening,,,,France,france,country,46.2276,2.2137,EU,gazetteer,med
evening\Sandy_Atlantic_ocean_beach_at_sunset__Sintra__Portugal_vert.jpg,Sandy_Atlantic_ocean_beach_at_sunset__Sintra__Portugal_vert.jpg,evening,,,,Portugal,portugal,country,39.3999,-8.2245,EU,gazetteer,med
evening\Sandy_beach_at_sunset_aerial_view__Tangalle__Sri_Lanka_vert.jpg,Sandy_beach_at_sunset_aerial_view__Tangalle__Sri_Lanka_vert.jpg,evening,,,,,,,,,,,
evening\Sand_Harbor__Lake_Tahoe_at_sunset__Nevada__USA_vert.jpg,Sand_Harbor__Lake_Tahoe_at_sunset__Nevada__USA_vert.jpg,evening,,,Nevada,USA,nevada,state,38.8026,-116.4194,NA,gazetteer,med
evening\Sand_waves_at_dusk__Great_Sand_Dunes_National_Park__Colorado__USA_horiz.jpg,Sand_waves_at_dusk__Great_Sand_Dunes_National_Park__Colorado__USA_horiz.jpg,evening,,,Colorado,USA,colorado,state,39.5501,-105.7821,NA,gazetteer,med
evening\Santa_Cristina_Valgardena_village_at_winter_sunset__South_Tyrol__Dolomites__Italy_vert.jpg,Santa_Cristina_Valgardena_village_at_winter_sunset__South_Tyrol__Dolomites__Italy_vert.jpg,evening,,,,Italy,italy,country,41.8719,12.5674,EU,gazetteer,med
evening\Santa_Monica_Beach_Pier_at_sunset__Los_Angeles__California__USA_horiz.jpg,Santa_Monica_Beach_Pier_at_sunset__Los_Angeles__California__USA_horiz.jpg,evening,,,California,USA,california,state,36.7783,-119.4179,NA,gazetteer,med
evening\Santa_Monica_Pier_at_sunset__California__USA_horiz.jpg,Santa_Monica_Pier_at_sunset__California__USA_horiz.jpg,evening,,,California,USA,california,state,36.7783,-119.4179,NA,gazetteer,med
evening\Sarakiniko_beach_with_typical_rock_formations_at_sunset__Milos__Cyclades__Greece_horiz.jpg,Sarakiniko_beach_with_typical_rock_formations_at_sunset__Milos__Cyclades__Greece_horiz.jpg,evening,,,,Greece,greece,country,39.0742,21.8243,EU,gazetteer,med
evening\Scenery_of_Rainbow_mountain_at_sunset__Zhangye_Danxia_National_Geopark__Gansu__China_vert.jpg,Scenery_of_Rainbow_mountain_at_sunset__Zhangye_Danxia_National_Geopark__Gansu__China_vert.jpg,evening,,,,,,,,,,,
evening\Scenic_Icefields_Parkway_in_Banff_National_Park_at_sunset__Alberta__Canada_horiz.jpg,Scenic_Icefields_Parkway_in_Banff_National_Park_at_sunset__Alberta__Canada_horiz.jpg,evening,,,,,,,,,,,
evening\Scenic_scapes_of_Bowen_Island_in_Howe_Sound_at_sunset__Salish_Sea__British_Columbia__Canada_horiz.jpg,Scenic_scapes_of_Bowen_Island_in_Howe_Sound_at_sunset__Salish_Sea__British_Columbia__Canada_horiz.jpg,evening,,,,,,,,,,,
evening\Scenic_sunset_over_giant_sand_dunes__Maspalomas__Grand_Canary__Spain_vert.jpg,Scenic_sunset_over_giant_sand_dunes__Maspalomas__Grand_Canary__Spain_vert.jpg,evening,,,,Spain,spain,country,40.4637,-3.7492,EU,gazetteer,med
evening\Scenic_sunset_shot_in_the_Florida_Keys__Florida__USA_vert.jpg,Scenic_sunset_shot_in_the_Florida_Keys__Florida__USA_vert.jpg,evening,,,Florida,USA,florida,state,27.6648,-81.5158,NA,gazetteer,med
evening\Scenic_view_of_lake_against_aurora_borealis_at_night__Novyy_Urengoy__Russia_horiz.jpg,Scenic_view_of_lake_against_aurora_borealis_at_night__Novyy_Urengoy__Russia_horiz.jpg,evening,,,,,,,,,,,
evening\Scenic_view_of_landscape_against_sky_during_sunset__Bandarban__Bangladesh_horiz.jpg,Scenic_view_of_landscape_against_sky_during_sunset__Bandarban__Bangladesh_horiz.jpg,evening,,,,,,,,,,,
evening\Scenic_view_of_palm_trees_on_rice_field_against_sky_during_sunset__Ubud__Indonesia_vert.jpg,Scenic_view_of_palm_trees_on_rice_field_against_sky_during_sunset__Ubud__Indonesia_vert.jpg,evening,,,,,,,,,,,
evening\Scenic_view_of_rocky_mountains_during_sunset__Swiss_Alps__Switzerland_vert.jpg,Scenic_view_of_rocky_mountains_during_sunset__Swiss_Alps__Switzerland_vert.jpg,evening,,,,,,,,,,,
evening\Scenic_view_of_sea_against_clear_sky_during_sunset__Trinidad__California__USA_horiz.jpg,Scenic_view_of_sea_against_clear_sky_during_sunset__Trinidad__California__USA_horiz.jpg,evening,,,California,USA,california,state,36.7783,-119.4179,NA,gazetteer,med
evening\Scenic_view_of_sea_against_sky_at_sunset__Scheveningen_beach__Den_Haag__Netherlands_horiz.jpg,Scenic_view_of_sea_against_sky_at_sunset__Scheveningen_beach__Den_Haag__Netherlands_horiz.jpg,evening,,,,,,,,,,,
evening\Scenic_view_of_sea_against_sky_during_sunset__Inishmore_island__Ireland_horiz.jpg,Scenic_view_of_sea_against_sky_during_sunset__Inishmore_island__Ireland_horiz.jpg,evening,,,,,,,,,,,
evening\Scenic_view_of_sea_against_sky_during_sunset__Kiama__Australia_horiz.jpg,Scenic_view_of_sea_against_sky_during_sunset__Kiama__Australia_horiz.jpg,evening,,,,Australia,australia,country,-25.2744,133.7751,OC,gazetteer,med
evening\Scenic_view_of_sea_against_sky_during_sunset__Melbourne__Australia_horiz.jpg,Scenic_view_of_sea_against_sky_during_sunset__Melbourne__Australia_horiz.jpg,evening,,,,Australia,australia,country,-25.2744,133.7751,OC,gazetteer,med
evening\Scenic_view_of_sea_during_sunset__Londrangar_Cliffs_in_Sn_fellsnes__Iceland_vert.jpg,Scenic_view_of_sea_during_sunset__Londrangar_Cliffs_in_Sn_fellsnes__Iceland_vert.jpg,evening,,,,Iceland,iceland,country,64.9631,-19.0208,EU,gazetteer,med
evening\Schrecksee_lake_with_mountains_against_sky_at_sunset__Allg_u_High_Alps__Bavaria__Germany_horiz.jpg,Schrecksee_lake_with_mountains_against_sky_at_sunset__Allg_u_High_Alps__Bavaria__Germany_horiz.jpg,evening,,,,,,,,,,,
evening\Seascape_at_sunset_with_lighthouse_on_the_coast__seaside_town_of_Turgutreis__Turkey_vert.jpg,Seascape_at_sunset_with_lighthouse_on_the_coast__seaside_town_of_Turgutreis__Turkey_vert.jpg,evening,,,,,,,,,,,
evening\Sea_against_dramatic_sky_during_sunset__El_Tabo__Chile_vert.jpg,Sea_against_dramatic_sky_during_sunset__El_Tabo__Chile_vert.jpg,evening,,,,,,,,,,,
evening\Sea_boatman_silhouette_at_sunset_vert.jpg,Sea_boatman_silhouette_at_sunset_vert.jpg,evening,,,,,,,,,,,
evening\Sea_of_Cortez_or_Gulf_of_California_at_sunset__Baja__Mexico_horiz.jpg,Sea_of_Cortez_or_Gulf_of_California_at_sunset__Baja__Mexico_horiz.jpg,evening,,,California,,california,state,36.7783,-119.4179,NA,gazetteer,med
evening\Seceda_peak_at_sunset__Dolomites__South_Tyrol__Italy_horiz.jpg,Seceda_peak_at_sunset__Dolomites__South_Tyrol__Italy_horiz.jpg,evening,,,,Italy,italy,country,41.8719,12.5674,EU,gazetteer,med
evening\Secret_Cove_Beach_at_sunset__Maui__Hawaii__USA_horiz.jpg,Secret_Cove_Beach_at_sunset__Maui__Hawaii__USA_horiz.jpg,evening,,,Hawaii,USA,hawaii,state,20.7984,-156.3319,NA,gazetteer,med
evening\Sengamon_Rock_at_Izu_Peninsula_coast_with_Mount_Fuji_at_sunset__Shizuoka__Japan_horiz.jpg,Sengamon_Rock_at_Izu_Peninsula_coast_with_Mount_Fuji_at_sunset__Shizuoka__Japan_horiz.jpg,evening,,,,Japan,japan,country,36.2048,138.2529,AS,gazetteer,med
evening\Shanghai_Lupu_Bridge_over_Huangpu_River_at_dusk__China_horiz.jpg,Shanghai_Lupu_Bridge_over_Huangpu_River_at_dusk__China_horiz.jpg,evening,,,,,,,,,,,
evening\Sheep_and_road_on_seashore_at_sunset__Ei_i__Eysturoy__Faroe_Islands_horiz.jpg,Sheep_and_road_on_seashore_at_sunset__Ei_i__Eysturoy__Faroe_Islands_horiz.jpg,evening,,,,,,,,,,,
evening\Shenandoah_River_at_sunset__Harper__039_s_Ferry__West_Virginia_vert.jpg,Shenandoah_River_at_sunset__Harper__039_s_Ferry__West_Virginia_vert.jpg,evening,,,,,,,,,,,
evening\Shiroyone_Senmaida_rice_terraces_night_light_up__Wajima__Japan_vert.jpg,Shiroyone_Senmaida_rice_terraces_night_light_up__Wajima__Japan_vert.jpg,evening,,,,Japan,japan,country,36.2048,138.2529,AS,gazetteer,med
evening\Silence_at_Sletn_s__an_evening_at_Nakskov_Fjord__Denmark_horiz.jpg,Silence_at_Sletn_s__an_evening_at_Nakskov_Fjord__Denmark_horiz.jpg,evening,,,,,,,,,,,
evening\Silhouettes_of_kids_playing_hockey_on_frozen_lake_at_sunset__Kirchsee__Bavaria__Germany_horiz.jpg,Silhouettes_of_kids_playing_hockey_on_frozen_lake_at_sunset__Kirchsee__Bavaria__Germany_horiz.jpg,evening,,,,,,,,,,,
evening\Silhouette_Man_Photographing_On_Pier_Over_Lake_Against_Sky_During_Sunset_vert.jpg,Silhouette_Man_Photographing_On_Pier_Over_Lake_Against_Sky_During_Sunset_vert.jpg,evening,,,,,,,,,,,
evening\Silhouette_of_family_hiking_at_sunset__Death_Valley__California__USA_vert.jpg,Silhouette_of_family_hiking_at_sunset__Death_Valley__California__USA_vert.jpg,evening,,,California,USA,california,state,36.7783,-119.4179,NA,gazetteer,med
evening\Silver_grass_and_Lake_Biwa_at_sunset__Shiga_Prefecture__Japan_horiz.jpg,Silver_grass_and_Lake_Biwa_at_sunset__Shiga_Prefecture__Japan_horiz.jpg,evening,,,,Japan,japan,country,36.2048,138.2529,AS,gazetteer,med
evening\Singapore_city_business_district_skyline_at_sunset__Marina_Bay__Singapore_horiz.jpg,Singapore_city_business_district_skyline_at_sunset__Marina_Bay__Singapore_horiz.jpg,evening,,,,,,,,,,,
evening\Singapore_skyline_at_sunset_time__Marina_Bay_in_Singapore_city_horiz.jpg,Singapore_skyline_at_sunset_time__Marina_Bay_in_Singapore_city_horiz.jpg,evening,,,,,,,,,,,
evening\Skogafoss_waterfall_view_with_reflections_at_summer_sunset__Iceland_vert.jpg,Skogafoss_waterfall_view_with_reflections_at_summer_sunset__Iceland_vert.jpg,evening,,,,Iceland,iceland,country,64.9631,-19.0208,EU,gazetteer,med
evening\Skyline_and_Griffith_Observatory_in_the_evening__Los_Angeles__California__USA_vert.jpg,Skyline_and_Griffith_Observatory_in_the_evening__Los_Angeles__California__USA_vert.jpg,evening,,,California,USA,california,state,36.7783,-119.4179,NA,gazetteer,med
evening\Skyline_on_the_White_River_with_the_state_capitol_building_at_dusk__Indianapolis__Indiana__USA_horiz.jpg,Skyline_on_the_White_River_with_the_state_capitol_building_at_dusk__Indianapolis__Indiana__USA_horiz.jpg,evening,,,,USA,usa,country,39.8283,-98.5795,NA,gazetteer,med
evening\Skyline_view_of_Mellie_a_town_after_sunset_with_Parish_Church_and_beach__Malta_vert.jpg,Skyline_view_of_Mellie_a_town_after_sunset_with_Parish_Church_and_beach__Malta_vert.jpg,evening,,,,,,,,,,,
evening\Sky_at_sunset_behind_a_rock_with_a_heart_shaped_hole__Calanches_de_Piana__Corsica__France_horiz.jpg,Sky_at_sunset_behind_a_rock_with_a_heart_shaped_hole__Calanches_de_Piana__Corsica__France_horiz.jpg,evening,,,,France,france,country,46.2276,2.2137,EU,gazetteer,med
evening\Sky_over_woods_at_night_vert.jpg,Sky_over_woods_at_night_vert.jpg,evening,,,,,,,,,,,
evening\Small_gingerbread_cottage_in_winter_at_night_vert.jpg,Small_gingerbread_cottage_in_winter_at_night_vert.jpg,evening,,,,,,,,,,,
evening\Small_islet_Agios_Sostis_at_dusk__Zakynthos__Ionian_Islands__Greece_horiz.jpg,Small_islet_Agios_Sostis_at_dusk__Zakynthos__Ionian_Islands__Greece_horiz.jpg,evening,,,,Greece,greece,country,39.0742,21.8243,EU,gazetteer,med
evening\Small_waterfall_in_Edith_Creek_at_sunset__Mount_Rainier_National_Park__Washington_state__USA_horiz.jpg,Small_waterfall_in_Edith_Creek_at_sunset__Mount_Rainier_National_Park__Washington_state__USA_horiz.jpg,evening,,,Washington,USA,washington,state,47.7511,-120.7401,NA,gazetteer,med
evening\Smooth_tide_pool_surrounded_by_rock_at_sunset__Ersdalen__H_n____cker___Sweden_horiz.jpg,Smooth_tide_pool_surrounded_by_rock_at_sunset__Ersdalen__H_n____cker___Sweden_horiz.jpg,evening,,,,,,,,,,,
evening\Snowcapped_mountains_at_sunset__Lofoten__Flakstad__Nordland__Norway_vert.jpg,Snowcapped_mountains_at_sunset__Lofoten__Flakstad__Nordland__Norway_vert.jpg,evening,,,,Norway,norway,country,60.472,8.4689,EU,gazetteer,med
evening\Snowcapped_mountains_at_winter_sunset__Slovenia_horiz.jpg,Snowcapped_mountains_at_winter_sunset__Slovenia_horiz.jpg,evening,,,,,,,,,,,
evening\Snowcapped_mountains_Cook_and_Fox_reflected_in_lake_Matheson_at_sunset__Westland__New_Zealand_South_Island_horiz.jpg,Snowcapped_mountains_Cook_and_Fox_reflected_in_lake_Matheson_at_sunset__Westland__New_Zealand_South_Island_horiz.jpg,evening,,,,New Zealand,new zealand,country,-40.9006,174.886,OC,gazetteer,med
evening\Snowcapped_tree_under_the_beautiful_night_sky_with_colorful_aurora_borealis_vert.jpg,Snowcapped_tree_under_the_beautiful_night_sky_with_colorful_aurora_borealis_vert.jpg,evening,,,,,,,,,,,
evening\Snowy_mountain_landscape_on_the_background_of_a_beautiful_sunset__Russia_horiz.jpg,Snowy_mountain_landscape_on_the_background_of_a_beautiful_sunset__Russia_horiz.jpg,evening,,,,,,,,,,,
evening\Snowy_peaks_at_frozen_Lake_Jaegervatnet_at_sunset__Stortind__Lyngen_Alps__Troms__Lapland__Norway_horiz.jpg,Snowy_peaks_at_frozen_Lake_Jaegervatnet_at_sunset__Stortind__Lyngen_Alps__Troms__Lapland__Norway_horiz.jpg,evening,,,,Norway,norway,country,60.472,8.4689,EU,gazetteer,med
evening\Snowy_peak_of_Mount_Cook__Aoraki_and_landscape_at_sunset__Mount_Cook_National_Park__New_Zealand_horiz.jpg,Snowy_peak_of_Mount_Cook__Aoraki_and_landscape_at_sunset__Mount_Cook_National_Park__New_Zealand_horiz.jpg,evening,,,,New Zealand,new zealand,country,-40.9006,174.886,OC,gazetteer,med
evening\Sopelana_beach_with_surfboards_on_the_shore_at_sunset__Biscay__Basque_Country__Spain_horiz.jpg,Sopelana_beach_with_surfboards_on_the_shore_at_sunset__Biscay__Basque_Country__Spain_horiz.jpg,evening,,,,Spain,spain,country,40.4637,-3.7492,EU,gazetteer,med
evening\Southern_most_point_of_Africa_Cape_Agulhas_in_South_Africa_at_sunset_horiz.jpg,Southern_most_point_of_Africa_Cape_Agulhas_in_South_Africa_at_sunset_horiz.jpg,evening,,,,,,,,,,,
evening\Spectacular_sunset_at_the_Castle_Rock_State_Park_in_Kansas__USA_horiz.jpg,Spectacular_sunset_at_the_Castle_Rock_State_Park_in_Kansas__USA_horiz.jpg,evening,,,,USA,usa,country,39.8283,-98.5795,NA,gazetteer,med
evening\Spirit_Island_and_Maligne_Lake_at_summer_dusk__Jasper_National_Park__Alberta__Canada_horiz.jpg,Spirit_Island_and_Maligne_Lake_at_summer_dusk__Jasper_National_Park__Alberta__Canada_horiz.jpg,evening,,,,,,,,,,,
evening\Spooky_moonrise_over_lake__super_moon_at_night_horiz.jpg,Spooky_moonrise_over_lake__super_moon_at_night_horiz.jpg,evening,,,,,,,,,,,
evening\Spring_Point_Lighthouse_on_foggy_evening__South_Portland__Maine__USA_horiz.jpg,Spring_Point_Lighthouse_on_foggy_evening__South_Portland__Maine__USA_horiz.jpg,evening,,,,USA,usa,country,39.8283,-98.5795,NA,gazetteer,med
evening\Stacks_of_methane_bubbles_under_ice_in_Abraham_Lake_at_sunset__Alberta__Canada_vert.jpg,Stacks_of_methane_bubbles_under_ice_in_Abraham_Lake_at_sunset__Alberta__Canada_vert.jpg,evening,,,,,,,,,,,
evening\Starry_night_at_Hehuanshan__Hehuan_Mountain__Taichung__Taiwan_horiz.jpg,Starry_night_at_Hehuanshan__Hehuan_Mountain__Taichung__Taiwan_horiz.jpg,evening,,,,,,,,,,,
evening\Starry_night_in_the_Gobi_Desert__Ordos__Inner_Mongolia__China_horiz.jpg,Starry_night_in_the_Gobi_Desert__Ordos__Inner_Mongolia__China_horiz.jpg,evening,,,,,,,,,,,
evening\Starry_night_over_rock_formations_by_the_Pacific_Ocean__Dalian__Liaoning__China_horiz.jpg,Starry_night_over_rock_formations_by_the_Pacific_Ocean__Dalian__Liaoning__China_horiz.jpg,evening,,,,,,,,,,,
evening\Starry_night_sky_over_outback_desert__New_South_Wales__Australia_horiz.jpg,Starry_night_sky_over_outback_desert__New_South_Wales__Australia_horiz.jpg,evening,,,,Australia,australia,country,-25.2744,133.7751,OC,gazetteer,med
evening\Starry_night_sky_over_swamp__Okavango_Delta__Botswana__Limpopo__South_Africa_horiz.jpg,Starry_night_sky_over_swamp__Okavango_Delta__Botswana__Limpopo__South_Africa_horiz.jpg,evening,,,,,,,,,,,
evening\Stone_bridge_arching_over_the_still_water_at_dusk__City_Park_in_New_Orleans__Louisiana__USA_horiz.jpg,Stone_bridge_arching_over_the_still_water_at_dusk__City_Park_in_New_Orleans__Louisiana__USA_horiz.jpg,evening,,,,USA,usa,country,39.8283,-98.5795,NA,gazetteer,med
evening\Stormy_sunset_over_Lake_Tahoe_and_Bonsai_Rock__Lake_Tahoe__California__USA_horiz.jpg,Stormy_sunset_over_Lake_Tahoe_and_Bonsai_Rock__Lake_Tahoe__California__USA_horiz.jpg,evening,,,California,USA,california,state,36.7783,-119.4179,NA,gazetteer,med
evening\Storm_clouds_at_sunset_over_the_ocean__Seychelles__Africa_horiz.jpg,Storm_clouds_at_sunset_over_the_ocean__Seychelles__Africa_horiz.jpg,evening,,,,,,,,,,,
evening\St_Kilda_pavilion_at_St_Kilda_pier_at_sunset_in_Melbourne__Victoria__Australia_vert.jpg,St_Kilda_pavilion_at_St_Kilda_pier_at_sunset_in_Melbourne__Victoria__Australia_vert.jpg,evening,,,,Australia,australia,country,-25.2744,133.7751,OC,gazetteer,med
evening\St_Paul__039_s_cathedral_and_Millennium_bridge_at_night__South_Bank__London__England__UK_vert.jpg,St_Paul__039_s_cathedral_and_Millennium_bridge_at_night__South_Bank__London__England__UK_vert.jpg,evening,,London,,,london,city,51.5074,-0.1278,EU,gazetteer,high
evening\Subbeberget_Light_Lighthouse_against_sky_at_sunset__Varberg__Sweden_vert.jpg,Subbeberget_Light_Lighthouse_against_sky_at_sunset__Varberg__Sweden_vert.jpg,evening,,,,,,,,,,,
evening\Submerged_gondola_at_pier_in_evening__Zingst__Mecklenburg___Western_Pomerania__Germany_horiz.jpg,Submerged_gondola_at_pier_in_evening__Zingst__Mecklenburg___Western_Pomerania__Germany_horiz.jpg,evening,,,,,,,,,,,
evening\Summer_landscape_with_rainbow_at_sunset_over_wildflowers__Baryshevka__Ukraine_horiz.jpg,Summer_landscape_with_rainbow_at_sunset_over_wildflowers__Baryshevka__Ukraine_horiz.jpg,evening,,,,,,,,,,,
evening\Summer_moon_and_San_Felice_Circeo_at_night__Latina__Italy_vert.jpg,Summer_moon_and_San_Felice_Circeo_at_night__Latina__Italy_vert.jpg,evening,,,,Italy,italy,country,41.8719,12.5674,EU,gazetteer,med
evening\Summer_night_at_beach_side_campsite__Catalina_Island__California__USA_vert.jpg,Summer_night_at_beach_side_campsite__Catalina_Island__California__USA_vert.jpg,evening,,,California,USA,california,state,36.7783,-119.4179,NA,gazetteer,med
evening\Summer_sunset_at_the_Godafoss_Waterfall_on_Skj_lfandaflj_t_river__Iceland_vert.jpg,Summer_sunset_at_the_Godafoss_Waterfall_on_Skj_lfandaflj_t_river__Iceland_vert.jpg,evening,,,,Iceland,iceland,country,64.9631,-19.0208,EU,gazetteer,med
evening\Summer_sunset_in_China__039_s_rainbow_mountain__Zhangye_National_Geopark_vert.jpg,Summer_sunset_in_China__039_s_rainbow_mountain__Zhangye_National_Geopark_vert.jpg,evening,,,,,,,,,,,
evening\Summer_sunset_in_the_Italian_Alps__Dolomiti__Dolomites__Cortina_d__039_Ampezzo__South_Tyrol__Italy_vert.jpg,Summer_sunset_in_the_Italian_Alps__Dolomiti__Dolomites__Cortina_d__039_Ampezzo__South_Tyrol__Italy_vert.jpg,evening,,,,Italy,italy,country,41.8719,12.5674,EU,gazetteer,med
evening\Summer_sunset_over_the_fishing_pier_at_the_lake_in_Finland_horiz.jpg,Summer_sunset_over_the_fishing_pier_at_the_lake_in_Finland_horiz.jpg,evening,,,,,,,,,,,
evening\Summer_sunset_over_the_Valley_of_Fire_State_Park_in_the_Nevada_desert__USA_vert.jpg,Summer_sunset_over_the_Valley_of_Fire_State_Park_in_the_Nevada_desert__USA_vert.jpg,evening,,,Nevada,USA,nevada,state,38.8026,-116.4194,NA,gazetteer,med
evening\Sunflowers_field_at_sunset__Germany_horiz.jpg,Sunflowers_field_at_sunset__Germany_horiz.jpg,evening,,,,,,,,,,,
evening\Sunflower_at_sunset__Croatia_vert.jpg,Sunflower_at_sunset__Croatia_vert.jpg,evening,,,,,,,,,,,
evening\Sunflower_field_at_sunset__Bishop__039_s_Waltham__Hampshire__England__UK_vert.jpg,Sunflower_field_at_sunset__Bishop__039_s_Waltham__Hampshire__England__UK_vert.jpg,evening,,,,,,,,,,,
evening\Sunset_above_the_clouds__near_Jabal_Jais_in_Ras_Al_Khaimah__UAE_vert.jpg,Sunset_above_the_clouds__near_Jabal_Jais_in_Ras_Al_Khaimah__UAE_vert.jpg,evening,,,,,,,,,,,
evening\Sunset_aerial_view_from_Reinebringen_ridge_on_mountains_and_village_of_Reine_in_Lofoten_islands__Norway_horiz.jpg,Sunset_aerial_view_from_Reinebringen_ridge_on_mountains_and_village_of_Reine_in_Lofoten_islands__Norway_horiz.jpg,evening,Lofoten islands,,,Norway,lofoten islands,landmark,68.209,13.8456,EU,gazetteer,high
evening\Sunset_aerial_view_of_the_New_River_Gorge_Bridge__West_Virginia__USA_horiz.jpg,Sunset_aerial_view_of_the_New_River_Gorge_Bridge__West_Virginia__USA_horiz.jpg,evening,,,,USA,usa,country,39.8283,-98.5795,NA,gazetteer,med
evening\Sunset_along_the_coast__of_the_Osa_Peninsula_in_the_Corcovado_National_Park__Costa_Rica_horiz.jpg,Sunset_along_the_coast__of_the_Osa_Peninsula_in_the_Corcovado_National_Park__Costa_Rica_horiz.jpg,evening,,,,,,,,,,,
evening\Sunset_along_the_shores_of_southern_Vancouver_Island__Victoria__British_Columbia__Canada_vert.jpg,Sunset_along_the_shores_of_southern_Vancouver_Island__Victoria__British_Columbia__Canada_vert.jpg,evening,,,,,,,,,,,
evening\Sunset_along_the_Snake_River_with_Mount_Moran__Grand_Teton_National_Park__Wyoming__USA_vert.jpg,Sunset_along_the_Snake_River_with_Mount_Moran__Grand_Teton_National_Park__Wyoming__USA_vert.jpg,evening,,,,USA,usa,country,39.8283,-98.5795,NA,gazetteer,med
evening\Sunset_and_rising_moon_over_arch_in_Joshua_Tree_National_Park__California__USA_vert.jpg,Sunset_and_rising_moon_over_arch_in_Joshua_Tree_National_Park__California__USA_vert.jpg,evening,,,California,USA,california,state,36.7783,-119.4179,NA,gazetteer,med
evening\Sunset_and_sailboat_in_Martha__039_s_Vineyard__Massachusetts__USA_horiz.jpg,Sunset_and_sailboat_in_Martha__039_s_Vineyard__Massachusetts__USA_horiz.jpg,evening,,,,USA,usa,country,39.8283,-98.5795,NA,gazetteer,med
evening\Sunset_and_sea_wave_at_Koh_Kood__Ko_Kut__Island__Thailand_horiz.jpg,Sunset_and_sea_wave_at_Koh_Kood__Ko_Kut__Island__Thailand_horiz.jpg,evening,,,,Thailand,thailand,country,15.87,100.9925,AS,gazetteer,med
evening\Sunset_at_Ardvreck_Castle__Loch_Assynt_in_Sutherland__Scotland__UK_horiz.jpg,Sunset_at_Ardvreck_Castle__Loch_Assynt_in_Sutherland__Scotland__UK_horiz.jpg,evening,,,,,,,,,,,
evening\Sunset_at_Arn_a_Beach__Cantabria__Spain_vert.jpg,Sunset_at_Arn_a_Beach__Cantabria__Spain_vert.jpg,evening,,,,Spain,spain,country,40.4637,-3.7492,EU,gazetteer,med
evening\Sunset_at_beaches_of_Pontal_do_Atalaia__Arraial_do_Cabo__Rio_de_Janeiro__Brazil_vert.jpg,Sunset_at_beaches_of_Pontal_do_Atalaia__Arraial_do_Cabo__Rio_de_Janeiro__Brazil_vert.jpg,evening,,,,,,,,,,,
evening\Sunset_at_Bowling_Ball_Beach__Point_Arena__Mendocino__California__USA_horiz.jpg,Sunset_at_Bowling_Ball_Beach__Point_Arena__Mendocino__California__USA_horiz.jpg,evening,,,California,USA,california,state,36.7783,-119.4179,NA,gazetteer,med
evening\Sunset_at_Capitol_Peak__Aspen__Colorado__USA_vert.jpg,Sunset_at_Capitol_Peak__Aspen__Colorado__USA_vert.jpg,evening,,,Colorado,USA,colorado,state,39.5501,-105.7821,NA,gazetteer,med
evening\Sunset_at_Castle_of_Marv_o_with_a_small_village__Portalegre__Alto_Alentejo__Portugal_vert.jpg,Sunset_at_Castle_of_Marv_o_with_a_small_village__Portalegre__Alto_Alentejo__Portugal_vert.jpg,evening,,,,Portugal,portugal,country,39.3999,-8.2245,EU,gazetteer,med
evening\Sunset_at_Dukhan__Doha__Qatar_horiz.jpg,Sunset_at_Dukhan__Doha__Qatar_horiz.jpg,evening,,,,,,,,,,,
evening\Sunset_at_Golden_Gate_Highlands_National_Park__Free_State__South_Africa_horiz.jpg,Sunset_at_Golden_Gate_Highlands_National_Park__Free_State__South_Africa_horiz.jpg,evening,,,,,,,,,,,
evening\Sunset_at_Heisler_Park__Laguna_Beach__California__USA_horiz.jpg,Sunset_at_Heisler_Park__Laguna_Beach__California__USA_horiz.jpg,evening,,,California,USA,california,state,36.7783,-119.4179,NA,gazetteer,med
evening\Sunset_at_Hidden_Lake__Glacier_National_Park__Montana__USA_vert.jpg,Sunset_at_Hidden_Lake__Glacier_National_Park__Montana__USA_vert.jpg,evening,,,,USA,usa,country,39.8283,-98.5795,NA,gazetteer,med
evening\Sunset_at_Kao_Kwai_Beach__Buffalo_Beach__at_Payam_Island__Koh_Payam___Ranong__Thailand_horiz.jpg,Sunset_at_Kao_Kwai_Beach__Buffalo_Beach__at_Payam_Island__Koh_Payam___Ranong__Thailand_horiz.jpg,evening,,,,Thailand,thailand,country,15.87,100.9925,AS,gazetteer,med
evening\Sunset_at_Kao_Kwai__Buffalo__Beach_at_Payam_Island__Koh_Payam___Ko_Phayam__Ranong__Thailand_horiz.jpg,Sunset_at_Kao_Kwai__Buffalo__Beach_at_Payam_Island__Koh_Payam___Ko_Phayam__Ranong__Thailand_horiz.jpg,evening,,,,Thailand,thailand,country,15.87,100.9925,AS,gazetteer,med
evening\Sunset_at_K____Beach__Ha_ena_State_Park__Kauai_island__Hawaii__USA_horiz.jpg,Sunset_at_K____Beach__Ha_ena_State_Park__Kauai_island__Hawaii__USA_horiz.jpg,evening,,,Hawaii,USA,hawaii,state,20.7984,-156.3319,NA,gazetteer,med
evening\Sunset_at_Laem_Phrom_Thep_Cape__Phuket__Thailand_horiz.jpg,Sunset_at_Laem_Phrom_Thep_Cape__Phuket__Thailand_horiz.jpg,evening,,,,Thailand,thailand,country,15.87,100.9925,AS,gazetteer,med
evening\Sunset_at_Lake_Crescent_in_Olympic_National_Park__Washington_State__USA_horiz.jpg,Sunset_at_Lake_Crescent_in_Olympic_National_Park__Washington_State__USA_horiz.jpg,evening,,,Washington,USA,washington,state,47.7511,-120.7401,NA,gazetteer,med
evening\Sunset_at_Magoito_beach__Sintra__Portugal_vert.jpg,Sunset_at_Magoito_beach__Sintra__Portugal_vert.jpg,evening,,,,Portugal,portugal,country,39.3999,-8.2245,EU,gazetteer,med
evening\Sunset_at_Mam_Tor__road_to_Hope_Valley__Peak_District_National_Park__Derbyshire__England__UK_vert.jpg,Sunset_at_Mam_Tor__road_to_Hope_Valley__Peak_District_National_Park__Derbyshire__England__UK_vert.jpg,evening,,,,,,,,,,,
evening\Sunset_at_Mount_Gede__Gunung_Gede___West_Java__Indonesia_horiz.jpg,Sunset_at_Mount_Gede__Gunung_Gede___West_Java__Indonesia_horiz.jpg,evening,,,,,,,,,,,
evening\Sunset_at_Oia_village_on_Santorini_island__Greece_horiz.jpg,Sunset_at_Oia_village_on_Santorini_island__Greece_horiz.jpg,evening,,,,Greece,greece,country,39.0742,21.8243,EU,gazetteer,med
evening\Sunset_at_Padar_Island__Komodo_National_Park__Labuan_Bajo__East_Nusa_Tenggara__Indonesia_vert.jpg,Sunset_at_Padar_Island__Komodo_National_Park__Labuan_Bajo__East_Nusa_Tenggara__Indonesia_vert.jpg,evening,,,,,,,,,,,
evening\Sunset_at_Phnom_Bakheng_in_Angkor_Wat__Cambodia_horiz.jpg,Sunset_at_Phnom_Bakheng_in_Angkor_Wat__Cambodia_horiz.jpg,evening,,,,,,,,,,,
evening\Sunset_at_Piha_beach__Auckland__New_Zealand_horiz.jpg,Sunset_at_Piha_beach__Auckland__New_Zealand_horiz.jpg,evening,,,,New Zealand,new zealand,country,-40.9006,174.886,OC,gazetteer,med
evening\Sunset_at_Pinios_river__Trikala__Thessaly__Greece_vert.jpg,Sunset_at_Pinios_river__Trikala__Thessaly__Greece_vert.jpg,evening,,,,Greece,greece,country,39.0742,21.8243,EU,gazetteer,med
evening\Sunset_at_Pointe_de_Dinan__Armorica_Regional_Natural_Park__Crozon__Finist_re__Brittany__France_vert.jpg,Sunset_at_Pointe_de_Dinan__Armorica_Regional_Natural_Park__Crozon__Finist_re__Brittany__France_vert.jpg,evening,,,,France,france,country,46.2276,2.2137,EU,gazetteer,med
evening\Sunset_at_Puerto_Natales_pier__Patagonia__Chile_horiz.jpg,Sunset_at_Puerto_Natales_pier__Patagonia__Chile_horiz.jpg,evening,,,,,,,,,,,
evening\Sunset_at_Rattray_Head_Lighthouse_on_the_north_east_coast_of_Scotland__Aberdeenshire__UK_horiz.jpg,Sunset_at_Rattray_Head_Lighthouse_on_the_north_east_coast_of_Scotland__Aberdeenshire__UK_horiz.jpg,evening,,,,,,,,,,,
evening\Sunset_at_Ravens_Nest_looking_towards_Acadia_National_Park_and_Cadillac_Mountain__Maine__USA_horiz.jpg,Sunset_at_Ravens_Nest_looking_towards_Acadia_National_Park_and_Cadillac_Mountain__Maine__USA_horiz.jpg,evening,,,,USA,usa,country,39.8283,-98.5795,NA,gazetteer,med
evening\Sunset_at_rocky_Tongaporutu_beach_in_Taranaki_region__the_North_Island_of_New_Zealand_vert.jpg,Sunset_at_rocky_Tongaporutu_beach_in_Taranaki_region__the_North_Island_of_New_Zealand_vert.jpg,evening,,,,New Zealand,new zealand,country,-40.9006,174.886,OC,gazetteer,med
evening\Sunset_at_Saguaro_National_Park_near_Tucson__Arizona__USA_vert.jpg,Sunset_at_Saguaro_National_Park_near_Tucson__Arizona__USA_vert.jpg,evening,,,Arizona,USA,arizona,state,34.0489,-111.0937,NA,gazetteer,med
evening\Sunset_at_Saint_Mary_Lake__Glacier_national_park__Montana__USA_horiz.jpg,Sunset_at_Saint_Mary_Lake__Glacier_national_park__Montana__USA_horiz.jpg,evening,,,,USA,usa,country,39.8283,-98.5795,NA,gazetteer,med
evening\Sunset_at_Salar_de_Uyuni__Salar_de_Tunupa__salt_flat__Bolivia_horiz.jpg,Sunset_at_Salar_de_Uyuni__Salar_de_Tunupa__salt_flat__Bolivia_horiz.jpg,evening,,,,,,,,,,,
evening\Sunset_at_Salisbury_Plain_with_Stonehenge__Wiltshire__England__UK_vert.jpg,Sunset_at_Salisbury_Plain_with_Stonehenge__Wiltshire__England__UK_vert.jpg,evening,,,,,,,,,,,
evening\Sunset_at_sea__Dalarna__Sweden_horiz.jpg,Sunset_at_sea__Dalarna__Sweden_horiz.jpg,evening,,,,,,,,,,,
evening\Sunset_at_the_beach_on_the_East_Frisian_Island_Juist_in_the_North_Sea__Juist__Germany_horiz.jpg,Sunset_at_the_beach_on_the_East_Frisian_Island_Juist_in_the_North_Sea__Juist__Germany_horiz.jpg,evening,,,,,,,,,,,
evening\Sunset_at_the_famous_rock_formation___039_La_Fenetre__039__near_Isalo__Madagascar_vert.jpg,Sunset_at_the_famous_rock_formation___039_La_Fenetre__039__near_Isalo__Madagascar_vert.jpg,evening,,,,,,,,,,,
evening\Sunset_at_the_Grand_Prismatic_Hot_Spring_in_Yellowstone__039_s_Midway_Geyser_Basin__Wyoming__USA_vert.jpg,Sunset_at_the_Grand_Prismatic_Hot_Spring_in_Yellowstone__039_s_Midway_Geyser_Basin__Wyoming__USA_vert.jpg,evening,,,,USA,usa,country,39.8283,-98.5795,NA,gazetteer,med
evening\Sunset_at_the_lake_Pet_n_Itz__in_El_Ramate__Guatemala_vert.jpg,Sunset_at_the_lake_Pet_n_Itz__in_El_Ramate__Guatemala_vert.jpg,evening,,,,,,,,,,,
evening\Sunset_at_the_Murder_Hole_Beach__Rosguill__Donegal__Ireland_horiz.jpg,Sunset_at_the_Murder_Hole_Beach__Rosguill__Donegal__Ireland_horiz.jpg,evening,,,,,,,,,,,
evening\Sunset_at_the_Newfound_Gap_in_the_Great_Smoky_Mountains__Tennessee__USA_vert.jpg,Sunset_at_the_Newfound_Gap_in_the_Great_Smoky_Mountains__Tennessee__USA_vert.jpg,evening,,,,USA,usa,country,39.8283,-98.5795,NA,gazetteer,med
evening\Sunset_at_the_north_end_of_Pismo_Beach__cliff_at_low_tide__California__USA_horiz.jpg,Sunset_at_the_north_end_of_Pismo_Beach__cliff_at_low_tide__California__USA_horiz.jpg,evening,,,California,USA,california,state,36.7783,-119.4179,NA,gazetteer,med
evening\Sunset_at_the_Pyramids__Giza__Cairo__Egypt_horiz.jpg,Sunset_at_the_Pyramids__Giza__Cairo__Egypt_horiz.jpg,evening,,,,,,,,,,,
evening\Sunset_at_the_sandy_beach__West_Coast_National_Park__Yzerfontein__Western_Cape__South_Africa_vert.jpg,Sunset_at_the_sandy_beach__West_Coast_National_Park__Yzerfontein__Western_Cape__South_Africa_vert.jpg,evening,,,,,,,,,,,
evening\Sunset_at_The_Wall__Badlands_National_Park__South_Dakota__USA_horiz.jpg,Sunset_at_The_Wall__Badlands_National_Park__South_Dakota__USA_horiz.jpg,evening,,,,USA,usa,country,39.8283,-98.5795,NA,gazetteer,med
evening\Sunset_at_White_Sands_National_Monument__New_Mexico__USA_vert.jpg,Sunset_at_White_Sands_National_Monument__New_Mexico__USA_vert.jpg,evening,,,,USA,usa,country,39.8283,-98.5795,NA,gazetteer,med
evening\Sunset_blue_landscape__Orbetello_lagoon_with_reflection__Argentario__Tuscany__Italy_horiz.jpg,Sunset_blue_landscape__Orbetello_lagoon_with_reflection__Argentario__Tuscany__Italy_horiz.jpg,evening,,,,Italy,italy,country,41.8719,12.5674,EU,gazetteer,med
evening\Sunset_by_Haystack_Rock_at_Cannon_Beach_on_Oregon_coast__USA_vert.jpg,Sunset_by_Haystack_Rock_at_Cannon_Beach_on_Oregon_coast__USA_vert.jpg,evening,,,Oregon,USA,oregon,state,43.8041,-120.5542,NA,gazetteer,med
evening\Sunset_Camel_Rock_at_Ao_Nui_beach__Ko_Phi_Phi_Don__Phi_Phi_islands__Krabi__Thailand_vert.jpg,Sunset_Camel_Rock_at_Ao_Nui_beach__Ko_Phi_Phi_Don__Phi_Phi_islands__Krabi__Thailand_vert.jpg,evening,,,,Thailand,thailand,country,15.87,100.9925,AS,gazetteer,med
evening\Sunset_casts_a_deep_orange_glow_on_Uluru_Ayre__039_s_rock__Uluru_National_Park__Australia_vert.jpg,Sunset_casts_a_deep_orange_glow_on_Uluru_Ayre__039_s_rock__Uluru_National_Park__Australia_vert.jpg,evening,,,,Australia,australia,country,-25.2744,133.7751,OC,gazetteer,med
evening\Sunset_city_skyline_at_canal_waterfront__Amsterdam__Netherlands_horiz.jpg,Sunset_city_skyline_at_canal_waterfront__Amsterdam__Netherlands_horiz.jpg,evening,,Amsterdam,,,amsterdam,city,52.3676,4.9041,EU,gazetteer,high
evening\Sunset_fog_behind_trees_at_Bangben_Lake__Ranong__Thailand_horiz.jpg,Sunset_fog_behind_trees_at_Bangben_Lake__Ranong__Thailand_horiz.jpg,evening,,,,Thailand,thailand,country,15.87,100.9925,AS,gazetteer,med
evening\Sunset_from_a_High_Dune_in_the_Moroccan_desert__Erg_Chebbi__Morocco_horiz.jpg,Sunset_from_a_High_Dune_in_the_Moroccan_desert__Erg_Chebbi__Morocco_horiz.jpg,evening,,,,,,,,,,,
evening\Sunset_from_summit_of_Guadalupe_Peak__Guadalupe_Mountains_National_Park__Texas__USA_horiz.jpg,Sunset_from_summit_of_Guadalupe_Peak__Guadalupe_Mountains_National_Park__Texas__USA_horiz.jpg,evening,,,Texas,USA,texas,state,31.0,-100.0,NA,gazetteer,med
evening\Sunset_glowing_through_rock_formation_on_Pfeiffer_Beach__Big_Sur__California__USA_horiz.jpg,Sunset_glowing_through_rock_formation_on_Pfeiffer_Beach__Big_Sur__California__USA_horiz.jpg,evening,Big Sur,,California,USA,big sur,landmark,36.3615,-121.8563,NA,gazetteer,high
evening\Sunset_in_Africa__Maasai_Mara_National_Reserve__Narok_County__Kenya_horiz.jpg,Sunset_in_Africa__Maasai_Mara_National_Reserve__Narok_County__Kenya_horiz.jpg,evening,,,,,,,,,,,
evening\Sunset_in_Alps_mountains__Grindelwald__Switzerland_horiz.jpg,Sunset_in_Alps_mountains__Grindelwald__Switzerland_horiz.jpg,evening,,,,,,,,,,,
evening\Sunset_in_Amsterdam_with_the_Muntorren_standing_out__Amstel_River__North_Holland__Netherlands_horiz.jpg,Sunset_in_Amsterdam_with_the_Muntorren_standing_out__Amstel_River__North_Holland__Netherlands_horiz.jpg,evening,,Amsterdam,,,amsterdam,city,52.3676,4.9041,EU,gazetteer,high
evening\Sunset_in_Busan_city_with_buildings__bridge_and_harbor__South_Korea_horiz.jpg,Sunset_in_Busan_city_with_buildings__bridge_and_harbor__South_Korea_horiz.jpg,evening,,,,,,,,,,,
evening\Sunset_in_deep_tropical_jungles_of_Nepal_vert.jpg,Sunset_in_deep_tropical_jungles_of_Nepal_vert.jpg,evening,,,,,,,,,,,
evening\Sunset_in_Esquel__Chubut__Argentina_horiz.jpg,Sunset_in_Esquel__Chubut__Argentina_horiz.jpg,evening,,,,,,,,,,,
evening\Sunset_in_Gr_tfjord__Troms_county__snowy_mountain_on_Vengs_y__Norway_horiz.jpg,Sunset_in_Gr_tfjord__Troms_county__snowy_mountain_on_Vengs_y__Norway_horiz.jpg,evening,,,,Norway,norway,country,60.472,8.4689,EU,gazetteer,med
evening\Sunset_in_Lucan_Dolomites_over_Castelmezzano_village__Potenza__Basilicata__Italy_horiz.jpg,Sunset_in_Lucan_Dolomites_over_Castelmezzano_village__Potenza__Basilicata__Italy_horiz.jpg,evening,,,,Italy,italy,country,41.8719,12.5674,EU,gazetteer,med
evening\Sunset_in_Monsul_Beach__Cabo_de_Gata_N_jar_Natural_Park__San_Jos___Almeria__Spain_vert.jpg,Sunset_in_Monsul_Beach__Cabo_de_Gata_N_jar_Natural_Park__San_Jos___Almeria__Spain_vert.jpg,evening,,,,Spain,spain,country,40.4637,-3.7492,EU,gazetteer,med
evening\Sunset_in_Pedra_dos_Tr_s_Pont_es__Pont_es_Capixabas__Afonso_Cl_udio__Esp_rito_Santo__Brazil_horiz.jpg,Sunset_in_Pedra_dos_Tr_s_Pont_es__Pont_es_Capixabas__Afonso_Cl_udio__Esp_rito_Santo__Brazil_horiz.jpg,evening,,,,,,,,,,,
evening\Sunset_in_Porto_Venere__Riviera_di_Levante__province_of_La_Spezia__Liguria__Italy_horiz.jpg,Sunset_in_Porto_Venere__Riviera_di_Levante__province_of_La_Spezia__Liguria__Italy_horiz.jpg,evening,,,,Italy,italy,country,41.8719,12.5674,EU,gazetteer,med
evening\Sunset_in_Rub_al_Khali_desert__Abu_Dhabi__UAE_horiz.jpg,Sunset_in_Rub_al_Khali_desert__Abu_Dhabi__UAE_horiz.jpg,evening,,,,,,,,,,,
evening\Sunset_in_Sahara_Desert__Assekrem__Hoggar_mountains__Algeria_horiz.jpg,Sunset_in_Sahara_Desert__Assekrem__Hoggar_mountains__Algeria_horiz.jpg,evening,,,,,,,,,,,
evening\Sunset_in_the_Amazon_River_Rainforest_Basin__Yasuni_National_Park__Ecuador_horiz.jpg,Sunset_in_the_Amazon_River_Rainforest_Basin__Yasuni_National_Park__Ecuador_horiz.jpg,evening,,,,,,,,,,,
evening\Sunset_in_the_mysterious_forest_in_mountains_of_Wakayama__Japan_horiz.jpg,Sunset_in_the_mysterious_forest_in_mountains_of_Wakayama__Japan_horiz.jpg,evening,,,,Japan,japan,country,36.2048,138.2529,AS,gazetteer,med
evening\Sunset_in_the_Serengeti__Tanzania_horiz.jpg,Sunset_in_the_Serengeti__Tanzania_horiz.jpg,evening,,,,,,,,,,,
evening\Sunset_in_the_Sonoran_Desert_near_Phoenix__Arizona__USA_vert.jpg,Sunset_in_the_Sonoran_Desert_near_Phoenix__Arizona__USA_vert.jpg,evening,,,Arizona,USA,arizona,state,34.0489,-111.0937,NA,gazetteer,med
evening\Sunset_in_winter_forest__Poiana_Brasov_ski_resort__Romania_vert.jpg,Sunset_in_winter_forest__Poiana_Brasov_ski_resort__Romania_vert.jpg,evening,,,,,,,,,,,
evening\Sunset_in_Zion_National_Park__Virgin_river_with_Watchman__Utah__USA_vert.jpg,Sunset_in_Zion_National_Park__Virgin_river_with_Watchman__Utah__USA_vert.jpg,evening,,,Utah,USA,utah,state,39.321,-111.0937,NA,gazetteer,med
evening\Sunset_landscape_with_Kallur_lighthouse_on_green_hills_of_Kalsoy_island__Faroe_islands__Denmark_horiz.jpg,Sunset_landscape_with_Kallur_lighthouse_on_green_hills_of_Kalsoy_island__Faroe_islands__Denmark_horiz.jpg,evening,,,,,,,,,,,
evening\Sunset_La_Engorda_Valley__San_Jos__de_Maipo__Chile_vert.jpg,Sunset_La_Engorda_Valley__San_Jos__de_Maipo__Chile_vert.jpg,evening,,,,,,,,,,,
evening\Sunset_light_bathes_Sedona__039_s_iconic_Cathedral_Rock__Arizona__USA_vert.jpg,Sunset_light_bathes_Sedona__039_s_iconic_Cathedral_Rock__Arizona__USA_vert.jpg,evening,,,Arizona,USA,arizona,state,34.0489,-111.0937,NA,gazetteer,med
evening\Sunset_light_on_Ben_Nevis_mountain_with_Loch_Eilch__Scotland__UK_horiz.jpg,Sunset_light_on_Ben_Nevis_mountain_with_Loch_Eilch__Scotland__UK_horiz.jpg,evening,,,,,,,,,,,
evening\Sunset_light_on_Helvetiafjellet_at_Adventdalen__Svalbard__Norway_horiz.jpg,Sunset_light_on_Helvetiafjellet_at_Adventdalen__Svalbard__Norway_horiz.jpg,evening,,,,Norway,norway,country,60.472,8.4689,EU,gazetteer,med
evening\Sunset_light_over_the_wide_open_landscape_of_the_Namib_Naukluft_National_Park__Namibia_vert.jpg,Sunset_light_over_the_wide_open_landscape_of_the_Namib_Naukluft_National_Park__Namibia_vert.jpg,evening,,,,,,,,,,,
evening\Sunset_on_a_sea_rocky_beach__pink_mountains_vert.jpg,Sunset_on_a_sea_rocky_beach__pink_mountains_vert.jpg,evening,,,,,,,,,,,
evening\Sunset_on_mountain_lake_Koruldi__Upper_Svaneti__Caucasus_mountains__Georgia_vert.jpg,Sunset_on_mountain_lake_Koruldi__Upper_Svaneti__Caucasus_mountains__Georgia_vert.jpg,evening,,,,,,,,,,,
evening\Sunset_on_Mount_Everest__Himalayas_horiz.jpg,Sunset_on_Mount_Everest__Himalayas_horiz.jpg,evening,,,,,,,,,,,
evening\Sunset_on_Okavango_Delta__Chobe_National_Park__Botswana__Africa_horiz.jpg,Sunset_on_Okavango_Delta__Chobe_National_Park__Botswana__Africa_horiz.jpg,evening,,,,,,,,,,,
evening\Sunset_on_sea_rocky_beach__Crete__Greece_vert.jpg,Sunset_on_sea_rocky_beach__Crete__Greece_vert.jpg,evening,,,,Greece,greece,country,39.0742,21.8243,EU,gazetteer,med
evening\Sunset_on_South_Georgia_Island__Antarctica_vert.jpg,Sunset_on_South_Georgia_Island__Antarctica_vert.jpg,evening,,,,,,,,,,,
evening\Sunset_on_the_beach_and_rocky_coast_of_the_Cabo_de_Gata__N_jar_Natural_Park__Almeria__Spain_horiz.jpg,Sunset_on_the_beach_and_rocky_coast_of_the_Cabo_de_Gata__N_jar_Natural_Park__Almeria__Spain_horiz.jpg,evening,,,,Spain,spain,country,40.4637,-3.7492,EU,gazetteer,med
evening\Sunset_on_the_Beach_Tower__Cabo_San_Lucas__Baja_California__Mexico_horiz.jpg,Sunset_on_the_Beach_Tower__Cabo_San_Lucas__Baja_California__Mexico_horiz.jpg,evening,,,California,,california,state,36.7783,-119.4179,NA,gazetteer,med
evening\Sunset_on_the_beach_with_beautiful_sky_horiz.jpg,Sunset_on_the_beach_with_beautiful_sky_horiz.jpg,evening,,,,,,,,,,,
evening\Sunset_on_the_rocky_shore__Tangalle__Sri_Lanka_vert.jpg,Sunset_on_the_rocky_shore__Tangalle__Sri_Lanka_vert.jpg,evening,,,,,,,,,,,
evening\Sunset_on_the_sandy_beach_with_coconut_palms__Sri_Lanka_horiz.jpg,Sunset_on_the_sandy_beach_with_coconut_palms__Sri_Lanka_horiz.jpg,evening,,,,,,,,,,,
evening\Sunset_on_the_summit_of_Mount_Wellington__Hobart__Tasmania__Australia_horiz.jpg,Sunset_on_the_summit_of_Mount_Wellington__Hobart__Tasmania__Australia_horiz.jpg,evening,,,,Australia,australia,country,-25.2744,133.7751,OC,gazetteer,med
evening\Sunset_on_the_tropical_island_of_Upolu__Samoa_horiz.jpg,Sunset_on_the_tropical_island_of_Upolu__Samoa_horiz.jpg,evening,,,,,,,,,,,
evening\Sunset_overlooking_Walker_Bay_in_Hermanus__Western_Cape__South_Africa_vert.jpg,Sunset_overlooking_Walker_Bay_in_Hermanus__Western_Cape__South_Africa_vert.jpg,evening,,,,,,,,,,,
evening\Sunset_over_a_winding_road_beneath_Mam_Tor__Peak_District_in_late_summer__England__UK_vert.jpg,Sunset_over_a_winding_road_beneath_Mam_Tor__Peak_District_in_late_summer__England__UK_vert.jpg,evening,,,,,,,,,,,
evening\Sunset_over_basalt_columns_at_Giants_Causeway__Northern_Ireland_horiz.jpg,Sunset_over_basalt_columns_at_Giants_Causeway__Northern_Ireland_horiz.jpg,evening,,,,,,,,,,,
evening\Sunset_over_beach_at_Dana_Point__Orange_County__California__USA_horiz.jpg,Sunset_over_beach_at_Dana_Point__Orange_County__California__USA_horiz.jpg,evening,,,California,USA,california,state,36.7783,-119.4179,NA,gazetteer,med
evening\Sunset_over_Bedruthan_Steps__North_Cornwall__England__UK_vert.jpg,Sunset_over_Bedruthan_Steps__North_Cornwall__England__UK_vert.jpg,evening,,,,,,,,,,,
evening\Sunset_over_Blind_Beach_and_Goat_Rock_in_the_Sonoma_Coast_State_Park__California__USA_vert.jpg,Sunset_over_Blind_Beach_and_Goat_Rock_in_the_Sonoma_Coast_State_Park__California__USA_vert.jpg,evening,,,California,USA,california,state,36.7783,-119.4179,NA,gazetteer,med
evening\Sunset_over_Bora_Bora__French_Polynesia_horiz.jpg,Sunset_over_Bora_Bora__French_Polynesia_horiz.jpg,evening,,,,,,,,,,,
evening\Sunset_over_Cape_Royal__Grand_Canyon_North_Rim__Arizona__USA_horiz.jpg,Sunset_over_Cape_Royal__Grand_Canyon_North_Rim__Arizona__USA_horiz.jpg,evening,,,Arizona,USA,arizona,state,34.0489,-111.0937,NA,gazetteer,med
evening\Sunset_over_Catarata_del_Toro_waterfall__Costa_Rica_vert.jpg,Sunset_over_Catarata_del_Toro_waterfall__Costa_Rica_vert.jpg,evening,,,,,,,,,,,
evening\Sunset_over_Citadel_on_Bare_Island_in_Sydney__039_s_Botany_Bay_coastal_area__Australia_horiz.jpg,Sunset_over_Citadel_on_Bare_Island_in_Sydney__039_s_Botany_Bay_coastal_area__Australia_horiz.jpg,evening,,Sydney,,Australia,sydney,city,-33.8688,151.2093,OC,gazetteer,high
evening\Sunset_over_Crater_Lake_National_Park__Oregon__USA_vert.jpg,Sunset_over_Crater_Lake_National_Park__Oregon__USA_vert.jpg,evening,,,Oregon,USA,oregon,state,43.8041,-120.5542,NA,gazetteer,med
evening\Sunset_over_desert_mountains_of_Fuerteventura__Canary_islands__Spain_vert.jpg,Sunset_over_desert_mountains_of_Fuerteventura__Canary_islands__Spain_vert.jpg,evening,,,,Spain,spain,country,40.4637,-3.7492,EU,gazetteer,med
evening\Sunset_over_Desert__UAE_horiz.jpg,Sunset_over_Desert__UAE_horiz.jpg,evening,,,,,,,,,,,
evening\Sunset_over_famous_If_castle__Ch_teau_d__039_If__Marseille__France_horiz.jpg,Sunset_over_famous_If_castle__Ch_teau_d__039_If__Marseille__France_horiz.jpg,evening,,,,France,france,country,46.2276,2.2137,EU,gazetteer,med
evening\Sunset_over_Fisherman_s_Cove__Dartmouth__Nova_Scotia__Canada_vert.jpg,Sunset_over_Fisherman_s_Cove__Dartmouth__Nova_Scotia__Canada_vert.jpg,evening,,,,,,,,,,,
evening\Sunset_over_Gray_Whale_Cove_State_Beach__Half_Moon_Bay__San_Mateo_County__California__USA_vert.jpg,Sunset_over_Gray_Whale_Cove_State_Beach__Half_Moon_Bay__San_Mateo_County__California__USA_vert.jpg,evening,,,California,USA,california,state,36.7783,-119.4179,NA,gazetteer,med
evening\Sunset_over_green_field_of_corn__Iowa__USA_horiz.jpg,Sunset_over_green_field_of_corn__Iowa__USA_horiz.jpg,evening,,,,USA,usa,country,39.8283,-98.5795,NA,gazetteer,med
evening\Sunset_over_green_land__Arcachon__Gujan_Mestras__France_vert.jpg,Sunset_over_green_land__Arcachon__Gujan_Mestras__France_vert.jpg,evening,,,,France,france,country,46.2276,2.2137,EU,gazetteer,med
evening\Sunset_over_Herbert_Lake_at_Icefields_Parkway_in_Banff_National_Park__Alberta__Canada_horiz.jpg,Sunset_over_Herbert_Lake_at_Icefields_Parkway_in_Banff_National_Park__Alberta__Canada_horiz.jpg,evening,,,,,,,,,,,
evening\Sunset_over_iceberg_graveyard_in_Ple_neau_Bay_Glacier__Antarctica_vert.jpg,Sunset_over_iceberg_graveyard_in_Ple_neau_Bay_Glacier__Antarctica_vert.jpg,evening,,,,,,,,,,,
evening\Sunset_over_Indian_ocean__Hikkaduwa__Sri_Lanka_vert.jpg,Sunset_over_Indian_ocean__Hikkaduwa__Sri_Lanka_vert.jpg,evening,,,,,,,,,,,
evening\Sunset_over_jetty__Nongsa_Beach__Montigo_Resorts__Batam__Riau_Islands__Indonesia_vert.jpg,Sunset_over_jetty__Nongsa_Beach__Montigo_Resorts__Batam__Riau_Islands__Indonesia_vert.jpg,evening,,,,,,,,,,,
evening\Sunset_over_J_kuls_rl_n__Brei_amerkurj_kull__Vatnaj_kull_National_Park__Iceland_vert.jpg,Sunset_over_J_kuls_rl_n__Brei_amerkurj_kull__Vatnaj_kull_National_Park__Iceland_vert.jpg,evening,,,,Iceland,iceland,country,64.9631,-19.0208,EU,gazetteer,med
evening\Sunset_over_Kalalau_Valley__Kauai_island__Hawaii_vert.jpg,Sunset_over_Kalalau_Valley__Kauai_island__Hawaii_vert.jpg,evening,,,Hawaii,,hawaii,state,20.7984,-156.3319,NA,gazetteer,med
evening\Sunset_over_Kalalau_Valley__Kauai__N__Pali_Coast_State_Park__Hawaii__USA_vert.jpg,Sunset_over_Kalalau_Valley__Kauai__N__Pali_Coast_State_Park__Hawaii__USA_vert.jpg,evening,,,Hawaii,USA,hawaii,state,20.7984,-156.3319,NA,gazetteer,med
evening\Sunset_over_Le_Morne_Brabant_peninsula_and_coral_reef__Mauritius_horiz.jpg,Sunset_over_Le_Morne_Brabant_peninsula_and_coral_reef__Mauritius_horiz.jpg,evening,,,,,,,,,,,
evening\Sunset_over_Llosa_del_Cavall_reservoir_with_blurry_water_and_mountains__Catalonia__Spain_vert.jpg,Sunset_over_Llosa_del_Cavall_reservoir_with_blurry_water_and_mountains__Catalonia__Spain_vert.jpg,evening,,,,Spain,spain,country,40.4637,-3.7492,EU,gazetteer,med
evening\Sunset_over_Maroon_Bells__Elk_Mountains__Colorado__USA_horiz.jpg,Sunset_over_Maroon_Bells__Elk_Mountains__Colorado__USA_horiz.jpg,evening,,,Colorado,USA,colorado,state,39.5501,-105.7821,NA,gazetteer,med
evening\Sunset_over_Mesquite_Dunes_in_Death_Valley__Stovepipe_Wells__California__USA_vert.jpg,Sunset_over_Mesquite_Dunes_in_Death_Valley__Stovepipe_Wells__California__USA_vert.jpg,evening,,,California,USA,california,state,36.7783,-119.4179,NA,gazetteer,med
evening\Sunset_over_mountains_and_hills_of_pastures_and_farms_in_villages__Kisoro__Uganda_vert.jpg,Sunset_over_mountains_and_hills_of_pastures_and_farms_in_villages__Kisoro__Uganda_vert.jpg,evening,,,,,,,,,,,
evening\Sunset_over_mountains_of_The_Strandir_Coast__West_Fjords__Iceland_vert.jpg,Sunset_over_mountains_of_The_Strandir_Coast__West_Fjords__Iceland_vert.jpg,evening,,,,Iceland,iceland,country,64.9631,-19.0208,EU,gazetteer,med
evening\Sunset_over_Petit_Minou_lighthouse__Plouzan___Finist_re__Brittany__France_horiz.jpg,Sunset_over_Petit_Minou_lighthouse__Plouzan___Finist_re__Brittany__France_horiz.jpg,evening,,,,France,france,country,46.2276,2.2137,EU,gazetteer,med
evening\Sunset_over_Putty_Beach_in_Bouddi_National_Park__Gosford__New_South_Wales__Australia_horiz.jpg,Sunset_over_Putty_Beach_in_Bouddi_National_Park__Gosford__New_South_Wales__Australia_horiz.jpg,evening,,,,Australia,australia,country,-25.2744,133.7751,OC,gazetteer,med
evening\Sunset_over_rocks_at_beach_Anse_Source_d__039_Argent__La_Digue_Island__Seychelles_horiz.jpg,Sunset_over_rocks_at_beach_Anse_Source_d__039_Argent__La_Digue_Island__Seychelles_horiz.jpg,evening,,,,,,,,,,,
evening\Sunset_over_Rupea_Citadel__Jude_ul_Bra_ov__Romania_vert.jpg,Sunset_over_Rupea_Citadel__Jude_ul_Bra_ov__Romania_vert.jpg,evening,,,,,,,,,,,
evening\Sunset_over_Seattle_Great_Wheel_in_Elliott_Bay__Washington__USA_vert.jpg,Sunset_over_Seattle_Great_Wheel_in_Elliott_Bay__Washington__USA_vert.jpg,evening,,,Washington,USA,washington,state,47.7511,-120.7401,NA,gazetteer,med
evening\Sunset_over_Tahquamenon_River_as_it_enters_Lake_Superior__Michigan__USA_horiz.jpg,Sunset_over_Tahquamenon_River_as_it_enters_Lake_Superior__Michigan__USA_horiz.jpg,evening,,,Michigan,USA,michigan,state,44.3148,-85.6024,NA,gazetteer,med
evening\Sunset_over_Taj_Mahal_and_Yamuna_River_view_from_the_pavilion__Agra__India_horiz.jpg,Sunset_over_Taj_Mahal_and_Yamuna_River_view_from_the_pavilion__Agra__India_horiz.jpg,evening,,,,,,,,,,,
evening\Sunset_over_Tara_river_canyon__Durmitor_national_park__Montenegro_horiz.jpg,Sunset_over_Tara_river_canyon__Durmitor_national_park__Montenegro_horiz.jpg,evening,,,,,,,,,,,
evening\Sunset_over_the_Atlantic_Ocean_at_Essaouira_Fortress__Scala_de_la_Kasbah__Morocco_horiz.jpg,Sunset_over_the_Atlantic_Ocean_at_Essaouira_Fortress__Scala_de_la_Kasbah__Morocco_horiz.jpg,evening,,,,,,,,,,,
evening\Sunset_over_the_coast_of_Cape_Breton_Island__Nova_Scotia__Canada_vert.jpg,Sunset_over_the_coast_of_Cape_Breton_Island__Nova_Scotia__Canada_vert.jpg,evening,,,,,,,,,,,
evening\Sunset_over_the_landscape_of_Badlands_National_Park__South_Dakota__USA_vert.jpg,Sunset_over_the_landscape_of_Badlands_National_Park__South_Dakota__USA_vert.jpg,evening,,,,USA,usa,country,39.8283,-98.5795,NA,gazetteer,med
evening\Sunset_over_the_ocean_at_Marble_Beach__Namaqua_National_Park__South_Africa_horiz.jpg,Sunset_over_the_ocean_at_Marble_Beach__Namaqua_National_Park__South_Africa_horiz.jpg,evening,,,,,,,,,,,
evening\Sunset_over_the_old_city_of_Cartagena__Colombia_vert.jpg,Sunset_over_the_old_city_of_Cartagena__Colombia_vert.jpg,evening,,,,,,,,,,,
evening\Sunset_over_the_river_with_reflection__Ambhora__Nagpur__India_vert.jpg,Sunset_over_the_river_with_reflection__Ambhora__Nagpur__India_vert.jpg,evening,,,,,,,,,,,
evening\Sunset_over_the_rocky_coastline_of_Tsitsikamma__Garden_Route_National_Park__South_Africa_vert.jpg,Sunset_over_the_rocky_coastline_of_Tsitsikamma__Garden_Route_National_Park__South_Africa_vert.jpg,evening,,,,,,,,,,,
evening\Sunset_over_the_rolling_hills__Moscow__Idaho__USA_vert.jpg,Sunset_over_the_rolling_hills__Moscow__Idaho__USA_vert.jpg,evening,,,,USA,usa,country,39.8283,-98.5795,NA,gazetteer,med
evening\Sunset_over_the_sea_cliff_bridge_along_Australian_Pacific_ocean_coast_near_Sydney__Australia_vert.jpg,Sunset_over_the_sea_cliff_bridge_along_Australian_Pacific_ocean_coast_near_Sydney__Australia_vert.jpg,evening,,Sydney,,Australia,sydney,city,-33.8688,151.2093,OC,gazetteer,high
evening\Sunset_over_the_sea_on_a_Caribbean_island_of_Barbados__view_at_palms_on_the_white_beach_vert.jpg,Sunset_over_the_sea_on_a_Caribbean_island_of_Barbados__view_at_palms_on_the_white_beach_vert.jpg,evening,,,,,,,,,,,
evening\Sunset_over_the_village_of_Varenna_on_shore_of_Lake_Como__Lecco_province__Lombardy__Italy_vert.jpg,Sunset_over_the_village_of_Varenna_on_shore_of_Lake_Como__Lecco_province__Lombardy__Italy_vert.jpg,evening,,,,Italy,italy,country,41.8719,12.5674,EU,gazetteer,med
evening\Sunset_over_the_vineyards__Bergerac__Dordogne__Aquitaine__South_of_France_vert.jpg,Sunset_over_the_vineyards__Bergerac__Dordogne__Aquitaine__South_of_France_vert.jpg,evening,,,,France,france,country,46.2276,2.2137,EU,gazetteer,med
evening\Sunset_over_the_vivid_sand_dunes_in_the_deserts_of_Dubai__UAE_horiz.jpg,Sunset_over_the_vivid_sand_dunes_in_the_deserts_of_Dubai__UAE_horiz.jpg,evening,,,,,,,,,,,
evening\Sunset_over_the_western_part_of_The_Sahara_Desert_in_Egypt_horiz.jpg,Sunset_over_the_western_part_of_The_Sahara_Desert_in_Egypt_horiz.jpg,evening,,,,,,,,,,,
evening\Sunset_over_trees_on_Wimbledon_Hill__London_SW19__England__UK_vert.jpg,Sunset_over_trees_on_Wimbledon_Hill__London_SW19__England__UK_vert.jpg,evening,,London,,,london,city,51.5074,-0.1278,EU,gazetteer,high
evening\Sunset_over_Venice_Beach_skatepark__California__USA_vert.jpg,Sunset_over_Venice_Beach_skatepark__California__USA_vert.jpg,evening,,,California,USA,california,state,36.7783,-119.4179,NA,gazetteer,med
evening\Sunset_over_water__Balaton_lake__Hungary_horiz.jpg,Sunset_over_water__Balaton_lake__Hungary_horiz.jpg,evening,,,,,,,,,,,
evening\Sunset_over_water__pier_at_Balaton_lake__Hungary_horiz.jpg,Sunset_over_water__pier_at_Balaton_lake__Hungary_horiz.jpg,evening,,,,,,,,,,,
evening\Sunset_over_Zakimi_Castle__Yomitan__Okinawa__Japan_horiz.jpg,Sunset_over_Zakimi_Castle__Yomitan__Okinawa__Japan_horiz.jpg,evening,,,,Japan,japan,country,36.2048,138.2529,AS,gazetteer,med
evening\Sunset_over__quot_La_Conciergerie_quot__at_Seine_river_in_Paris__France_horiz.jpg,Sunset_over__quot_La_Conciergerie_quot__at_Seine_river_in_Paris__France_horiz.jpg,evening,,Paris,,France,paris,city,48.8566,2.3522,EU,gazetteer,high
evening\Sunset_reflections_at_Milford_Sound__Fiordland_National_Park__New_Zealand__8217_s_South_Island_horiz.jpg,Sunset_reflections_at_Milford_Sound__Fiordland_National_Park__New_Zealand__8217_s_South_Island_horiz.jpg,evening,,,,New Zealand,new zealand,country,-40.9006,174.886,OC,gazetteer,med
evening\Sunset_scene_of_Ad_Deir_or_El_Deir__the_monument_carved_out_of_rock__Petra__Jordan_vert.jpg,Sunset_scene_of_Ad_Deir_or_El_Deir__the_monument_carved_out_of_rock__Petra__Jordan_vert.jpg,evening,,,,,,,,,,,
evening\Sunset_Seat_Torrey_Pines_State_Beach__San_Diego__California__USA_vert.jpg,Sunset_Seat_Torrey_Pines_State_Beach__San_Diego__California__USA_vert.jpg,evening,,,California,USA,california,state,36.7783,-119.4179,NA,gazetteer,med
evening\Sunset_sky_over_a_soybean_farm_field__Murfreesboro__Tennessee__USA_horiz.jpg,Sunset_sky_over_a_soybean_farm_field__Murfreesboro__Tennessee__USA_horiz.jpg,evening,,,,USA,usa,country,39.8283,-98.5795,NA,gazetteer,med
evening\Sunset_sky_reflected_in_still_rural_lake__Telluride__Colorado__USA_horiz.jpg,Sunset_sky_reflected_in_still_rural_lake__Telluride__Colorado__USA_horiz.jpg,evening,,,Colorado,USA,colorado,state,39.5501,-105.7821,NA,gazetteer,med
evening\Sunset_stilt_fishing_in_Weligama_Bay__Sri_Lanka_horiz.jpg,Sunset_stilt_fishing_in_Weligama_Bay__Sri_Lanka_horiz.jpg,evening,,,,,,,,,,,
evening\Sunset_thunderstorm_clouds_over_desert__Gila_Bend__Arizona__USA_horiz.jpg,Sunset_thunderstorm_clouds_over_desert__Gila_Bend__Arizona__USA_horiz.jpg,evening,,,Arizona,USA,arizona,state,34.0489,-111.0937,NA,gazetteer,med
evening\Sunset_twilight_at_the_reservoir_with_pavilion__Bueng_Si_Fai__Phichit__Thailand_vert.jpg,Sunset_twilight_at_the_reservoir_with_pavilion__Bueng_Si_Fai__Phichit__Thailand_vert.jpg,evening,,,,Thailand,thailand,country,15.87,100.9925,AS,gazetteer,med
evening\Sunset_view_and_landscape_of_Playa_Espadilla_Beach__Manuel_Antonio_National_Park__Costa_Rica_horiz.jpg,Sunset_view_and_landscape_of_Playa_Espadilla_Beach__Manuel_Antonio_National_Park__Costa_Rica_horiz.jpg,evening,,,,,,,,,,,
evening\Sunset_view_at_coast_of_Twelve_Apostles_by_Great_Ocean_Road__Port_Campbell_National_Park__Australia_vert.jpg,Sunset_view_at_coast_of_Twelve_Apostles_by_Great_Ocean_Road__Port_Campbell_National_Park__Australia_vert.jpg,evening,,,,Australia,australia,country,-25.2744,133.7751,OC,gazetteer,med
evening\Sunset_view_from_Eggardon_Hill_over_the_green_hills_countryside_in_England__Dorset__UK_horiz.jpg,Sunset_view_from_Eggardon_Hill_over_the_green_hills_countryside_in_England__Dorset__UK_horiz.jpg,evening,,,,,,,,,,,
evening\Sunset_view_from_hydrangea_hills__Matsuzaki__Shizuoka__Japan_horiz.jpg,Sunset_view_from_hydrangea_hills__Matsuzaki__Shizuoka__Japan_horiz.jpg,evening,,,,Japan,japan,country,36.2048,138.2529,AS,gazetteer,med
evening\Sunset_view_of_Eilean_Donan_Castle__Highlands__Scotland__UK_horiz.jpg,Sunset_view_of_Eilean_Donan_Castle__Highlands__Scotland__UK_horiz.jpg,evening,,,,,,,,,,,
evening\Sunset_view_of_Li_River__Yangshuo__Guangxi__China_horiz.jpg,Sunset_view_of_Li_River__Yangshuo__Guangxi__China_horiz.jpg,evening,,,,,,,,,,,
evening\Sunset_view_of_Nugget_Point_and_The_Nuggets__Catlins_area__Otago_region__New_Zealand_horiz.jpg,Sunset_view_of_Nugget_Point_and_The_Nuggets__Catlins_area__Otago_region__New_Zealand_horiz.jpg,evening,,,,New Zealand,new zealand,country,-40.9006,174.886,OC,gazetteer,med
evening\Sunset_view_of_the_Mont_Otemanu_mountain_in_Bora_Bora__French_Polynesia_vert.jpg,Sunset_view_of_the_Mont_Otemanu_mountain_in_Bora_Bora__French_Polynesia_vert.jpg,evening,,,,,,,,,,,
evening\Sunset_with_acacia_trees_in_Masai_Mara__Kenya_vert.jpg,Sunset_with_acacia_trees_in_Masai_Mara__Kenya_vert.jpg,evening,,,,,,,,,,,
evening\Sunset_with_arch_rock_formations_in_desert__Ha_il_region__Saudi_Arabia_vert.jpg,Sunset_with_arch_rock_formations_in_desert__Ha_il_region__Saudi_Arabia_vert.jpg,evening,,,,,,,,,,,
evening\Sunset_with_blooming_daffodils__narcissus__in_Skagit_Valley__Washington__USA_vert.jpg,Sunset_with_blooming_daffodils__narcissus__in_Skagit_Valley__Washington__USA_vert.jpg,evening,,,Washington,USA,washington,state,47.7511,-120.7401,NA,gazetteer,med
evening\Sunset_with_Cerro_Torre_mountain__Los_Glaciares_national_park__Patagonia__Argentina_vert.jpg,Sunset_with_Cerro_Torre_mountain__Los_Glaciares_national_park__Patagonia__Argentina_vert.jpg,evening,,,,,,,,,,,
evening\Sunset_with_dead_tree__Phuket__Thailand_horiz.jpg,Sunset_with_dead_tree__Phuket__Thailand_horiz.jpg,evening,,,,Thailand,thailand,country,15.87,100.9925,AS,gazetteer,med
evening\Sunset_with_view_of_mountain_layers_at_Sidingshan__Chiayi__Taiwan_vert.jpg,Sunset_with_view_of_mountain_layers_at_Sidingshan__Chiayi__Taiwan_vert.jpg,evening,,,,,,,,,,,
evening\Sunset_with_white_and_magenta_clouds__blue_mountains_and_flock_of_birds__Southern_Brazil_horiz.jpg,Sunset_with_white_and_magenta_clouds__blue_mountains_and_flock_of_birds__Southern_Brazil_horiz.jpg,evening,,,,,,,,,,,
evening\Sun_beams_through_clouds__summer_sunset_at_Kotor__039_s_bay__Montenegro_horiz.jpg,Sun_beams_through_clouds__summer_sunset_at_Kotor__039_s_bay__Montenegro_horiz.jpg,evening,,,,,,,,,,,
evening\Supertree_Grove_in_Gardens_by_the_Bay_at_night__Singapore_horiz.jpg,Supertree_Grove_in_Gardens_by_the_Bay_at_night__Singapore_horiz.jpg,evening,,,,,,,,,,,
evening\Surfer_at_sunset_by_the_sea__Playa_de_las_Am_ricas__Tenerife__Canary_Islands__Spain_horiz.jpg,Surfer_at_sunset_by_the_sea__Playa_de_las_Am_ricas__Tenerife__Canary_Islands__Spain_horiz.jpg,evening,,,,Spain,spain,country,40.4637,-3.7492,EU,gazetteer,med
evening\Surfer_at__quot_La_Barra_quot__beach_at_sunset__Punta_del_Este__Maldonado__Uruguay_horiz.jpg,Surfer_at__quot_La_Barra_quot__beach_at_sunset__Punta_del_Este__Maldonado__Uruguay_horiz.jpg,evening,,,,,,,,,,,
evening\Swans_in_the_sea_and_beautiful_sunset__Varna__Bulgaria_vert.jpg,Swans_in_the_sea_and_beautiful_sunset__Varna__Bulgaria_vert.jpg,evening,,,,,,,,,,,
evening\Swan_in_the_water_of_a_dramatic_sunset_in_Lake_Eola__Orlando__Florida__USA_horiz.jpg,Swan_in_the_water_of_a_dramatic_sunset_in_Lake_Eola__Orlando__Florida__USA_horiz.jpg,evening,,,Florida,USA,florida,state,27.6648,-81.5158,NA,gazetteer,med
evening\Swing_paraglider_at_sunset_in_Timbis__Bali__Indonesia_vert.jpg,Swing_paraglider_at_sunset_in_Timbis__Bali__Indonesia_vert.jpg,evening,,,,,,,,,,,
evening\Table_Mountain_at_sunset_with_spring_flowers_along_the_coastline__South_Africa_vert.jpg,Table_Mountain_at_sunset_with_spring_flowers_along_the_coastline__South_Africa_vert.jpg,evening,,,,,,,,,,,
evening\Taj_Mahal_with_sunset_behind_it__Agra__Uttar_Pradesh__India_vert.jpg,Taj_Mahal_with_sunset_behind_it__Agra__Uttar_Pradesh__India_vert.jpg,evening,,,,,,,,,,,
evening\Tanjung_Papuma_at_sunset_in_Jember_Regency_of_East_Java__Indonesia_horiz.jpg,Tanjung_Papuma_at_sunset_in_Jember_Regency_of_East_Java__Indonesia_horiz.jpg,evening,,,,,,,,,,,
evening\Tea_plantations_under_sky_during_sunset__China_vert.jpg,Tea_plantations_under_sky_during_sunset__China_vert.jpg,evening,,,,,,,,,,,
evening\Tent_under_the_night_sky_in_snow_covered_Lapland_near_Nallo__Sweden_horiz.jpg,Tent_under_the_night_sky_in_snow_covered_Lapland_near_Nallo__Sweden_horiz.jpg,evening,,,,,,,,,,,
evening\The_Acropolis_in_Athens_during_sunset__Greece_horiz.jpg,The_Acropolis_in_Athens_during_sunset__Greece_horiz.jpg,evening,,Athens,,Greece,athens,city,37.9838,23.7275,EU,gazetteer,high
evening\The_Bass_Harbor_Head_Lighthouse_at_sunset__Acadia_National_Park__Maine__USA_horiz.jpg,The_Bass_Harbor_Head_Lighthouse_at_sunset__Acadia_National_Park__Maine__USA_horiz.jpg,evening,,,,USA,usa,country,39.8283,-98.5795,NA,gazetteer,med
evening\The_bay_of_Baltic_sea_at_sunset__Lahemaa_rahvuspark__Kuusalu_Parish__Estonia_vert.jpg,The_bay_of_Baltic_sea_at_sunset__Lahemaa_rahvuspark__Kuusalu_Parish__Estonia_vert.jpg,evening,,,,,,,,,,,
evening\The_Brandenburg_Gate_illumination_at_night__Berlin__Germany_horiz.jpg,The_Brandenburg_Gate_illumination_at_night__Berlin__Germany_horiz.jpg,evening,,,,,,,,,,,
evening\The_breathtaking_view_of_Ringedalsvalley_at_sunset__Ringedalsvatnet_lake__Hordaland__Norway_horiz.jpg,The_breathtaking_view_of_Ringedalsvalley_at_sunset__Ringedalsvatnet_lake__Hordaland__Norway_horiz.jpg,evening,,,,Norway,norway,country,60.472,8.4689,EU,gazetteer,med
evening\The_coastline__bays_and_cliffs_on_Cape_Agulhas_near_Arniston_at_sunset__South_Africa_horiz.jpg,The_coastline__bays_and_cliffs_on_Cape_Agulhas_near_Arniston_at_sunset__South_Africa_horiz.jpg,evening,,,,,,,,,,,
evening\The_Colosseum_or_Roman_Coliseum_at_dusk__Rome__Italy_vert.jpg,The_Colosseum_or_Roman_Coliseum_at_dusk__Rome__Italy_vert.jpg,evening,,Rome,,Italy,rome,city,41.9028,12.4964,EU,gazetteer,high
evening\The_devil_island_Alcatraz_in_San_Francisco_Bay_at_sunset__California__USA_vert.jpg,The_devil_island_Alcatraz_in_San_Francisco_Bay_at_sunset__California__USA_vert.jpg,evening,,San Francisco,California,USA,san francisco,city,37.7749,-122.4194,NA,gazetteer,high
evening\The_famous_Popeye_Village_in_Anchor_Bay_at_sunset_with_clouds__il_Mellie_a__Malta_horiz.jpg,The_famous_Popeye_Village_in_Anchor_Bay_at_sunset_with_clouds__il_Mellie_a__Malta_horiz.jpg,evening,,,,,,,,,,,
evening\The_Folly_at_Mow_Cop_castle_with_incredible_sunset__Odd_Rode__Cheshire__England__UK_horiz.jpg,The_Folly_at_Mow_Cop_castle_with_incredible_sunset__Odd_Rode__Cheshire__England__UK_horiz.jpg,evening,,,,,,,,,,,
evening\The_Giant_s_Causeway_in_Co_Antrim_after_sunset__Northern_Ireland__UK_horiz.jpg,The_Giant_s_Causeway_in_Co_Antrim_after_sunset__Northern_Ireland__UK_horiz.jpg,evening,,,,,,,,,,,
evening\The_Giant__8217_s_Causeway_at_sunset__County_Antrim__Ulster_region__Northern_Ireland__UK_horiz.jpg,The_Giant__8217_s_Causeway_at_sunset__County_Antrim__Ulster_region__Northern_Ireland__UK_horiz.jpg,evening,,,,,,,,,,,
evening\The_Inca_Bridge__Puente_del_Inca__at_sunset__Central_Andes__Mendoza_Province__Argentina_horiz.jpg,The_Inca_Bridge__Puente_del_Inca__at_sunset__Central_Andes__Mendoza_Province__Argentina_horiz.jpg,evening,,,,,,,,,,,
evening\The_Kintaikyo_Bridge_over_Nishiki_River_at_dusk__Iwakuni__Yamaguchi__Japan_vert.jpg,The_Kintaikyo_Bridge_over_Nishiki_River_at_dusk__Iwakuni__Yamaguchi__Japan_vert.jpg,evening,,,,Japan,japan,country,36.2048,138.2529,AS,gazetteer,med
evening\The_lake_reflects_the_forest_and_the_blue_sky_in_Chamonix_City_Park_at_sunset__France_vert.jpg,The_lake_reflects_the_forest_and_the_blue_sky_in_Chamonix_City_Park_at_sunset__France_vert.jpg,evening,,,,France,france,country,46.2276,2.2137,EU,gazetteer,med
evening\The_medieval_castle_Castello_di_Domofole_at_sunset__Mello__Lower_Valtellina__Lombardy__Italy_horiz.jpg,The_medieval_castle_Castello_di_Domofole_at_sunset__Mello__Lower_Valtellina__Lombardy__Italy_horiz.jpg,evening,,,,Italy,italy,country,41.8719,12.5674,EU,gazetteer,med
evening\The_Mittens_at_sunset__Navajo_Tribal_Park__Monument_Valley__Arizona__USA_vert.jpg,The_Mittens_at_sunset__Navajo_Tribal_Park__Monument_Valley__Arizona__USA_vert.jpg,evening,,,Arizona,USA,arizona,state,34.0489,-111.0937,NA,gazetteer,med
evening\The_most_photographed_location_in_Bruges_during_sunset__Belgium_vert.jpg,The_most_photographed_location_in_Bruges_during_sunset__Belgium_vert.jpg,evening,,,,,,,,,,,
evening\The_Night_is_Still_Young__Kampung_Chui_Chak__Langkap__Perak__Malaysia_horiz.jpg,The_Night_is_Still_Young__Kampung_Chui_Chak__Langkap__Perak__Malaysia_horiz.jpg,evening,,,,,,,,,,,
evening\The_Nut_rock_formation_at_dusk__Stanley__Tasmania__Australia_horiz.jpg,The_Nut_rock_formation_at_dusk__Stanley__Tasmania__Australia_horiz.jpg,evening,,,,Australia,australia,country,-25.2744,133.7751,OC,gazetteer,med
evening\The_Old_Man_of_Hoy_in_evening_light__Orkney_Islands__Scotland__UK_horiz.jpg,The_Old_Man_of_Hoy_in_evening_light__Orkney_Islands__Scotland__UK_horiz.jpg,evening,,,,,,,,,,,
evening\The_Oslo_Opera_House_at_night__the_national_opera_and_ballet_theater_in_Norway_horiz.jpg,The_Oslo_Opera_House_at_night__the_national_opera_and_ballet_theater_in_Norway_horiz.jpg,evening,,,,Norway,norway,country,60.472,8.4689,EU,gazetteer,med
evening\The_pinnacle_rock_of_Phillip_island_at_sunset__Australia_horiz.jpg,The_pinnacle_rock_of_Phillip_island_at_sunset__Australia_horiz.jpg,evening,,,,Australia,australia,country,-25.2744,133.7751,OC,gazetteer,med
evening\The_quiet_fire__boat_on_water_at_sunset__Puerto_Princesa__Philippines_horiz.jpg,The_quiet_fire__boat_on_water_at_sunset__Puerto_Princesa__Philippines_horiz.jpg,evening,,,,,,,,,,,
evening\The_Salk_Institute_for_Biological_Studies_at_sunset__La_Jolla__San_Diego__California__USA_vert.jpg,The_Salk_Institute_for_Biological_Studies_at_sunset__La_Jolla__San_Diego__California__USA_vert.jpg,evening,,,California,USA,california,state,36.7783,-119.4179,NA,gazetteer,med
evening\The_Serpentine_Bridge_in_Hyde_Park_at_sunset__London__England__UK_vert.jpg,The_Serpentine_Bridge_in_Hyde_Park_at_sunset__London__England__UK_vert.jpg,evening,,London,,,london,city,51.5074,-0.1278,EU,gazetteer,high
evening\The_sky_lights_up_at_sunset_over_Shoshone_Falls__on_the_Snake_River__Idaho__USA_horiz.jpg,The_sky_lights_up_at_sunset_over_Shoshone_Falls__on_the_Snake_River__Idaho__USA_horiz.jpg,evening,,,,USA,usa,country,39.8283,-98.5795,NA,gazetteer,med
evening\The_Slieve_League_Cliffs_at_sunset__Donegal__Ireland_horiz.jpg,The_Slieve_League_Cliffs_at_sunset__Donegal__Ireland_horiz.jpg,evening,,,,,,,,,,,
evening\The_sunset_sun__Lafayette_hotel__Beijing__China_horiz.jpg,The_sunset_sun__Lafayette_hotel__Beijing__China_horiz.jpg,evening,,,,,,,,,,,
evening\The_sunset_view_of_Paris_with_the_Eiffel_tower_from_Montparnasse_in_autumn__France_vert.jpg,The_sunset_view_of_Paris_with_the_Eiffel_tower_from_Montparnasse_in_autumn__France_vert.jpg,evening,,Paris,,France,paris,city,48.8566,2.3522,EU,gazetteer,high
evening\The_Temple_of_the_Moon_in_Cathedral_Valley_at_night__Capitol_Reef_National_Park__Utah__USA_vert.jpg,The_Temple_of_the_Moon_in_Cathedral_Valley_at_night__Capitol_Reef_National_Park__Utah__USA_vert.jpg,evening,,,Utah,USA,utah,state,39.321,-111.0937,NA,gazetteer,med
evening\The_Vancouver_harbor_view_from_the_Granville_Street_Bridge_at_sunset__British_Columbia__Canada_horiz.jpg,The_Vancouver_harbor_view_from_the_Granville_Street_Bridge_at_sunset__British_Columbia__Canada_horiz.jpg,evening,,,,,,,,,,,
evening\The_wavy_singing_sand_dunes_in_Al_Kharrara_in_Qatar_captured_during_sunset_horiz.jpg,The_wavy_singing_sand_dunes_in_Al_Kharrara_in_Qatar_captured_during_sunset_horiz.jpg,evening,,,,,,,,,,,
evening\Three_Peaks_of_Lavaredo_at_summer_sunset__Dolomites__South_Tyrol__Italy_horiz.jpg,Three_Peaks_of_Lavaredo_at_summer_sunset__Dolomites__South_Tyrol__Italy_horiz.jpg,evening,,,,Italy,italy,country,41.8719,12.5674,EU,gazetteer,med
evening\Three_satellite_dishes_over_sunset_horiz.jpg,Three_satellite_dishes_over_sunset_horiz.jpg,evening,,,,,,,,,,,
evening\Tidal_pool_on_sandy_beach_at_sunset__Tenerife__Canary_Islands__Spain_vert.jpg,Tidal_pool_on_sandy_beach_at_sunset__Tenerife__Canary_Islands__Spain_vert.jpg,evening,,,,Spain,spain,country,40.4637,-3.7492,EU,gazetteer,med
evening\Top_of_Gran_Sasso_mountain_at_sunset__Calascio__L__039_Aquila_district__Abruzzo__Italy_horiz.jpg,Top_of_Gran_Sasso_mountain_at_sunset__Calascio__L__039_Aquila_district__Abruzzo__Italy_horiz.jpg,evening,,,,Italy,italy,country,41.8719,12.5674,EU,gazetteer,med
evening\Toronto_cityscape_with_baseball_stadium_at_dusk__Ontario__Canada_horiz.jpg,Toronto_cityscape_with_baseball_stadium_at_dusk__Ontario__Canada_horiz.jpg,evening,,,,,,,,,,,
evening\Trakai_Island_Castle_on_Lake_Galv__in_night__Lithuania_vert.jpg,Trakai_Island_Castle_on_Lake_Galv__in_night__Lithuania_vert.jpg,evening,,,,,,,,,,,
evening\Trees_and_sky_seen_through_cave_at_sunset__Red_Rock_State_Park__Sedona__Arizona__USA_horiz.jpg,Trees_and_sky_seen_through_cave_at_sunset__Red_Rock_State_Park__Sedona__Arizona__USA_horiz.jpg,evening,,,Arizona,USA,arizona,state,34.0489,-111.0937,NA,gazetteer,med
evening\Trees_in_bay_at_sunset__Rainbow_Beach__Queensland__Australia_horiz.jpg,Trees_in_bay_at_sunset__Rainbow_Beach__Queensland__Australia_horiz.jpg,evening,,,,Australia,australia,country,-25.2744,133.7751,OC,gazetteer,med
evening\Trees_on_snow_covered_winter_landscape_against_sky_during_sunset_horiz.jpg,Trees_on_snow_covered_winter_landscape_against_sky_during_sunset_horiz.jpg,evening,,,,,,,,,,,
evening\Tree_at_sunset_in_savanna_landscape__Masai_Mara_National_Reserve__Kenya_horiz.jpg,Tree_at_sunset_in_savanna_landscape__Masai_Mara_National_Reserve__Kenya_horiz.jpg,evening,,,,,,,,,,,
evening\Tree_by_the_sea_with_sky_in_sunset_colors_vert.jpg,Tree_by_the_sea_with_sky_in_sunset_colors_vert.jpg,evening,,,,,,,,,,,
evening\Tropical_islands_sunset_view_with_ocean_and_white_sand_at_Railay_Beach__Krabi__Thailand_horiz.jpg,Tropical_islands_sunset_view_with_ocean_and_white_sand_at_Railay_Beach__Krabi__Thailand_horiz.jpg,evening,,,,Thailand,thailand,country,15.87,100.9925,AS,gazetteer,med
evening\Tropical_scenery_with_palm_trees_and_mountains_at_sunset__Canary_Islands__Spain_vert.jpg,Tropical_scenery_with_palm_trees_and_mountains_at_sunset__Canary_Islands__Spain_vert.jpg,evening,,,,Spain,spain,country,40.4637,-3.7492,EU,gazetteer,med
evening\Tropical_sunset_island_beach__Virgin_Gorda__Caribbean__British_Virgin_Islands_vert.jpg,Tropical_sunset_island_beach__Virgin_Gorda__Caribbean__British_Virgin_Islands_vert.jpg,evening,,,,,,,,,,,
evening\Tropical_sunset_over_beach__Corcovado_National_Park__Osa_Peninsula__Costa_Rica_horiz.jpg,Tropical_sunset_over_beach__Corcovado_National_Park__Osa_Peninsula__Costa_Rica_horiz.jpg,evening,,,,,,,,,,,
evening\Tsing_Ma_Bridge_during_sunset__Kwai_Tsing_District__Hong_Kong_horiz.jpg,Tsing_Ma_Bridge_during_sunset__Kwai_Tsing_District__Hong_Kong_horiz.jpg,evening,,,,,,,,,,,
evening\Tulip_fields_around_Hillegom_and_Keukenhof_at_sunset__Netherlands_vert.jpg,Tulip_fields_around_Hillegom_and_Keukenhof_at_sunset__Netherlands_vert.jpg,evening,,,,,,,,,,,
evening\Tuscany_landscape_with_winding_country_road_at_sunset__Val_D__039_orcia__Italy_horiz.jpg,Tuscany_landscape_with_winding_country_road_at_sunset__Val_D__039_orcia__Italy_horiz.jpg,evening,,,,Italy,italy,country,41.8719,12.5674,EU,gazetteer,med
evening\Twelve_Apostles_limestone_stacks_at_sunset__Port_Campbell_National_Park__Victoria__Australia_horiz.jpg,Twelve_Apostles_limestone_stacks_at_sunset__Port_Campbell_National_Park__Victoria__Australia_horiz.jpg,evening,,,,Australia,australia,country,-25.2744,133.7751,OC,gazetteer,med
evening\Typical_african_sunset_with_acacia_trees_and_giraffe_family_silhouette__Masai_Mara__Kenya_vert.jpg,Typical_african_sunset_with_acacia_trees_and_giraffe_family_silhouette__Masai_Mara__Kenya_vert.jpg,evening,,,,,,,,,,,
evening\T_r_Mawr_Lighthouse_at_sunset_on_Ynys_Llanddwyn_island_on_Anglesey__North_Wales__UK_vert.jpg,T_r_Mawr_Lighthouse_at_sunset_on_Ynys_Llanddwyn_island_on_Anglesey__North_Wales__UK_vert.jpg,evening,,,,,,,,,,,
evening\United_Kingdom_infrared_telescope_on_Mauna_Kea_dormant_volcano_at_sunset__Hawaii__USA_vert.jpg,United_Kingdom_infrared_telescope_on_Mauna_Kea_dormant_volcano_at_sunset__Hawaii__USA_vert.jpg,evening,,,Hawaii,USA,hawaii,state,20.7984,-156.3319,NA,gazetteer,med
evening\Upward_view_of_New_York_City_skyscrapers_at_dusk__New_York__USA_vert.jpg,Upward_view_of_New_York_City_skyscrapers_at_dusk__New_York__USA_vert.jpg,evening,,New York,,USA,new york,city,40.7128,-74.006,NA,gazetteer,high
evening\Valle_de_la_Luna_at_sunset__San_Pedro_de_Atacama__Atacama_Desert__Antofagasta__Chile_horiz.jpg,Valle_de_la_Luna_at_sunset__San_Pedro_de_Atacama__Atacama_Desert__Antofagasta__Chile_horiz.jpg,evening,,,,,,,,,,,
evening\Vancouver_Science_World_and_BC_Stadium_at_night__British_Columbia__Canada_horiz.jpg,Vancouver_Science_World_and_BC_Stadium_at_night__British_Columbia__Canada_horiz.jpg,evening,,,,,,,,,,,
evening\Varkala_beach_at_Laccadive_Sea_in_summer_night__Kerala__India_horiz.jpg,Varkala_beach_at_Laccadive_Sea_in_summer_night__Kerala__India_horiz.jpg,evening,,,,,,,,,,,
evening\Verdens_Ende_Lighthouse_at_sunset__Tj_me__Vestfold__Norway_vert.jpg,Verdens_Ende_Lighthouse_at_sunset__Tj_me__Vestfold__Norway_vert.jpg,evening,,,,Norway,norway,country,60.472,8.4689,EU,gazetteer,med
evening\Vernazza_illuminated_at_dusk__Riviera_di_Levante__Provinz_La_Spezia__Liguria__Italy_vert.jpg,Vernazza_illuminated_at_dusk__Riviera_di_Levante__Provinz_La_Spezia__Liguria__Italy_vert.jpg,evening,,,,Italy,italy,country,41.8719,12.5674,EU,gazetteer,med
evening\Verona_Arena_Roman_amphitheatre_at_dusk_time__Piazza_Bra_in_Verona__Italy_vert.jpg,Verona_Arena_Roman_amphitheatre_at_dusk_time__Piazza_Bra_in_Verona__Italy_vert.jpg,evening,,,,Italy,italy,country,41.8719,12.5674,EU,gazetteer,med
evening\Verrazzano_Narrows_bridge_in_Brooklyn_and_Staten_Island_in_New_York_at_sunset__USA_vert.jpg,Verrazzano_Narrows_bridge_in_Brooklyn_and_Staten_Island_in_New_York_at_sunset__USA_vert.jpg,evening,,New York,,USA,new york,city,40.7128,-74.006,NA,gazetteer,high
evening\Very_Large_Array_satellite_dishes_at_sunset__Plains_of_San_Agustin__New_Mexico__USA_vert.jpg,Very_Large_Array_satellite_dishes_at_sunset__Plains_of_San_Agustin__New_Mexico__USA_vert.jpg,evening,,,,USA,usa,country,39.8283,-98.5795,NA,gazetteer,med
evening\Vestrahorn_mountain_at_sunset__Stokksnes_headland__Eastern_Region_of_Iceland_vert.jpg,Vestrahorn_mountain_at_sunset__Stokksnes_headland__Eastern_Region_of_Iceland_vert.jpg,evening,,,,Iceland,iceland,country,64.9631,-19.0208,EU,gazetteer,med
evening\Vestrahorn_mountain_at_Vesturhorn_in_summer_evening__Stokksnes__Iceland_vert.jpg,Vestrahorn_mountain_at_Vesturhorn_in_summer_evening__Stokksnes__Iceland_vert.jpg,evening,,,,Iceland,iceland,country,64.9631,-19.0208,EU,gazetteer,med
evening\Victoria_Beach_Tower_at_sunset__Laguna_Beach__California__USA_horiz.jpg,Victoria_Beach_Tower_at_sunset__Laguna_Beach__California__USA_horiz.jpg,evening,,,California,USA,california,state,36.7783,-119.4179,NA,gazetteer,med
evening\Victoria_Falls_sunset_with_rainbow__Livingstone__Zambia_horiz.jpg,Victoria_Falls_sunset_with_rainbow__Livingstone__Zambia_horiz.jpg,evening,,,,,,,,,,,
evening\View_along_Princes_Street_in_central_Edinburgh_at_dusk__Scotland__UK_horiz.jpg,View_along_Princes_Street_in_central_Edinburgh_at_dusk__Scotland__UK_horiz.jpg,evening,,,,,,,,,,,
evening\View_from_Moro_Rock_at_dusk__Sequoia_National_Park__California__USA_horiz.jpg,View_from_Moro_Rock_at_dusk__Sequoia_National_Park__California__USA_horiz.jpg,evening,,,California,USA,california,state,36.7783,-119.4179,NA,gazetteer,med
evening\View_from_Mount_Eden_volcano_to_the_Auckland_skyline_at_sunset__New_Zealand_North_Island_horiz.jpg,View_from_Mount_Eden_volcano_to_the_Auckland_skyline_at_sunset__New_Zealand_North_Island_horiz.jpg,evening,,,,New Zealand,new zealand,country,-40.9006,174.886,OC,gazetteer,med
evening\View_from_the_Danube_on_the_Regensburg_Cathedral_and_Stone_Bridge_in_the_evening__Germany_vert.jpg,View_from_the_Danube_on_the_Regensburg_Cathedral_and_Stone_Bridge_in_the_evening__Germany_vert.jpg,evening,,,,,,,,,,,
evening\View_from_the_Dubrovnik_Old_Town_on_Adriatic_Sea_coastline_at_sunset__Croatia_horiz.jpg,View_from_the_Dubrovnik_Old_Town_on_Adriatic_Sea_coastline_at_sunset__Croatia_horiz.jpg,evening,,,,,,,,,,,
evening\View_from_the_summit_of_Williams_Peak_at_dusk_in_White_River_National_Forest__Colorado__USA_horiz.jpg,View_from_the_summit_of_Williams_Peak_at_dusk_in_White_River_National_Forest__Colorado__USA_horiz.jpg,evening,,,Colorado,USA,colorado,state,39.5501,-105.7821,NA,gazetteer,med
evening\View_from_the_walls_of_the_fortress_of_Ribat_of_Sousse_at_sunset__Tunisia_horiz.jpg,View_from_the_walls_of_the_fortress_of_Ribat_of_Sousse_at_sunset__Tunisia_horiz.jpg,evening,,,,,,,,,,,
evening\View_of_beach_camp_fire_during_sunset_against_Bali_island_volcano__Indonesia_horiz.jpg,View_of_beach_camp_fire_during_sunset_against_Bali_island_volcano__Indonesia_horiz.jpg,evening,,,,,,,,,,,
evening\View_of_Cape_Town__039_s_Table_Mountain__Lions_head__amp__Twelve_Apostles_at_sunset__South_Africa_vert.jpg,View_of_Cape_Town__039_s_Table_Mountain__Lions_head__amp__Twelve_Apostles_at_sunset__South_Africa_vert.jpg,evening,,,,,,,,,,,
evening\View_of_dramatic_sky_and_sunset_at_lake_Lago_di_Resia__Reschensee___Alps__South_Tyrol__Italy_horiz.jpg,View_of_dramatic_sky_and_sunset_at_lake_Lago_di_Resia__Reschensee___Alps__South_Tyrol__Italy_horiz.jpg,evening,,,,Italy,italy,country,41.8719,12.5674,EU,gazetteer,med
evening\View_of_Grand_Canyon_National_Park_from_South_Rim_at_dusk__Arizona__USA_vert.jpg,View_of_Grand_Canyon_National_Park_from_South_Rim_at_dusk__Arizona__USA_vert.jpg,evening,,,Arizona,USA,arizona,state,34.0489,-111.0937,NA,gazetteer,med
evening\View_of_Hagia_Sophia__Aya_Sofya__museum_in_a_snowy_winter_night__Istanbul__Turkey_horiz.jpg,View_of_Hagia_Sophia__Aya_Sofya__museum_in_a_snowy_winter_night__Istanbul__Turkey_horiz.jpg,evening,,,,,,,,,,,
evening\View_of_Ilhabela_Island_coastline_at_sunset_in_Sao_Paolo_state__Brazil_horiz.jpg,View_of_Ilhabela_Island_coastline_at_sunset_in_Sao_Paolo_state__Brazil_horiz.jpg,evening,,,,,,,,,,,
evening\View_of_Kalsoy_island_and_its_lightouse_at_sunset__Faroe_islands__Denmark_vert.jpg,View_of_Kalsoy_island_and_its_lightouse_at_sunset__Faroe_islands__Denmark_vert.jpg,evening,,,,,,,,,,,
evening\View_of_Mount__039_s_Bay_and_St_Michael__039_s_Mount_island_in_Cornwall_at_sunset__England__UK_horiz.jpg,View_of_Mount__039_s_Bay_and_St_Michael__039_s_Mount_island_in_Cornwall_at_sunset__England__UK_horiz.jpg,evening,,,,,,,,,,,
evening\View_of_Odeon_of_Herodes_Atticus_on_the_Acropolis_of_Athens_at_sunset__Greece_horiz.jpg,View_of_Odeon_of_Herodes_Atticus_on_the_Acropolis_of_Athens_at_sunset__Greece_horiz.jpg,evening,,Athens,,Greece,athens,city,37.9838,23.7275,EU,gazetteer,high
evening\View_of_Point_Vicente_Lighthouse_at_sunset__Ranchos_Palos_Verdes__California__USA_horiz.jpg,View_of_Point_Vicente_Lighthouse_at_sunset__Ranchos_Palos_Verdes__California__USA_horiz.jpg,evening,,,California,USA,california,state,36.7783,-119.4179,NA,gazetteer,med
evening\View_of_ski_slopes_and_village_in_Vail_at_winter_dusk__Colorado__USA_vert.jpg,View_of_ski_slopes_and_village_in_Vail_at_winter_dusk__Colorado__USA_vert.jpg,evening,,,Colorado,USA,colorado,state,39.5501,-105.7821,NA,gazetteer,med
evening\View_of_sunset_at_Praia_da_Concei__o_beach_with_Morro_do_Pico__Fernando_De_Noronha__Brazil_horiz.jpg,View_of_sunset_at_Praia_da_Concei__o_beach_with_Morro_do_Pico__Fernando_De_Noronha__Brazil_horiz.jpg,evening,,,,,,,,,,,
evening\View_of_Sv_nafellsj_kull_Glacier_at_the_Vatnajokull_National_Park_in_Iceland_at_sunset_horiz.jpg,View_of_Sv_nafellsj_kull_Glacier_at_the_Vatnajokull_National_Park_in_Iceland_at_sunset_horiz.jpg,evening,,,,Iceland,iceland,country,64.9631,-19.0208,EU,gazetteer,med
evening\View_of_the_bay_of_Portovenere_at_sunset__Liguria__Italy_vert.jpg,View_of_the_bay_of_Portovenere_at_sunset__Liguria__Italy_vert.jpg,evening,,,,Italy,italy,country,41.8719,12.5674,EU,gazetteer,med
evening\View_of_the_old_town_at_dusk_on_the_Atlantic_coast__Essaouira__Mogador__Morocco_horiz.jpg,View_of_the_old_town_at_dusk_on_the_Atlantic_coast__Essaouira__Mogador__Morocco_horiz.jpg,evening,,,,,,,,,,,
evening\View_of_the_village_of_Hofsgrund_in_winter_at_night__Baden_W_rttemberg__Germany_horiz.jpg,View_of_the_village_of_Hofsgrund_in_winter_at_night__Baden_W_rttemberg__Germany_horiz.jpg,evening,,,,,,,,,,,
evening\View_of_Victoria_Harbour_in_Hong_Kong_at_night__China_horiz.jpg,View_of_Victoria_Harbour_in_Hong_Kong_at_night__China_horiz.jpg,evening,,,,,,,,,,,
evening\View_of_zebras_grazing_in_field_against_sky_during_sunset__Nairobi_National_Park__Kenya_vert.jpg,View_of_zebras_grazing_in_field_against_sky_during_sunset__Nairobi_National_Park__Kenya_vert.jpg,evening,,,,,,,,,,,
evening\View_on_Grand_Canal_from_Rialto_bridge_at_dusk__Venice__Italy_horiz.jpg,View_on_Grand_Canal_from_Rialto_bridge_at_dusk__Venice__Italy_horiz.jpg,evening,,,,Italy,italy,country,41.8719,12.5674,EU,gazetteer,med
evening\View_over_River_Danube__Chain_Bridge_and_Parliament_Building_at_night__Budapest__Hungary_vert.jpg,View_over_River_Danube__Chain_Bridge_and_Parliament_Building_at_night__Budapest__Hungary_vert.jpg,evening,,,,,,,,,,,
evening\View_over_the_top_of_the_mountains_at_sunset__Bieszczady_national_park__Poland_horiz.jpg,View_over_the_top_of_the_mountains_at_sunset__Bieszczady_national_park__Poland_horiz.jpg,evening,,,,,,,,,,,
evening\Village_of_G__weinstein__G_ssweinstein__in_winter_at_dusk__Franconian_Switzerland__Germany_vert.jpg,Village_of_G__weinstein__G_ssweinstein__in_winter_at_dusk__Franconian_Switzerland__Germany_vert.jpg,evening,,,,,,,,,,,
evening\Vineyards_at_sunset_in_autumn_harvest__ripe_grapes_in_fall_horiz.jpg,Vineyards_at_sunset_in_autumn_harvest__ripe_grapes_in_fall_horiz.jpg,evening,,,,,,,,,,,
evening\Volcano_Concepci_n_on_Ometepe_island_in_Lake_Nicaragua_covered_by_lenticular_cloud_at_sunset_vert.jpg,Volcano_Concepci_n_on_Ometepe_island_in_Lake_Nicaragua_covered_by_lenticular_cloud_at_sunset_vert.jpg,evening,,,,,,,,,,,
evening\V_shaped_bird_flying_in_an_orange_sky_with_a_shining_sun_at_sunset_over_rice_field_horiz.jpg,V_shaped_bird_flying_in_an_orange_sky_with_a_shining_sun_at_sunset_over_rice_field_horiz.jpg,evening,,,,,,,,,,,
evening\Walking_path_to_Cape_Reinga_lighthouse_at_summer_sunset__North_Island_of_New_Zealand_horiz.jpg,Walking_path_to_Cape_Reinga_lighthouse_at_summer_sunset__North_Island_of_New_Zealand_horiz.jpg,evening,,,,New Zealand,new zealand,country,-40.9006,174.886,OC,gazetteer,med
evening\Watchtower_and_salt_pans_at_sunset__Xlendi__Gozo_Island__Malta_horiz.jpg,Watchtower_and_salt_pans_at_sunset__Xlendi__Gozo_Island__Malta_horiz.jpg,evening,,,,,,,,,,,
evening\Waterfall_and_evening_sunlight__Johnston_Creek__Banff_National_Park__Alberta__Canada_vert.jpg,Waterfall_and_evening_sunlight__Johnston_Creek__Banff_National_Park__Alberta__Canada_vert.jpg,evening,,,,,,,,,,,
evening\Waterton_Lakes_National_Park_at_sunset_with_moose_silhouette__Alberta__Canada_horiz.jpg,Waterton_Lakes_National_Park_at_sunset_with_moose_silhouette__Alberta__Canada_horiz.jpg,evening,,,,,,,,,,,
evening\Water_collides_with_coastal_rocks_at_sunset_over_Kogel_Bay_in_the_Cape_Province__South_Africa_horiz.jpg,Water_collides_with_coastal_rocks_at_sunset_over_Kogel_Bay_in_the_Cape_Province__South_Africa_horiz.jpg,evening,,,,,,,,,,,
evening\Water_Palace_Jal_Mahal_in_the_middle_of_Man_Sager_Lake_at_evening__Jaipur__Rajasthan__India_vert.jpg,Water_Palace_Jal_Mahal_in_the_middle_of_Man_Sager_Lake_at_evening__Jaipur__Rajasthan__India_vert.jpg,evening,,,,,,,,,,,
evening\Waves_splashing_on_beach_against_cloudy_sky_at_sunset__Oak_Park__Cronulla_vert.jpg,Waves_splashing_on_beach_against_cloudy_sky_at_sunset__Oak_Park__Cronulla_vert.jpg,evening,,,,,,,,,,,
evening\Wave_Rock_at_sunset_in_the_Valley_of_Fire_State_Park__Nevada__USA_horiz.jpg,Wave_Rock_at_sunset_in_the_Valley_of_Fire_State_Park__Nevada__USA_horiz.jpg,evening,,,Nevada,USA,nevada,state,38.8026,-116.4194,NA,gazetteer,med
evening\Westminster_at_sunset__London__Thames_River__England__UK_vert.jpg,Westminster_at_sunset__London__Thames_River__England__UK_vert.jpg,evening,,London,,,london,city,51.5074,-0.1278,EU,gazetteer,high
evening\West_Point_Lighthouse_at_sunset__Prince_Edward_Island__Canada_horiz.jpg,West_Point_Lighthouse_at_sunset__Prince_Edward_Island__Canada_horiz.jpg,evening,,,,,,,,,,,
evening\Wheat_field_in_the_evening__Baden_W_rttemberg__Germany_vert.jpg,Wheat_field_in_the_evening__Baden_W_rttemberg__Germany_vert.jpg,evening,,,,,,,,,,,
evening\Whistler_winter_village_at_dusk__British_Columbia__Canada_vert.jpg,Whistler_winter_village_at_dusk__British_Columbia__Canada_vert.jpg,evening,,,,,,,,,,,
evening\White_Sands_National_Monument_at_dusk__New_Mexico__USA_vert.jpg,White_Sands_National_Monument_at_dusk__New_Mexico__USA_vert.jpg,evening,,,,USA,usa,country,39.8283,-98.5795,NA,gazetteer,med
evening\Windmill_at_sunset___land__Sweden_vert.jpg,Windmill_at_sunset___land__Sweden_vert.jpg,evening,,,,,,,,,,,
evening\Windmill_evening_light__Hora__Island_of_Mykonos__Greece_vert.jpg,Windmill_evening_light__Hora__Island_of_Mykonos__Greece_vert.jpg,evening,,,,Greece,greece,country,39.0742,21.8243,EU,gazetteer,med
evening\Wineglass_Bay_at_dusk__Tasmania__Australia_horiz.jpg,Wineglass_Bay_at_dusk__Tasmania__Australia_horiz.jpg,evening,,,,Australia,australia,country,-25.2744,133.7751,OC,gazetteer,med
evening\Wine_region_near_Stellenbosch_looking_at_Simonsberg_in_South_Africa_during_summer_sunset_horiz.jpg,Wine_region_near_Stellenbosch_looking_at_Simonsberg_in_South_Africa_during_summer_sunset_horiz.jpg,evening,,,,,,,,,,,
evening\Winter_evening_on_Loch_Lomond_with_the_Milarrochy_Bay_rocks__Trossachs__Scotland__UK_horiz.jpg,Winter_evening_on_Loch_Lomond_with_the_Milarrochy_Bay_rocks__Trossachs__Scotland__UK_horiz.jpg,evening,,,,,,,,,,,
evening\Winter_landscape_with_frosty_trees_and_sunset_in_evening__Hyvink____Finland_horiz.jpg,Winter_landscape_with_frosty_trees_and_sunset_in_evening__Hyvink____Finland_horiz.jpg,evening,,,,,,,,,,,
evening\Winter_landscape_with_lonely_spruce_tree_in_front_during_snow_storm_at_sunset_vert.jpg,Winter_landscape_with_lonely_spruce_tree_in_front_during_snow_storm_at_sunset_vert.jpg,evening,,,,,,,,,,,
evening\Winter_landscape_with_river_in_forest_at_sunset_vert.jpg,Winter_landscape_with_river_in_forest_at_sunset_vert.jpg,evening,,,,,,,,,,,
evening\Winter_ski_resort_Hintertux_in_night_lit_by_moon__Tirol__Austria_horiz.jpg,Winter_ski_resort_Hintertux_in_night_lit_by_moon__Tirol__Austria_horiz.jpg,evening,,,,,,,,,,,
evening\Winter_sunset_at_rocky_Warebeth_beach__Orkney_Islands__Scotland__UK_horiz.jpg,Winter_sunset_at_rocky_Warebeth_beach__Orkney_Islands__Scotland__UK_horiz.jpg,evening,,,,,,,,,,,
evening\Winter_sunset_at_the_highest_mountain_of_Australia__Kosciuszko_National_Park__New_South_Wales_vert.jpg,Winter_sunset_at_the_highest_mountain_of_Australia__Kosciuszko_National_Park__New_South_Wales_vert.jpg,evening,,,,Australia,australia,country,-25.2744,133.7751,OC,gazetteer,med
evening\Winter_sunset_on_Ardez_covered_with_snow__Graubunden_canton__Engadine__Switzerland_vert.jpg,Winter_sunset_on_Ardez_covered_with_snow__Graubunden_canton__Engadine__Switzerland_vert.jpg,evening,,,,,,,,,,,
evening\Winter_sunset_on_Horse_Tail_Falls_from_Taft_Point__Yosemite_National_Park__California__USA_horiz.jpg,Winter_sunset_on_Horse_Tail_Falls_from_Taft_Point__Yosemite_National_Park__California__USA_horiz.jpg,evening,Yosemite,,California,USA,yosemite,landmark,37.8651,-119.5383,NA,gazetteer,high
evening\Winter_sunset_over_river_Lakselva_near_Laknes__Vestvagoy__Lofoten_Islands__Nordland__Norway_vert.jpg,Winter_sunset_over_river_Lakselva_near_Laknes__Vestvagoy__Lofoten_Islands__Nordland__Norway_vert.jpg,evening,Lofoten Islands,,,Norway,lofoten islands,landmark,68.209,13.8456,EU,gazetteer,high
evening\Winter_sunset_over_the_chalets__Lapland__Sweden_horiz.jpg,Winter_sunset_over_the_chalets__Lapland__Sweden_horiz.jpg,evening,,,,,,,,,,,
evening\Woman_running_on_coastline__golden_sunset_hours_in_New_Zealand_horiz.jpg,Woman_running_on_coastline__golden_sunset_hours_in_New_Zealand_horiz.jpg,evening,,,,New Zealand,new zealand,country,-40.9006,174.886,OC,gazetteer,med
evening\Wooden_Bridge_in_lotus_lake_on_sunset_at_Khao_Sam_Roi_Yot_National_Park__Thailand_vert.jpg,Wooden_Bridge_in_lotus_lake_on_sunset_at_Khao_Sam_Roi_Yot_National_Park__Thailand_vert.jpg,evening,,,,Thailand,thailand,country,15.87,100.9925,AS,gazetteer,med
evening\Young_female_runner_running_over_Mesa_Arch_rock_formation_at_sunset__Moab__Utah__USA_vert.jpg,Young_female_runner_running_over_Mesa_Arch_rock_formation_at_sunset__Moab__Utah__USA_vert.jpg,evening,,,Utah,USA,utah,state,39.321,-111.0937,NA,gazetteer,med
evening\Zabriskie_Point_at_sunset__Death_Valley_National_park__California__USA_horiz.jpg,Zabriskie_Point_at_sunset__Death_Valley_National_park__California__USA_horiz.jpg,evening,,,California,USA,california,state,36.7783,-119.4179,NA,gazetteer,med
evening\Zabriskie_Point_at_sunset__Death_Valley_National_Park__California__USA_vert.jpg,Zabriskie_Point_at_sunset__Death_Valley_National_Park__California__USA_vert.jpg,evening,,,California,USA,california,state,36.7783,-119.4179,NA,gazetteer,med
evening\Zhangjiajie_National_forest_park_at_sunset__Wulingyuan__Hunan__China_horiz.jpg,Zhangjiajie_National_forest_park_at_sunset__Wulingyuan__Hunan__China_horiz.jpg,evening,,,,,,,,,,,
evening\_tretat_at_sunset_in_summer__Seine_Maritime__Normandy__France_vert.jpg,_tretat_at_sunset_in_summer__Seine_Maritime__Normandy__France_vert.jpg,evening,,,,France,france,country,46.2276,2.2137,EU,gazetteer,med
morning\100081eb4d64b352b084e646d91a367c_vert.jpg,100081eb4d64b352b084e646d91a367c_vert.jpg,morning,,,,,,,,,,,
morning\3D_rendering_of_a_satellite_orbiting_the_earth_horiz.jpg,3D_rendering_of_a_satellite_orbiting_the_earth_horiz.jpg,morning,,,,,,,,,,,
morning\Abandoned_Inca_citadel__Machu_Picchu_in_the_Eastern_Cordillera_of_southern_Peru_vert.jpg,Abandoned_Inca_citadel__Machu_Picchu_in_the_Eastern_Cordillera_of_southern_Peru_vert.jpg,morning,,,,,,,,,,,
morning\Access_road_to_the_Formentor_lighthouse__Pollen_a__Majorca_Island__Balearic_Islands__Spain_vert.jpg,Access_road_to_the_Formentor_lighthouse__Pollen_a__Majorca_Island__Balearic_Islands__Spain_vert.jpg,morning,,,,Spain,spain,country,40.4637,-3.7492,EU,gazetteer,med
morning\Activity_display_at_Grand_Prismatic_Spring__Yellowstone_National_Park__Wyoming__USA_vert.jpg,Activity_display_at_Grand_Prismatic_Spring__Yellowstone_National_Park__Wyoming__USA_vert.jpg,morning,,,,USA,usa,country,39.8283,-98.5795,NA,gazetteer,med
morning\Aerial_landscape_view_of_Bureh_Beach__Freetown__Sierra_Leone_horiz.jpg,Aerial_landscape_view_of_Bureh_Beach__Freetown__Sierra_Leone_horiz.jpg,morning,,,,,,,,,,,
morning\Aerial_photograph_of_Reading_showing_Caversham__Berkshire__England__UK_vert.jpg,Aerial_photograph_of_Reading_showing_Caversham__Berkshire__England__UK_vert.jpg,morning,,,,,,,,,,,
morning\Aerial_shot_of_unique_shaped_island_with_a_forest__Hong_Kong_vert.jpg,Aerial_shot_of_unique_shaped_island_with_a_forest__Hong_Kong_vert.jpg,morning,,,,,,,,,,,
morning\Aerial_top_view_of_cherry_blossom_sakura_in_the_Shanghai_Botanical_Garden__China_horiz.jpg,Aerial_top_view_of_cherry_blossom_sakura_in_the_Shanghai_Botanical_Garden__China_horiz.jpg,morning,,,,,,,,,,,
morning\Aerial_view_at_Loosdrecht_Kalverstraat__Scheendijk__Utrecht__Netherlands_vert.jpg,Aerial_view_at_Loosdrecht_Kalverstraat__Scheendijk__Utrecht__Netherlands_vert.jpg,morning,,,,,,,,,,,
morning\Aerial_view_at_sunset_on_Norwegian_Mountains__fjords_and_lake__Troms__Norway_vert.jpg,Aerial_view_at_sunset_on_Norwegian_Mountains__fjords_and_lake__Troms__Norway_vert.jpg,morning,,,,Norway,norway,country,60.472,8.4689,EU,gazetteer,med
morning\Aerial_view_of_autumn_forest_road_in_morning_fog__Moselle_Valley__Germany_vert.jpg,Aerial_view_of_autumn_forest_road_in_morning_fog__Moselle_Valley__Germany_vert.jpg,morning,,,,,,,,,,,
morning\Aerial_view_of_Avatar_Mountains__Zhangjiajie_National_Forest_Park__China_horiz.jpg,Aerial_view_of_Avatar_Mountains__Zhangjiajie_National_Forest_Park__China_horiz.jpg,morning,,,,,,,,,,,
morning\Aerial_view_of_a_buddhist_temple_on_hilltop_during_a_foggy_day_at_sunset__China_horiz.jpg,Aerial_view_of_a_buddhist_temple_on_hilltop_during_a_foggy_day_at_sunset__China_horiz.jpg,morning,,,,,,,,,,,
morning\Aerial_view_of_a_small_town_Tj_rnuv_k_on_the_Atlantic_Ocean__Faroe_islands__Denmark_horiz.jpg,Aerial_view_of_a_small_town_Tj_rnuv_k_on_the_Atlantic_Ocean__Faroe_islands__Denmark_horiz.jpg,morning,,,,,,,,,,,
morning\Aerial_view_of_a_Soccer_Football_Pitch_in_a_Rural_town_in_Wales__UK_horiz.jpg,Aerial_view_of_a_Soccer_Football_Pitch_in_a_Rural_town_in_Wales__UK_horiz.jpg,morning,,,,,,,,,,,
morning\Aerial_view_of_Big_Beach_in_M_kena_State_Park__Maui__Hawaii__USA_vert.jpg,Aerial_view_of_Big_Beach_in_M_kena_State_Park__Maui__Hawaii__USA_vert.jpg,morning,,,Hawaii,USA,hawaii,state,20.7984,-156.3319,NA,gazetteer,med
morning\Aerial_view_of_Central_Park_and_upper_east_side_in_Manhattan__New_York_City__USA_horiz.jpg,Aerial_view_of_Central_Park_and_upper_east_side_in_Manhattan__New_York_City__USA_horiz.jpg,morning,,New York,,USA,new york,city,40.7128,-74.006,NA,gazetteer,high
morning\Aerial_view_of_cityscape_with_skyscrapers_above_the_clouds_in_Dubai__UAE_horiz.jpg,Aerial_view_of_cityscape_with_skyscrapers_above_the_clouds_in_Dubai__UAE_horiz.jpg,morning,,,,,,,,,,,
morning\Aerial_view_of_colorful_houses__Tenerife__Canary_Islands__Spain_horiz.jpg,Aerial_view_of_colorful_houses__Tenerife__Canary_Islands__Spain_horiz.jpg,morning,,,,Spain,spain,country,40.4637,-3.7492,EU,gazetteer,med
morning\Aerial_view_of_dugongs_swimming_in_ocean__Sangihe_Island__North_Sulawesi_Sea__Indonesia_vert.jpg,Aerial_view_of_dugongs_swimming_in_ocean__Sangihe_Island__North_Sulawesi_Sea__Indonesia_vert.jpg,morning,,,,,,,,,,,
morning\Aerial_view_of_floating_village_Ko_Panyi_and_limestone_mountains_in_Andaman_Sea__Thailand_horiz.jpg,Aerial_view_of_floating_village_Ko_Panyi_and_limestone_mountains_in_Andaman_Sea__Thailand_horiz.jpg,morning,,,,Thailand,thailand,country,15.87,100.9925,AS,gazetteer,med
morning\Aerial_view_of_Florida_Everglades_National_Park__USA_vert.jpg,Aerial_view_of_Florida_Everglades_National_Park__USA_vert.jpg,morning,,,Florida,USA,florida,state,27.6648,-81.5158,NA,gazetteer,med
morning\Aerial_view_of_football_field_between_residential_buildings__Shanghai_Pudong_district__China_vert.jpg,Aerial_view_of_football_field_between_residential_buildings__Shanghai_Pudong_district__China_vert.jpg,morning,,,,,,,,,,,
morning\Aerial_view_of_Fredvang_bridge_and_Volanstinden_mountain__Flakstad__Lofoten_Islands__Norway_horiz.jpg,Aerial_view_of_Fredvang_bridge_and_Volanstinden_mountain__Flakstad__Lofoten_Islands__Norway_horiz.jpg,morning,Lofoten Islands,,,Norway,lofoten islands,landmark,68.209,13.8456,EU,gazetteer,high
morning\Aerial_view_of_green_mangrove_forest_and_red_blue_river_in_Pranburi__Thailand_horiz.jpg,Aerial_view_of_green_mangrove_forest_and_red_blue_river_in_Pranburi__Thailand_horiz.jpg,morning,,,,Thailand,thailand,country,15.87,100.9925,AS,gazetteer,med
morning\Aerial_view_of_Hawaiian_coastline_and_classical_labyrinth__Maui__Hawaii__USA_vert.jpg,Aerial_view_of_Hawaiian_coastline_and_classical_labyrinth__Maui__Hawaii__USA_vert.jpg,morning,,,Hawaii,USA,hawaii,state,20.7984,-156.3319,NA,gazetteer,med
morning\Aerial_view_of_heart_shaped_Lake_Toyoni__Hokkaido__Japan_horiz.jpg,Aerial_view_of_heart_shaped_Lake_Toyoni__Hokkaido__Japan_horiz.jpg,morning,,,,Japan,japan,country,36.2048,138.2529,AS,gazetteer,med
morning\Aerial_view_of_Ngorongoro_Crater_in_the_Ngorongoro_Conservation_Area__Tanzania_horiz.jpg,Aerial_view_of_Ngorongoro_Crater_in_the_Ngorongoro_Conservation_Area__Tanzania_horiz.jpg,morning,,,,,,,,,,,
morning\Aerial_view_of_Osterseen__Upper_Bavaria__Germany_horiz.jpg,Aerial_view_of_Osterseen__Upper_Bavaria__Germany_horiz.jpg,morning,,,,,,,,,,,
morning\Aerial_view_of_Procida_island_at_sunrise__Gulf_of_Naples__Italy_horiz.jpg,Aerial_view_of_Procida_island_at_sunrise__Gulf_of_Naples__Italy_horiz.jpg,morning,,,,Italy,italy,country,41.8719,12.5674,EU,gazetteer,med
morning\Aerial_view_of_Rade_de_Brest_and_lighthouse_Petit_Minou__Brest__Finist_re__France_vert.jpg,Aerial_view_of_Rade_de_Brest_and_lighthouse_Petit_Minou__Brest__Finist_re__France_vert.jpg,morning,,,,France,france,country,46.2276,2.2137,EU,gazetteer,med
morning\Aerial_view_of_San_Francisco_skyline_at_sunrise__California__USA_vert.jpg,Aerial_view_of_San_Francisco_skyline_at_sunrise__California__USA_vert.jpg,morning,,San Francisco,California,USA,san francisco,city,37.7749,-122.4194,NA,gazetteer,high
morning\Aerial_view_of_Seiser_Alm__sunrise_in_Italian_Dolomites__famous_landmark_in_northern_Italy_vert.jpg,Aerial_view_of_Seiser_Alm__sunrise_in_Italian_Dolomites__famous_landmark_in_northern_Italy_vert.jpg,morning,,,,Italy,italy,country,41.8719,12.5674,EU,gazetteer,med
morning\Aerial_view_of_Sigiriya_rock_fortress_at_misty_morning__Matale_District__Sri_Lanka_vert.jpg,Aerial_view_of_Sigiriya_rock_fortress_at_misty_morning__Matale_District__Sri_Lanka_vert.jpg,morning,,,,,,,,,,,
morning\Aerial_view_of_snowy_fjord_and_Reine_at_sunrise__Nordland__Lofoten_Islands__Norway_horiz.jpg,Aerial_view_of_snowy_fjord_and_Reine_at_sunrise__Nordland__Lofoten_Islands__Norway_horiz.jpg,morning,Lofoten Islands,,,Norway,lofoten islands,landmark,68.209,13.8456,EU,gazetteer,high
morning\Aerial_view_of_tulips_blooming_fields_with_windmill_at_sunrise__North_Holland__Netherlands_horiz.jpg,Aerial_view_of_tulips_blooming_fields_with_windmill_at_sunrise__North_Holland__Netherlands_horiz.jpg,morning,,,,,,,,,,,
morning\Agile_Wallabies_in_a_field_at_sunrise__Adelaide_River__Northern_Territory__Australia_horiz.jpg,Agile_Wallabies_in_a_field_at_sunrise__Adelaide_River__Northern_Territory__Australia_horiz.jpg,morning,,,,Australia,australia,country,-25.2744,133.7751,OC,gazetteer,med
morning\Agricultural_landscape_in_fog__Val_d__039_Orcia__Tuscany__Italy_horiz.jpg,Agricultural_landscape_in_fog__Val_d__039_Orcia__Tuscany__Italy_horiz.jpg,morning,,,,Italy,italy,country,41.8719,12.5674,EU,gazetteer,med
morning\Ag_ero_village_at_sunrise__Huesca__Aragon__Spain_horiz.jpg,Ag_ero_village_at_sunrise__Huesca__Aragon__Spain_horiz.jpg,morning,,,,Spain,spain,country,40.4637,-3.7492,EU,gazetteer,med
morning\Amazing_sunrise_colors_with_reflection_on_calm_waters_at_Fort_Myers_Beach__Florida__USA_vert.jpg,Amazing_sunrise_colors_with_reflection_on_calm_waters_at_Fort_Myers_Beach__Florida__USA_vert.jpg,morning,,,Florida,USA,florida,state,27.6648,-81.5158,NA,gazetteer,med
morning\Ancient_roman_amphitheatre_Colosseum_at_sunrise__Rome__Lazio__Italy_vert.jpg,Ancient_roman_amphitheatre_Colosseum_at_sunrise__Rome__Lazio__Italy_vert.jpg,morning,,Rome,,Italy,rome,city,41.9028,12.4964,EU,gazetteer,high
morning\Antelope_Canyon_near_Page_early_afternoon_in_fall__Arizona__USA_horiz.jpg,Antelope_Canyon_near_Page_early_afternoon_in_fall__Arizona__USA_horiz.jpg,morning,,,Arizona,USA,arizona,state,34.0489,-111.0937,NA,gazetteer,med
morning\An_old_pier_at_Clifton_Springs_at_sunrise__Victoria__Australia_vert.jpg,An_old_pier_at_Clifton_Springs_at_sunrise__Victoria__Australia_vert.jpg,morning,,,,Australia,australia,country,-25.2744,133.7751,OC,gazetteer,med
morning\Autumn_colours_on_still_morning_at_Craig_Goch_Dam_in_the_Elan_Valley__Powis__Wales__UK_horiz.jpg,Autumn_colours_on_still_morning_at_Craig_Goch_Dam_in_the_Elan_Valley__Powis__Wales__UK_horiz.jpg,morning,,,,,,,,,,,
morning\Autumn_morning_in_Akiyoshidai__Yamaguchi_Prefecture__Japan_horiz.jpg,Autumn_morning_in_Akiyoshidai__Yamaguchi_Prefecture__Japan_horiz.jpg,morning,,,,Japan,japan,country,36.2048,138.2529,AS,gazetteer,med
morning\Autumn_morning_in_the_Carpathian_mountains__Sokilsky_ridge__Ukraine_horiz.jpg,Autumn_morning_in_the_Carpathian_mountains__Sokilsky_ridge__Ukraine_horiz.jpg,morning,,,,,,,,,,,
morning\Autumn_scene_of_Hintersee_lake__morning_view_of_Bavarian_Alps_on_the_Austrian_border__Germany_horiz.jpg,Autumn_scene_of_Hintersee_lake__morning_view_of_Bavarian_Alps_on_the_Austrian_border__Germany_horiz.jpg,morning,,,,,,,,,,,
morning\Autumn_sunrise_at_Hintersee_lake__Ramsau__Berchtesgaden_National_Park__Upper_Bavaria__Germany_vert.jpg,Autumn_sunrise_at_Hintersee_lake__Ramsau__Berchtesgaden_National_Park__Upper_Bavaria__Germany_vert.jpg,morning,,,,,,,,,,,
morning\Autumn_sunrise_in_Georgian_Bay__Chikanishing_River__Killarney_Provincial_Park__Ontario__Canada_horiz.jpg,Autumn_sunrise_in_Georgian_Bay__Chikanishing_River__Killarney_Provincial_Park__Ontario__Canada_horiz.jpg,morning,,,,,,,,,,,
morning\A_beautiful_summer_morning_along_the_Blue_Ridge_Parkway_in_western_North_Carolina__USA_horiz.jpg,A_beautiful_summer_morning_along_the_Blue_Ridge_Parkway_in_western_North_Carolina__USA_horiz.jpg,morning,,,,USA,usa,country,39.8283,-98.5795,NA,gazetteer,med
morning\A_colorful_sunrise_sky_reflected_on_the_waters_of_Grayson_Lake_reservoir__Kentucky__USA_vert.jpg,A_colorful_sunrise_sky_reflected_on_the_waters_of_Grayson_Lake_reservoir__Kentucky__USA_vert.jpg,morning,,,,USA,usa,country,39.8283,-98.5795,NA,gazetteer,med
morning\A_cozy_morning_cafe_on_the_square_of_the_old_town__Piazza_dell__8217_Anfiteatro__Lucca__Italy_horiz.jpg,A_cozy_morning_cafe_on_the_square_of_the_old_town__Piazza_dell__8217_Anfiteatro__Lucca__Italy_horiz.jpg,morning,,,,Italy,italy,country,41.8719,12.5674,EU,gazetteer,med
morning\A_great_egret_skims_the_water_surface_in_early_morning__Essex__Massachusetts__USA_horiz.jpg,A_great_egret_skims_the_water_surface_in_early_morning__Essex__Massachusetts__USA_horiz.jpg,morning,,,,USA,usa,country,39.8283,-98.5795,NA,gazetteer,med
morning\A_humpback_whale__Megaptera_novaeangliae__breaches_at_sunrise_near_Petersburg__Alaska__USA_horiz.jpg,A_humpback_whale__Megaptera_novaeangliae__breaches_at_sunrise_near_Petersburg__Alaska__USA_horiz.jpg,morning,,,Alaska,USA,alaska,state,64.2008,-149.4937,NA,gazetteer,med
morning\A_jetty_in_Coniston_Water_at_sunrise__Lake_District_National_park__Cumbria__England__UK_vert.jpg,A_jetty_in_Coniston_Water_at_sunrise__Lake_District_National_park__Cumbria__England__UK_vert.jpg,morning,,,,,,,,,,,
morning\A_kangaroo_on_the_beach_at_sunrise__Cape_Hillsborough_National_Park__Queensland__Australia_vert.jpg,A_kangaroo_on_the_beach_at_sunrise__Cape_Hillsborough_National_Park__Queensland__Australia_vert.jpg,morning,,,,Australia,australia,country,-25.2744,133.7751,OC,gazetteer,med
morning\A_winter_sunrise_and_Mount_Rundle__Vermilion_Lakes__Banff_National_Park__Alberta__Canada_horiz.jpg,A_winter_sunrise_and_Mount_Rundle__Vermilion_Lakes__Banff_National_Park__Alberta__Canada_horiz.jpg,morning,,,,,,,,,,,
morning\A_winter__039_s_morning_on_Calton_Hill_looking_towards_Edinburgh_City__Scotland__UK_horiz.jpg,A_winter__039_s_morning_on_Calton_Hill_looking_towards_Edinburgh_City__Scotland__UK_horiz.jpg,morning,,,,,,,,,,,
morning\Balloons_and_tea_valley_view_on_sunrise_at_Cameron_Highlands__Tanah_Rata__Pahang__Malaysia_vert.jpg,Balloons_and_tea_valley_view_on_sunrise_at_Cameron_Highlands__Tanah_Rata__Pahang__Malaysia_vert.jpg,morning,,,,,,,,,,,
morning\Bathing_huts_at_St_James_beach_reflecting_in_tidal_pool_at_sunrise__Cape_Town__South_Africa_horiz.jpg,Bathing_huts_at_St_James_beach_reflecting_in_tidal_pool_at_sunrise__Cape_Town__South_Africa_horiz.jpg,morning,,,,,,,,,,,
morning\Bear_Mountain_Bridge_across_the_Hudson_River_at_sunrise__New_York_State__USA_horiz.jpg,Bear_Mountain_Bridge_across_the_Hudson_River_at_sunrise__New_York_State__USA_horiz.jpg,morning,,New York,New York State,USA,new york,city,40.7128,-74.006,NA,gazetteer,high
morning\Beautiful_beach_in_the_morning_in_Calella_on_Costa_Brava__Catalunya__Spain_vert.jpg,Beautiful_beach_in_the_morning_in_Calella_on_Costa_Brava__Catalunya__Spain_vert.jpg,morning,,,,Spain,spain,country,40.4637,-3.7492,EU,gazetteer,med
morning\Beautiful_morning_spring_field_with_the_blue_sky_horiz.jpg,Beautiful_morning_spring_field_with_the_blue_sky_horiz.jpg,morning,,,,,,,,,,,
morning\Beautiful_sunrise_at_Lanikai_Beach_in_Kailua__Oahu__Hawaii__USA_horiz.jpg,Beautiful_sunrise_at_Lanikai_Beach_in_Kailua__Oahu__Hawaii__USA_horiz.jpg,morning,,,Hawaii,USA,hawaii,state,20.7984,-156.3319,NA,gazetteer,med
morning\Beautiful_sunrise_with_clouds__Surat_Thani__Thailand_vert.jpg,Beautiful_sunrise_with_clouds__Surat_Thani__Thailand_vert.jpg,morning,,,,Thailand,thailand,country,15.87,100.9925,AS,gazetteer,med
morning\Beautiful_widflower_in_sunrise__Columbia_river_gorge__Oregon__USA_horiz.jpg,Beautiful_widflower_in_sunrise__Columbia_river_gorge__Oregon__USA_horiz.jpg,morning,,,Oregon,USA,oregon,state,43.8041,-120.5542,NA,gazetteer,med
morning\Bel_m_Tower__Torre_de_Bel_m__at_the_Tagus_river_in_Lisbon_at_sunrise__Portugal_horiz.jpg,Bel_m_Tower__Torre_de_Bel_m__at_the_Tagus_river_in_Lisbon_at_sunrise__Portugal_horiz.jpg,morning,,,,Portugal,portugal,country,39.3999,-8.2245,EU,gazetteer,med
morning\Big_Thompson_River__Rocky_Mountain_National_Park_sunrise_on_Moraine_Park__Colorado__USA_vert.jpg,Big_Thompson_River__Rocky_Mountain_National_Park_sunrise_on_Moraine_Park__Colorado__USA_vert.jpg,morning,,,Colorado,USA,colorado,state,39.5501,-105.7821,NA,gazetteer,med
morning\Blea_Tarn_and_Lake_District_peaks_of_Lingmoor_Fell_on_a_summer_sunrise__Cumbria__England__UK_horiz.jpg,Blea_Tarn_and_Lake_District_peaks_of_Lingmoor_Fell_on_a_summer_sunrise__Cumbria__England__UK_horiz.jpg,morning,,,,,,,,,,,
morning\Blooming_almond_trees__Prunus_dulcis__and_sheeps_at_morning_light__Sant_Jordi__Majorca__Balearic_Islands__Spain_horiz.jpg,Blooming_almond_trees__Prunus_dulcis__and_sheeps_at_morning_light__Sant_Jordi__Majorca__Balearic_Islands__Spain_horiz.jpg,morning,,,,Spain,spain,country,40.4637,-3.7492,EU,gazetteer,med
morning\Blooming_cherry_trees_on_pasture_land_at_spring_sunrise__St_Pantaleon__Solothurn__Switzerland_horiz.jpg,Blooming_cherry_trees_on_pasture_land_at_spring_sunrise__St_Pantaleon__Solothurn__Switzerland_horiz.jpg,morning,,,,,,,,,,,
morning\Blooming_lavender_fields_at_summer_sunrise_in_Poland_horiz.jpg,Blooming_lavender_fields_at_summer_sunrise_in_Poland_horiz.jpg,morning,,,,,,,,,,,
morning\Blue_dawn_on_lago_di_Penne__Lake_of_Penne___Province_of_Pescara__Italy_vert.jpg,Blue_dawn_on_lago_di_Penne__Lake_of_Penne___Province_of_Pescara__Italy_vert.jpg,morning,,,,Italy,italy,country,41.8719,12.5674,EU,gazetteer,med
morning\Blue_Ridge_Mountains_landscape_and_Grandfather_Mountain_at_dawn__North_Carolina__USA_horiz.jpg,Blue_Ridge_Mountains_landscape_and_Grandfather_Mountain_at_dawn__North_Carolina__USA_horiz.jpg,morning,,,,USA,usa,country,39.8283,-98.5795,NA,gazetteer,med
morning\Blurred_motion_abstract_image_of_the_ocean_at_dawn__Australia_horiz.jpg,Blurred_motion_abstract_image_of_the_ocean_at_dawn__Australia_horiz.jpg,morning,,,,Australia,australia,country,-25.2744,133.7751,OC,gazetteer,med
morning\Bodie_Island_lighthouse_along_North_Carolina_Outer_Banks_just_before_dawn__USA_vert.jpg,Bodie_Island_lighthouse_along_North_Carolina_Outer_Banks_just_before_dawn__USA_vert.jpg,morning,,,,USA,usa,country,39.8283,-98.5795,NA,gazetteer,med
morning\Bottom_bay_beach_at_dawn__Windward_Islands__Lesser_Antilles__Saint_Philip__Barbados_vert.jpg,Bottom_bay_beach_at_dawn__Windward_Islands__Lesser_Antilles__Saint_Philip__Barbados_vert.jpg,morning,,,,,,,,,,,
morning\Brandenburg_Gate_at_dawn__Berlin__Germany_horiz.jpg,Brandenburg_Gate_at_dawn__Berlin__Germany_horiz.jpg,morning,,,,,,,,,,,
morning\Break_of_dawn__Baler__Aurora__Philippines_vert.jpg,Break_of_dawn__Baler__Aurora__Philippines_vert.jpg,morning,,,,,,,,,,,
morning\Bridges_over_Vltava_River_in_an_hour_before_sunrise__Prague__Czech_Republic_horiz.jpg,Bridges_over_Vltava_River_in_an_hour_before_sunrise__Prague__Czech_Republic_horiz.jpg,morning,,,,,,,,,,,
morning\Bridge_over_Yanghe_river_against_sky_at_sunrise__Xuanhua__Zhangjiakou__Hebei__China_vert.jpg,Bridge_over_Yanghe_river_against_sky_at_sunrise__Xuanhua__Zhangjiakou__Hebei__China_vert.jpg,morning,,,,,,,,,,,
morning\Bufadero_sunrise__Gran_Canaria__Canary_Islands__Spain_horiz.jpg,Bufadero_sunrise__Gran_Canaria__Canary_Islands__Spain_horiz.jpg,morning,,,,Spain,spain,country,40.4637,-3.7492,EU,gazetteer,med
morning\Buffalo_Head_and_the_Little_Wind_river_at_sunrise__Bridger_Teton_National_Forest__Wyoming__USA_vert.jpg,Buffalo_Head_and_the_Little_Wind_river_at_sunrise__Bridger_Teton_National_Forest__Wyoming__USA_vert.jpg,morning,,,,USA,usa,country,39.8283,-98.5795,NA,gazetteer,med
morning\Bukhansan_national_park_mountains_at_morning_sunrise__Seoul__South_Korea_horiz.jpg,Bukhansan_national_park_mountains_at_morning_sunrise__Seoul__South_Korea_horiz.jpg,morning,,,,,,,,,,,
morning\Cala_del_Cuervo_in_the_morning_light__Cabo_de_Gata_natural_park__Almeria__Andalusia__Spain_horiz.jpg,Cala_del_Cuervo_in_the_morning_light__Cabo_de_Gata_natural_park__Almeria__Andalusia__Spain_horiz.jpg,morning,,,,Spain,spain,country,40.4637,-3.7492,EU,gazetteer,med
morning\Cape_Recife_lighthouse_at_dawn__Port_Elizabeth__South_Africa_horiz.jpg,Cape_Recife_lighthouse_at_dawn__Port_Elizabeth__South_Africa_horiz.jpg,morning,,,,,,,,,,,
morning\Castillo_de_San_Marcos_National_Monument_at_morning__St__Augustine__Florida__USA_horiz.jpg,Castillo_de_San_Marcos_National_Monument_at_morning__St__Augustine__Florida__USA_horiz.jpg,morning,,,Florida,USA,florida,state,27.6648,-81.5158,NA,gazetteer,med
morning\Castlepoint_lighthouse_at_sunrise__Wellington_region__Wairarapa__North_Island__New_Zealand_horiz.jpg,Castlepoint_lighthouse_at_sunrise__Wellington_region__Wairarapa__North_Island__New_Zealand_horiz.jpg,morning,,,,New Zealand,new zealand,country,-40.9006,174.886,OC,gazetteer,med
morning\Castle_of_Holy_Angel_and_Holy_Angel_Bridge_over_the_Tiber_River_at_dawn__Rome__Italy_vert.jpg,Castle_of_Holy_Angel_and_Holy_Angel_Bridge_over_the_Tiber_River_at_dawn__Rome__Italy_vert.jpg,morning,,Rome,,Italy,rome,city,41.9028,12.4964,EU,gazetteer,high
morning\Cathedral_Cove_at_sunrise__Coromandel_Peninsula__North_Island_of_New_Zealand_vert.jpg,Cathedral_Cove_at_sunrise__Coromandel_Peninsula__North_Island_of_New_Zealand_vert.jpg,morning,,,,New Zealand,new zealand,country,-40.9006,174.886,OC,gazetteer,med
morning\Cathedral_Cove_Marine_Reserve_at_sunrise__Coromandel__Waikato__North_Island__New_Zealand_horiz.jpg,Cathedral_Cove_Marine_Reserve_at_sunrise__Coromandel__Waikato__North_Island__New_Zealand_horiz.jpg,morning,,,,New Zealand,new zealand,country,-40.9006,174.886,OC,gazetteer,med
morning\Central_Park_at_The_Mall_during_predawn__Manhattan__New_York_City__USA_vert.jpg,Central_Park_at_The_Mall_during_predawn__Manhattan__New_York_City__USA_vert.jpg,morning,,New York,,USA,new york,city,40.7128,-74.006,NA,gazetteer,high
morning\Central_Park_autumn_morning__Manhattan__New_York_City__USA_horiz.jpg,Central_Park_autumn_morning__Manhattan__New_York_City__USA_horiz.jpg,morning,,New York,,USA,new york,city,40.7128,-74.006,NA,gazetteer,high
morning\Charles_bridge_in_Prague_early_in_the_morning__Czech_Republic_horiz.jpg,Charles_bridge_in_Prague_early_in_the_morning__Czech_Republic_horiz.jpg,morning,,,,,,,,,,,
morning\Chicago_skyline_and_harbour_at_sunrise__Illinois__USA_horiz.jpg,Chicago_skyline_and_harbour_at_sunrise__Illinois__USA_horiz.jpg,morning,,Chicago,Illinois,USA,chicago,city,41.8781,-87.6298,NA,gazetteer,high
morning\Cityscape_of_Melbourne_during_summer_sunrise__Victoria__Australia_vert.jpg,Cityscape_of_Melbourne_during_summer_sunrise__Victoria__Australia_vert.jpg,morning,,,,Australia,australia,country,-25.2744,133.7751,OC,gazetteer,med
morning\Claiborne_Pell_Newport_Bridge_with_rocky_seascape_at_sunrise__Jamestown__Rhode_Island__USA_vert.jpg,Claiborne_Pell_Newport_Bridge_with_rocky_seascape_at_sunrise__Jamestown__Rhode_Island__USA_vert.jpg,morning,,,,USA,usa,country,39.8283,-98.5795,NA,gazetteer,med
morning\Cliffs_and_mountains_sunrise_view_to_valley__Tianzi_Mountain__Zhangjiajie_Forest_Park__China_horiz.jpg,Cliffs_and_mountains_sunrise_view_to_valley__Tianzi_Mountain__Zhangjiajie_Forest_Park__China_horiz.jpg,morning,,,,,,,,,,,
morning\Close_up_shot_of_Torres_del_Paine_mountain_range_in_the_morning__Patagonia__Chile_vert.jpg,Close_up_shot_of_Torres_del_Paine_mountain_range_in_the_morning__Patagonia__Chile_vert.jpg,morning,,,,,,,,,,,
morning\Clouds_at_sunrise_over_Haleakala_Crater_on_Maui__Hawaii__USA_vert.jpg,Clouds_at_sunrise_over_Haleakala_Crater_on_Maui__Hawaii__USA_vert.jpg,morning,,,Hawaii,USA,hawaii,state,20.7984,-156.3319,NA,gazetteer,med
morning\Cloudy_morning_at_Pancake_Rocks_in_Punakaiki__New_Zealand_horiz.jpg,Cloudy_morning_at_Pancake_Rocks_in_Punakaiki__New_Zealand_horiz.jpg,morning,,,,New Zealand,new zealand,country,-40.9006,174.886,OC,gazetteer,med
morning\Cloudy_sunrise_over_Stonehenge__Amesbury__Wiltshire__England__UK_horiz.jpg,Cloudy_sunrise_over_Stonehenge__Amesbury__Wiltshire__England__UK_horiz.jpg,morning,,,,,,,,,,,
morning\Coastal_sunrise_at_Mount_Desert_Island_near_Thunder_Hole__Acadia_National_Park__Maine__USA_vert.jpg,Coastal_sunrise_at_Mount_Desert_Island_near_Thunder_Hole__Acadia_National_Park__Maine__USA_vert.jpg,morning,,,,USA,usa,country,39.8283,-98.5795,NA,gazetteer,med
morning\Coast_under_moody_sky_at_sunrise__Deep_Cove__Isle_Au_Haut__Acadia_National_Park__Maine__USA_vert.jpg,Coast_under_moody_sky_at_sunrise__Deep_Cove__Isle_Au_Haut__Acadia_National_Park__Maine__USA_vert.jpg,morning,,,,USA,usa,country,39.8283,-98.5795,NA,gazetteer,med
morning\Cold_morning_light__near_Wunsiedel__Germany_vert.jpg,Cold_morning_light__near_Wunsiedel__Germany_vert.jpg,morning,,,,,,,,,,,
morning\Colorado_River_at_sunrise__Horse_Shoe_Bend__Page__Arizona__USA_vert.jpg,Colorado_River_at_sunrise__Horse_Shoe_Bend__Page__Arizona__USA_vert.jpg,morning,,,Colorado,USA,colorado,state,39.5501,-105.7821,NA,gazetteer,med
morning\Colorful_autumn_sunrise_in_Carpathian_mountains__Ukraine_horiz.jpg,Colorful_autumn_sunrise_in_Carpathian_mountains__Ukraine_horiz.jpg,morning,,,,,,,,,,,
morning\Colorful_summer_sunrise_in_the_Carpathian_mountains__Ukraine_vert.jpg,Colorful_summer_sunrise_in_the_Carpathian_mountains__Ukraine_vert.jpg,morning,,,,,,,,,,,
morning\Colorful_summer_sunrise_on_the_town_of_Carate_Urio_on_Lake_Como__Lombardi__Italy_vert.jpg,Colorful_summer_sunrise_on_the_town_of_Carate_Urio_on_Lake_Como__Lombardi__Italy_vert.jpg,morning,,,,Italy,italy,country,41.8719,12.5674,EU,gazetteer,med
morning\Colorful_sunrise_landscape_on_Atlantic_ocean_coast__Punta_Cana__Dominican_republic_horiz.jpg,Colorful_sunrise_landscape_on_Atlantic_ocean_coast__Punta_Cana__Dominican_republic_horiz.jpg,morning,,,,,,,,,,,
morning\Colorful_winter_sunrise_on_Lake_Pal___Malenco_Valley__Valtellina__Lombardy__Italy_horiz.jpg,Colorful_winter_sunrise_on_Lake_Pal___Malenco_Valley__Valtellina__Lombardy__Italy_horiz.jpg,morning,,,,Italy,italy,country,41.8719,12.5674,EU,gazetteer,med
morning\Colosseum_morning_view__Roman_Forum__Rome__Latium__Italy_horiz.jpg,Colosseum_morning_view__Roman_Forum__Rome__Latium__Italy_horiz.jpg,morning,,Rome,,Italy,rome,city,41.9028,12.4964,EU,gazetteer,high
morning\Convict_Lake_sunrise_with_fresh_snow__Eastern_Sierra__California__USA_horiz.jpg,Convict_Lake_sunrise_with_fresh_snow__Eastern_Sierra__California__USA_horiz.jpg,morning,,,California,USA,california,state,36.7783,-119.4179,NA,gazetteer,med
morning\Corfe_Castle_at_sunrise__Isle_of_Purbeck__Dorset__England__UK_horiz.jpg,Corfe_Castle_at_sunrise__Isle_of_Purbeck__Dorset__England__UK_horiz.jpg,morning,,,,,,,,,,,
morning\Cormorants_babies_early_morning__Hawar_Islands__Bahrain_horiz.jpg,Cormorants_babies_early_morning__Hawar_Islands__Bahrain_horiz.jpg,morning,,,,,,,,,,,
morning\Cotopaxi_Volcano_at_sunrise__Cotopaxi_National_Park__Cotopaxi_Province__Ecuador_vert.jpg,Cotopaxi_Volcano_at_sunrise__Cotopaxi_National_Park__Cotopaxi_Province__Ecuador_vert.jpg,morning,,,,,,,,,,,
morning\Crack_of_dawn__Roman_Forum_ruins_at_early_morning__Rome__Italy_horiz.jpg,Crack_of_dawn__Roman_Forum_ruins_at_early_morning__Rome__Italy_horiz.jpg,morning,,Rome,,Italy,rome,city,41.9028,12.4964,EU,gazetteer,high
morning\Dawn_approaches_the_Okavango_Delta__Moremi_Game_Reserve__Botswana_vert.jpg,Dawn_approaches_the_Okavango_Delta__Moremi_Game_Reserve__Botswana_vert.jpg,morning,,,,,,,,,,,
morning\Dawn_at_Lake_Atitlan__Panajachel__Guatemala_horiz.jpg,Dawn_at_Lake_Atitlan__Panajachel__Guatemala_horiz.jpg,morning,,,,,,,,,,,
morning\Dawn_at_Lake_Matheson_in_South_Westland__New_Zealand_horiz.jpg,Dawn_at_Lake_Matheson_in_South_Westland__New_Zealand_horiz.jpg,morning,,,,New Zealand,new zealand,country,-40.9006,174.886,OC,gazetteer,med
morning\Dawn_at_the_Golden_Gate_Bridge_from_Baker_beach__San_Francisco__California__USA_horiz.jpg,Dawn_at_the_Golden_Gate_Bridge_from_Baker_beach__San_Francisco__California__USA_horiz.jpg,morning,,San Francisco,California,USA,san francisco,city,37.7749,-122.4194,NA,gazetteer,high
morning\Dawn_breaks_over_the_wildflowers_in_Albion_Basin_at_the_Alta_Ski_Area__Utah__USA_horiz.jpg,Dawn_breaks_over_the_wildflowers_in_Albion_Basin_at_the_Alta_Ski_Area__Utah__USA_horiz.jpg,morning,,,Utah,USA,utah,state,39.321,-111.0937,NA,gazetteer,med
morning\Dawn_fir_tree_fall_foliage_in_a_lake_at_Zimaling_Park__Zhongshan__China_horiz.jpg,Dawn_fir_tree_fall_foliage_in_a_lake_at_Zimaling_Park__Zhongshan__China_horiz.jpg,morning,,,,,,,,,,,
morning\Dawn_in_the_mountains_with_river__Svaneti__Georgia__Caucasus_horiz.jpg,Dawn_in_the_mountains_with_river__Svaneti__Georgia__Caucasus_horiz.jpg,morning,,,,,,,,,,,
morning\Dawn_on_the_Blue_Ridge_Parkway_in_peak_autumn_colours__North_Carolina__USA_horiz.jpg,Dawn_on_the_Blue_Ridge_Parkway_in_peak_autumn_colours__North_Carolina__USA_horiz.jpg,morning,,,,USA,usa,country,39.8283,-98.5795,NA,gazetteer,med
morning\Dawn_over_waterfalls_in_Plitvice_Lakes_National_Park__Croatia_horiz.jpg,Dawn_over_waterfalls_in_Plitvice_Lakes_National_Park__Croatia_horiz.jpg,morning,,,,,,,,,,,
morning\Dawn_skies_over_Malabar_Rock_Pool_and_Long_Bay__Sydney__Australia_horiz.jpg,Dawn_skies_over_Malabar_Rock_Pool_and_Long_Bay__Sydney__Australia_horiz.jpg,morning,,Sydney,,Australia,sydney,city,-33.8688,151.2093,OC,gazetteer,high
morning\Dawn_with_fog_above_Crete_Senesi__Asciano__Orcia_Valley__Siena_district__Tuscany__Italy_horiz.jpg,Dawn_with_fog_above_Crete_Senesi__Asciano__Orcia_Valley__Siena_district__Tuscany__Italy_horiz.jpg,morning,,,,Italy,italy,country,41.8719,12.5674,EU,gazetteer,med
morning\Dawn_with_fog_above_Crete_Senesi__Asciano__Tuscany__Italy_vert.jpg,Dawn_with_fog_above_Crete_Senesi__Asciano__Tuscany__Italy_vert.jpg,morning,,,,Italy,italy,country,41.8719,12.5674,EU,gazetteer,med
morning\Derwentwater_view_Lake_District_from_Castlehead_viewpoint_in_early_morning__England__UK_vert.jpg,Derwentwater_view_Lake_District_from_Castlehead_viewpoint_in_early_morning__England__UK_vert.jpg,morning,,,,,,,,,,,
morning\Devil__039_s_cataract_sunrise_at_Victoria_Falls_in_Zimbabwe_vert.jpg,Devil__039_s_cataract_sunrise_at_Victoria_Falls_in_Zimbabwe_vert.jpg,morning,,,,,,,,,,,
morning\Downtown_Los_Angeles_skyline_and_Griffith_Park_Observatory_just_after_sunrise__California__USA_horiz.jpg,Downtown_Los_Angeles_skyline_and_Griffith_Park_Observatory_just_after_sunrise__California__USA_horiz.jpg,morning,,,California,USA,california,state,36.7783,-119.4179,NA,gazetteer,med
morning\Downtown_Los_Angeles_skyline_and_Griffith_Park_Observatory_sunrise__California__USA_vert.jpg,Downtown_Los_Angeles_skyline_and_Griffith_Park_Observatory_sunrise__California__USA_vert.jpg,morning,,,California,USA,california,state,36.7783,-119.4179,NA,gazetteer,med
morning\Dragon_and_Tiger_Pagodas_at_Lianchihtan__Lotus_Pond__during_sunrise__Kaohsiung__Taiwan_vert.jpg,Dragon_and_Tiger_Pagodas_at_Lianchihtan__Lotus_Pond__during_sunrise__Kaohsiung__Taiwan_vert.jpg,morning,,,,,,,,,,,
morning\Dramatic_fire_sunrise_over_ocean_and_cliffs___tretat__France_vert.jpg,Dramatic_fire_sunrise_over_ocean_and_cliffs___tretat__France_vert.jpg,morning,,,,France,france,country,46.2276,2.2137,EU,gazetteer,med
morning\Dry_salt_pan_on_pastel_sunrise_and_yellow_patterns__Lake_Eyre__South_Australia_vert.jpg,Dry_salt_pan_on_pastel_sunrise_and_yellow_patterns__Lake_Eyre__South_Australia_vert.jpg,morning,,,,Australia,australia,country,-25.2744,133.7751,OC,gazetteer,med
morning\Early_morning_at_fishing_village__Tyulenovo__Bulgaria_horiz.jpg,Early_morning_at_fishing_village__Tyulenovo__Bulgaria_horiz.jpg,morning,,,,,,,,,,,
morning\Early_morning_at_Smitswinkel_Bay_close_to_Cape_Point__False_Bay__South_Africa_horiz.jpg,Early_morning_at_Smitswinkel_Bay_close_to_Cape_Point__False_Bay__South_Africa_horiz.jpg,morning,,,,,,,,,,,
morning\Early_morning_autumn_light_near_Killington__Vermont__New_England__USA_vert.jpg,Early_morning_autumn_light_near_Killington__Vermont__New_England__USA_vert.jpg,morning,,,,USA,usa,country,39.8283,-98.5795,NA,gazetteer,med
morning\Early_morning_in_the_italian_Alps__Passo_san_Pellegrino__Val_di_Fassa__Italy_vert.jpg,Early_morning_in_the_italian_Alps__Passo_san_Pellegrino__Val_di_Fassa__Italy_vert.jpg,morning,,,,Italy,italy,country,41.8719,12.5674,EU,gazetteer,med
morning\Early_morning_in_the_mountains__Triglav__Julian_Alps__Slovenia_horiz.jpg,Early_morning_in_the_mountains__Triglav__Julian_Alps__Slovenia_horiz.jpg,morning,,,,,,,,,,,
morning\Early_morning_on_a_beach_in_Tayrona_National_Park__Colombia_vert.jpg,Early_morning_on_a_beach_in_Tayrona_National_Park__Colombia_vert.jpg,morning,,,,,,,,,,,
morning\Early_morning_on_the_river_beautiful_sunrise_vert.jpg,Early_morning_on_the_river_beautiful_sunrise_vert.jpg,morning,,,,,,,,,,,
morning\Early_morning_over_blossoming_heather__De_Hoge_Veluwe_National_Park__Gelderland__Netherlands_horiz.jpg,Early_morning_over_blossoming_heather__De_Hoge_Veluwe_National_Park__Gelderland__Netherlands_horiz.jpg,morning,,,,,,,,,,,
morning\Early_morning_silence__Ski__Akershus_Fylke__Norway_vert.jpg,Early_morning_silence__Ski__Akershus_Fylke__Norway_vert.jpg,morning,,,,Norway,norway,country,60.472,8.4689,EU,gazetteer,med
morning\Early_morning_sunrise_at_the_Pemaquid_Point_Lighthouse__Bristol__Maine__USA_horiz.jpg,Early_morning_sunrise_at_the_Pemaquid_Point_Lighthouse__Bristol__Maine__USA_horiz.jpg,morning,,,,USA,usa,country,39.8283,-98.5795,NA,gazetteer,med
morning\Early_morning__golden_light__brown_hares_in_long_grass__Chelmsford__Essex__England__UK_horiz.jpg,Early_morning__golden_light__brown_hares_in_long_grass__Chelmsford__Essex__England__UK_horiz.jpg,morning,,,,,,,,,,,
morning\Early_winter_morning_in_Zermatt_with_Matterhorn_in_background__Switzerland_horiz.jpg,Early_winter_morning_in_Zermatt_with_Matterhorn_in_background__Switzerland_horiz.jpg,morning,,,,,,,,,,,
morning\Early_winter_view_of_frozen_marshland_near_Girdwood__Turnagain_Arm__Alaska__USA_horiz.jpg,Early_winter_view_of_frozen_marshland_near_Girdwood__Turnagain_Arm__Alaska__USA_horiz.jpg,morning,,,Alaska,USA,alaska,state,64.2008,-149.4937,NA,gazetteer,med
morning\Elevated_view_of_lake_Bled_at_sunrise__Upper_Carniola__Slovenia_vert.jpg,Elevated_view_of_lake_Bled_at_sunrise__Upper_Carniola__Slovenia_vert.jpg,morning,,,,,,,,,,,
morning\Emerald_Bay_with_Fannette_Island_in_morning__Lake_Tahoe_sunrise__California__USA_vert.jpg,Emerald_Bay_with_Fannette_Island_in_morning__Lake_Tahoe_sunrise__California__USA_vert.jpg,morning,,,California,USA,california,state,36.7783,-119.4179,NA,gazetteer,med
morning\Eph_Hanks_Tower_and_Milky_Way_in_April_before_dawn__Capitol_Reef_National_Park__Utah__USA_horiz.jpg,Eph_Hanks_Tower_and_Milky_Way_in_April_before_dawn__Capitol_Reef_National_Park__Utah__USA_horiz.jpg,morning,,,Utah,USA,utah,state,39.321,-111.0937,NA,gazetteer,med
morning\Famous_Miami_South_Beach_sunrise_with_lifeguard_tower__Florida__USA_horiz.jpg,Famous_Miami_South_Beach_sunrise_with_lifeguard_tower__Florida__USA_horiz.jpg,morning,,,Florida,USA,florida,state,27.6648,-81.5158,NA,gazetteer,med
morning\Famous_Neuschwanstein_Castle_in_Bavaria__Germany__before_sunrise_horiz.jpg,Famous_Neuschwanstein_Castle_in_Bavaria__Germany__before_sunrise_horiz.jpg,morning,,,,,,,,,,,
morning\Field_and_orchard_in_autumn_at_sunrise__mountainous_countryside_with_fog_in_distant__Romania_horiz.jpg,Field_and_orchard_in_autumn_at_sunrise__mountainous_countryside_with_fog_in_distant__Romania_horiz.jpg,morning,,,,,,,,,,,
morning\Field_of_lupins_with_red_sky_in_the_morning__Bavarian_Rh_n_Nature_Park__Germany_horiz.jpg,Field_of_lupins_with_red_sky_in_the_morning__Bavarian_Rh_n_Nature_Park__Germany_horiz.jpg,morning,,,,,,,,,,,
morning\Fiery_sunrise_at_Lake_Tahoe_in_Sierra_Nevada_Mountains__California__USA_horiz.jpg,Fiery_sunrise_at_Lake_Tahoe_in_Sierra_Nevada_Mountains__California__USA_horiz.jpg,morning,,,Nevada,USA,nevada,state,38.8026,-116.4194,NA,gazetteer,med
morning\Fir_trees_covered_fresh_snow_at_frosty_morning_glowing_first_sunlight__Carpathian_mountains_vert.jpg,Fir_trees_covered_fresh_snow_at_frosty_morning_glowing_first_sunlight__Carpathian_mountains_vert.jpg,morning,,,,,,,,,,,
morning\Foggy_meadows_in_the_morning_with_herd_of_sheep_on_Tuscany_field__Italy_horiz.jpg,Foggy_meadows_in_the_morning_with_herd_of_sheep_on_Tuscany_field__Italy_horiz.jpg,morning,,,,Italy,italy,country,41.8719,12.5674,EU,gazetteer,med
morning\Foggy_sunrise_over_the_Skagit_Valley_tulip_fields__Washington__USA_horiz.jpg,Foggy_sunrise_over_the_Skagit_Valley_tulip_fields__Washington__USA_horiz.jpg,morning,,,Washington,USA,washington,state,47.7511,-120.7401,NA,gazetteer,med
morning\Footbridge_at_the_sea_in_the_morning_light__Majorca__Balearic_Islands__Spain_horiz.jpg,Footbridge_at_the_sea_in_the_morning_light__Majorca__Balearic_Islands__Spain_horiz.jpg,morning,,,,Spain,spain,country,40.4637,-3.7492,EU,gazetteer,med
morning\Footpath_in_the_Tatras_Mountains_at_sunrise__Zakopane__Poland_vert.jpg,Footpath_in_the_Tatras_Mountains_at_sunrise__Zakopane__Poland_vert.jpg,morning,,,,,,,,,,,
morning\Frosty_dawn_in_Khabarovsk__Amur_river_embankment__Russia_vert.jpg,Frosty_dawn_in_Khabarovsk__Amur_river_embankment__Russia_vert.jpg,morning,,,,,,,,,,,
morning\Frozen_lake_with_an_icy_jetty_during_sunrise__north_Holland__Netherlands_horiz.jpg,Frozen_lake_with_an_icy_jetty_during_sunrise__north_Holland__Netherlands_horiz.jpg,morning,,,,,,,,,,,
morning\Gapstow_bridge_early_morning_in_spring__New_York_City_Central_Park__USA_horiz.jpg,Gapstow_bridge_early_morning_in_spring__New_York_City_Central_Park__USA_horiz.jpg,morning,,New York,,USA,new york,city,40.7128,-74.006,NA,gazetteer,high
morning\George_Parks_Highway_in_fall_with_the_morning_sun_light__Denali_State_Park__Alaska__USA_horiz.jpg,George_Parks_Highway_in_fall_with_the_morning_sun_light__Denali_State_Park__Alaska__USA_horiz.jpg,morning,,,Alaska,USA,alaska,state,64.2008,-149.4937,NA,gazetteer,med
morning\Goblin_Valley_State_Park_in_morning_light__Utah__USA_horiz.jpg,Goblin_Valley_State_Park_in_morning_light__Utah__USA_horiz.jpg,morning,,,Utah,USA,utah,state,39.321,-111.0937,NA,gazetteer,med
morning\Golden_sunrise_at_Sikunir__Dieng_Plateau__Java__Indonesia_horiz.jpg,Golden_sunrise_at_Sikunir__Dieng_Plateau__Java__Indonesia_horiz.jpg,morning,,,,,,,,,,,
morning\Golden_sunrise_view_of_Perth_skyline_from_Swan_River__Australia_horiz.jpg,Golden_sunrise_view_of_Perth_skyline_from_Swan_River__Australia_horiz.jpg,morning,,,,Australia,australia,country,-25.2744,133.7751,OC,gazetteer,med
morning\Good_Morning_Lisbon__Ponte_Vasco_da_Gama__Parque_das_Na__es__Portugal_vert.jpg,Good_Morning_Lisbon__Ponte_Vasco_da_Gama__Parque_das_Na__es__Portugal_vert.jpg,morning,,,,Portugal,portugal,country,39.3999,-8.2245,EU,gazetteer,med
morning\Gorgeous_sunrise_over_Clear_Lake_in_Riding_Mountain_National_Park__Manitoba__Canada_vert.jpg,Gorgeous_sunrise_over_Clear_Lake_in_Riding_Mountain_National_Park__Manitoba__Canada_vert.jpg,morning,,,,,,,,,,,
morning\Government_pier_at_dawn__Salt_Spring_Island__British_Columbia__Canada_vert.jpg,Government_pier_at_dawn__Salt_Spring_Island__British_Columbia__Canada_vert.jpg,morning,,,,,,,,,,,
morning\Grand_Prismatic_Spring_sunrise__Yellowstone_National_Park__Wyoming__USA_horiz.jpg,Grand_Prismatic_Spring_sunrise__Yellowstone_National_Park__Wyoming__USA_horiz.jpg,morning,,,,USA,usa,country,39.8283,-98.5795,NA,gazetteer,med
morning\Great_egret_at_sunrise_in_a_pink_colored_marsh__Everglades_national_park__Florida__USA_horiz.jpg,Great_egret_at_sunrise_in_a_pink_colored_marsh__Everglades_national_park__Florida__USA_horiz.jpg,morning,,,Florida,USA,florida,state,27.6648,-81.5158,NA,gazetteer,med
morning\Great_gray_owl__strix_nebulosa__flying_in_the_morning_light__rare_bird_of_prey__Canada_vert.jpg,Great_gray_owl__strix_nebulosa__flying_in_the_morning_light__rare_bird_of_prey__Canada_vert.jpg,morning,,,,,,,,,,,
morning\Great_Smoky_Mountains_National_Park_sunrise_landscape_at_Oconaluftee__USA_vert.jpg,Great_Smoky_Mountains_National_Park_sunrise_landscape_at_Oconaluftee__USA_vert.jpg,morning,,,,USA,usa,country,39.8283,-98.5795,NA,gazetteer,med
morning\Great_Temple_of_Abu_Simbel_with_Lake_Nasser_in_early_morning_light__Aswan__Nubia__Egypt_vert.jpg,Great_Temple_of_Abu_Simbel_with_Lake_Nasser_in_early_morning_light__Aswan__Nubia__Egypt_vert.jpg,morning,,,,,,,,,,,
morning\Grove_of_Joshua_trees_in_national_park_valley_at_morning_twilight__Mojave_Desert__California__USA_horiz.jpg,Grove_of_Joshua_trees_in_national_park_valley_at_morning_twilight__Mojave_Desert__California__USA_horiz.jpg,morning,,,California,USA,california,state,36.7783,-119.4179,NA,gazetteer,med
morning\Hang_Rai_at_sunrise__Ninh_Thuan_province__Vietnam_horiz.jpg,Hang_Rai_at_sunrise__Ninh_Thuan_province__Vietnam_horiz.jpg,morning,,,,Vietnam,vietnam,country,14.0583,108.2772,AS,gazetteer,med
morning\Havasu_Falls_at_sunrise__Grand_Canyon__Arizona__USA_horiz.jpg,Havasu_Falls_at_sunrise__Grand_Canyon__Arizona__USA_horiz.jpg,morning,,,Arizona,USA,arizona,state,34.0489,-111.0937,NA,gazetteer,med
morning\Haystacks__Morning___ragny__painting_by_Camille_Pissarro__1899_horiz.jpg,Haystacks__Morning___ragny__painting_by_Camille_Pissarro__1899_horiz.jpg,morning,,,,,,,,,,,
morning\Head_Harbour_Lightstation_lighthouse_at_dawn__Campobello_Island__New_Brunswick__Canada_vert.jpg,Head_Harbour_Lightstation_lighthouse_at_dawn__Campobello_Island__New_Brunswick__Canada_vert.jpg,morning,,,,,,,,,,,
morning\Hilltops_over_morning_fog_in_remote_landscape__Kintamani__Bali__Indonesia_horiz.jpg,Hilltops_over_morning_fog_in_remote_landscape__Kintamani__Bali__Indonesia_horiz.jpg,morning,,,,,,,,,,,
morning\Hoodoos_in_Theodore_Roosevelt_National_Park_at_sunrise__North_Dakota__USA_horiz.jpg,Hoodoos_in_Theodore_Roosevelt_National_Park_at_sunrise__North_Dakota__USA_horiz.jpg,morning,,,,USA,usa,country,39.8283,-98.5795,NA,gazetteer,med
morning\Horses_and_riders_crossing_the_river_on_a_foggy_morning_in_the_Ozarks__Eminence__Missouri__USA_vert.jpg,Horses_and_riders_crossing_the_river_on_a_foggy_morning_in_the_Ozarks__Eminence__Missouri__USA_vert.jpg,morning,,,,USA,usa,country,39.8283,-98.5795,NA,gazetteer,med
morning\Horses_at_dawn__Castelluccio_of_Norcia__Umbria__Apennines__Italy_vert.jpg,Horses_at_dawn__Castelluccio_of_Norcia__Umbria__Apennines__Italy_vert.jpg,morning,,,,Italy,italy,country,41.8719,12.5674,EU,gazetteer,med
morning\Hot_air_balloon_after_sunrise__G_reme__Cappadokia__Turkey_horiz.jpg,Hot_air_balloon_after_sunrise__G_reme__Cappadokia__Turkey_horiz.jpg,morning,,,,,,,,,,,
morning\Icebergs_floating_on_icy_beach_at_sunrise__J_kuls_rl_n_Lagoon__south_Iceland_horiz.jpg,Icebergs_floating_on_icy_beach_at_sunrise__J_kuls_rl_n_Lagoon__south_Iceland_horiz.jpg,morning,,,,Iceland,iceland,country,64.9631,-19.0208,EU,gazetteer,med
morning\Imperial_Palace_moat_and_bridge_at_dawn__Tokyo__Japan_horiz.jpg,Imperial_Palace_moat_and_bridge_at_dawn__Tokyo__Japan_horiz.jpg,morning,,Tokyo,,Japan,tokyo,city,35.6762,139.6503,AS,gazetteer,high
morning\Indian_Head_Cove_sunrise_flare__Bruce_Peninsula_National_Park__Ontario__Canada_horiz.jpg,Indian_Head_Cove_sunrise_flare__Bruce_Peninsula_National_Park__Ontario__Canada_horiz.jpg,morning,,,,,,,,,,,
morning\Jatiluwih_rice_terraces_at_sunrise__Bali__Indonesia_horiz.jpg,Jatiluwih_rice_terraces_at_sunrise__Bali__Indonesia_horiz.jpg,morning,,,,,,,,,,,
morning\Jetty_at_Plage_Des_Dames_at_sunrise___le_de_Noirmoutier__France_horiz.jpg,Jetty_at_Plage_Des_Dames_at_sunrise___le_de_Noirmoutier__France_horiz.jpg,morning,,,,France,france,country,46.2276,2.2137,EU,gazetteer,med
morning\Jetty_in_Lake_Ch_zenji_at_autumn_sunrise__Nikk__National_Park__Tochigi__Japan_horiz.jpg,Jetty_in_Lake_Ch_zenji_at_autumn_sunrise__Nikk__National_Park__Tochigi__Japan_horiz.jpg,morning,,,,Japan,japan,country,36.2048,138.2529,AS,gazetteer,med
morning\Juniper_Canyon_sunrise__Panther_Junction__Big_Bend_National_Park__Texas__USA_vert.jpg,Juniper_Canyon_sunrise__Panther_Junction__Big_Bend_National_Park__Texas__USA_vert.jpg,morning,,,Texas,USA,texas,state,31.0,-100.0,NA,gazetteer,med
morning\Kangaroos_wallabies_feeding_on_beach_at_sunrise__Cape_Hillsborough__Queensland__Australia_vert.jpg,Kangaroos_wallabies_feeding_on_beach_at_sunrise__Cape_Hillsborough__Queensland__Australia_vert.jpg,morning,,,,Australia,australia,country,-25.2744,133.7751,OC,gazetteer,med
morning\Kilchurn_Castle_in_morning_mist_on_Loch_Awe_in_Argyll_and_Bute__Scotland__UK_vert.jpg,Kilchurn_Castle_in_morning_mist_on_Loch_Awe_in_Argyll_and_Bute__Scotland__UK_vert.jpg,morning,,,,,,,,,,,
morning\Kirkjufell_mountain_at_sunrise__Sn_fellsnes__Iceland_horiz.jpg,Kirkjufell_mountain_at_sunrise__Sn_fellsnes__Iceland_horiz.jpg,morning,,,,Iceland,iceland,country,64.9631,-19.0208,EU,gazetteer,med
morning\Lago_di_Braies_lake_and_Seekofel_peak_at_autumn_sunrise__Dolomites__Italy_vert.jpg,Lago_di_Braies_lake_and_Seekofel_peak_at_autumn_sunrise__Dolomites__Italy_vert.jpg,morning,,,,Italy,italy,country,41.8719,12.5674,EU,gazetteer,med
morning\Laguna_Tebinquiche_at_sunrise__Atacama_Desert__Antofagasta_Region__Chile_horiz.jpg,Laguna_Tebinquiche_at_sunrise__Atacama_Desert__Antofagasta_Region__Chile_horiz.jpg,morning,,,,,,,,,,,
morning\Laguna_Torre_and_Granite_towers_of_Torres_del_Paine_at_sunrise__Patagonia__Chile_horiz.jpg,Laguna_Torre_and_Granite_towers_of_Torres_del_Paine_at_sunrise__Patagonia__Chile_horiz.jpg,morning,,,,,,,,,,,
morning\Lake_Atitl_n_at_sunrise__Panajachel__Guatemala_horiz.jpg,Lake_Atitl_n_at_sunrise__Panajachel__Guatemala_horiz.jpg,morning,,,,,,,,,,,
morning\Lake_Kawaguchi_with_Mount_Fuji_in_morning__Yamanashi_prefecture__Japan_vert.jpg,Lake_Kawaguchi_with_Mount_Fuji_in_morning__Yamanashi_prefecture__Japan_vert.jpg,morning,,,,Japan,japan,country,36.2048,138.2529,AS,gazetteer,med
morning\Landscape_of_Rio_de_Janeiro_at_dawn__Brazil_horiz.jpg,Landscape_of_Rio_de_Janeiro_at_dawn__Brazil_horiz.jpg,morning,,,,,,,,,,,
morning\Landscape_of_Shamanka_rock_at_sunrise__Lake_Baikal__Siberia__Russia_horiz.jpg,Landscape_of_Shamanka_rock_at_sunrise__Lake_Baikal__Siberia__Russia_horiz.jpg,morning,,,,,,,,,,,
morning\Landscape_of_the_Peak_District_National_park_at_sunrise__Bamford__Derbyshire__England__UK_vert.jpg,Landscape_of_the_Peak_District_National_park_at_sunrise__Bamford__Derbyshire__England__UK_vert.jpg,morning,,,,,,,,,,,
morning\Landscape_with_dawn_and_green_trees_at_National_Palace_of_Pena__Sintra_near_Lisbon__Portugal_horiz.jpg,Landscape_with_dawn_and_green_trees_at_National_Palace_of_Pena__Sintra_near_Lisbon__Portugal_horiz.jpg,morning,,,,Portugal,portugal,country,39.3999,-8.2245,EU,gazetteer,med
morning\Landscape_with_sunrise_and_lake_at_summer_in_national_park_Aulanko__H_meenlinna__Finland_vert.jpg,Landscape_with_sunrise_and_lake_at_summer_in_national_park_Aulanko__H_meenlinna__Finland_vert.jpg,morning,,,,,,,,,,,
morning\Last_lingering_rays_at_sunrise__Dolly_Sods_Wilderness__West_Virginia__USA_horiz.jpg,Last_lingering_rays_at_sunrise__Dolly_Sods_Wilderness__West_Virginia__USA_horiz.jpg,morning,,,,USA,usa,country,39.8283,-98.5795,NA,gazetteer,med
morning\Liberty_Bell_and_Early_Winters_Spires__North_Cascades__Okanogan_National_Forest__Washington__USA_horiz.jpg,Liberty_Bell_and_Early_Winters_Spires__North_Cascades__Okanogan_National_Forest__Washington__USA_horiz.jpg,morning,,,Washington,USA,washington,state,47.7511,-120.7401,NA,gazetteer,med
morning\Linn_Cove_viaduct_during_fall_morning__Blueridge_parkway__North_Carolina__USA_vert.jpg,Linn_Cove_viaduct_during_fall_morning__Blueridge_parkway__North_Carolina__USA_vert.jpg,morning,,,,USA,usa,country,39.8283,-98.5795,NA,gazetteer,med
morning\Lonely_male_lion_lying_on_a_hill_in_the_first_morning_light__Masai_Mara_National_Park__Kenya_vert.jpg,Lonely_male_lion_lying_on_a_hill_in_the_first_morning_light__Masai_Mara_National_Park__Kenya_vert.jpg,morning,,,,,,,,,,,
morning\Lone_Pine_Peak_and_the_Alabama_Hills_at_sunrise__California__USA_vert.jpg,Lone_Pine_Peak_and_the_Alabama_Hills_at_sunrise__California__USA_vert.jpg,morning,,,California,USA,california,state,36.7783,-119.4179,NA,gazetteer,med
morning\Long_dock_over_the_salt_marsh_grasslands_on_St__Helena_Island_outside_of_Beaufort_at_sunrise__South_Carolina__USA_vert.jpg,Long_dock_over_the_salt_marsh_grasslands_on_St__Helena_Island_outside_of_Beaufort_at_sunrise__South_Carolina__USA_vert.jpg,morning,,,,USA,usa,country,39.8283,-98.5795,NA,gazetteer,med
morning\Long_shadows_from_the_early_morning_sun_at_Stonehenge__Wiltshire__England__UK_horiz.jpg,Long_shadows_from_the_early_morning_sun_at_Stonehenge__Wiltshire__England__UK_horiz.jpg,morning,,,,,,,,,,,
morning\Male_and_female_lions_at_sunrise__Naboisho_Conservancy__Narok_County__Kenya_vert.jpg,Male_and_female_lions_at_sunrise__Naboisho_Conservancy__Narok_County__Kenya_vert.jpg,morning,,,,,,,,,,,
morning\Manhattan_Bridge_in_New_York_City_at_dawn_retro_style__USA_horiz.jpg,Manhattan_Bridge_in_New_York_City_at_dawn_retro_style__USA_horiz.jpg,morning,,New York,,USA,new york,city,40.7128,-74.006,NA,gazetteer,high
morning\Marble_Stradun_street_in_the_old_town_of_Dubrovnik_at_sunrise__Croatia_horiz.jpg,Marble_Stradun_street_in_the_old_town_of_Dubrovnik_at_sunrise__Croatia_horiz.jpg,morning,,,,,,,,,,,
morning\Massive_granite_rock_formations_of_Spitzkoppe_in_morning_light__Damaraland__Namibia_vert.jpg,Massive_granite_rock_formations_of_Spitzkoppe_in_morning_light__Damaraland__Namibia_vert.jpg,morning,,,,,,,,,,,
morning\Matterhorn_reflected_in_Lake_Stellisee_at_dawn__Switzerland_vert.jpg,Matterhorn_reflected_in_Lake_Stellisee_at_dawn__Switzerland_vert.jpg,morning,,,,,,,,,,,
morning\Mauao_Sunrise__sunrise_at_summit_track_on_Mount_Maunganui__Tauranga__North_Island_New_Zealand_vert.jpg,Mauao_Sunrise__sunrise_at_summit_track_on_Mount_Maunganui__Tauranga__North_Island_New_Zealand_vert.jpg,morning,,,,New Zealand,new zealand,country,-40.9006,174.886,OC,gazetteer,med
morning\Mcgown_Peak_and_Stanley_Lake_at_sunrise__Sawtooth_National_Recreation_Area__Idaho__USA_vert.jpg,Mcgown_Peak_and_Stanley_Lake_at_sunrise__Sawtooth_National_Recreation_Area__Idaho__USA_vert.jpg,morning,,,,USA,usa,country,39.8283,-98.5795,NA,gazetteer,med
morning\Meadow_with_lots_of_white_and_pink_spring_daisy_flowers_in_sunny_day_at_early_summer__Estonia_horiz.jpg,Meadow_with_lots_of_white_and_pink_spring_daisy_flowers_in_sunny_day_at_early_summer__Estonia_horiz.jpg,morning,,,,,,,,,,,
morning\Medieval_Corfe_castle_keep_close_up_sunrise__Dorset__England__UK_vert.jpg,Medieval_Corfe_castle_keep_close_up_sunrise__Dorset__England__UK_vert.jpg,morning,,,,,,,,,,,
morning\Milwaukee_Pierhead_Lighthouse_at_sunrise__Wisconsin__USA_horiz.jpg,Milwaukee_Pierhead_Lighthouse_at_sunrise__Wisconsin__USA_horiz.jpg,morning,,,,USA,usa,country,39.8283,-98.5795,NA,gazetteer,med
morning\Misty_morning_at_field_of_wheat_in_central_Kansas__USA_vert.jpg,Misty_morning_at_field_of_wheat_in_central_Kansas__USA_vert.jpg,morning,,,,USA,usa,country,39.8283,-98.5795,NA,gazetteer,med
morning\Misty_morning_on_the_Southern_Island_New_Zealand_horiz.jpg,Misty_morning_on_the_Southern_Island_New_Zealand_horiz.jpg,morning,,,,New Zealand,new zealand,country,-40.9006,174.886,OC,gazetteer,med
morning\Misty_morning_scene_at_Lake_Hibara__Yama_gun__Fukushima_prefecture__Japan_vert.jpg,Misty_morning_scene_at_Lake_Hibara__Yama_gun__Fukushima_prefecture__Japan_vert.jpg,morning,,,,Japan,japan,country,36.2048,138.2529,AS,gazetteer,med
morning\Misty_summer_morning_on_the_Hintersee_lake_in_Austrian_Alps__Ramsau__Bavaria__Germany_vert.jpg,Misty_summer_morning_on_the_Hintersee_lake_in_Austrian_Alps__Ramsau__Bavaria__Germany_vert.jpg,morning,,,,,,,,,,,
morning\Misty_sunrise__Krasnik_village_area__Carpathian_Mountains__Ivano_Frankivsk_region__Ukraine_horiz.jpg,Misty_sunrise__Krasnik_village_area__Carpathian_Mountains__Ivano_Frankivsk_region__Ukraine_horiz.jpg,morning,,,,,,,,,,,
morning\Moeraki_Boulders_on_Koekohe_Beach_at_sunrise__Otago__New_Zealand_vert.jpg,Moeraki_Boulders_on_Koekohe_Beach_at_sunrise__Otago__New_Zealand_vert.jpg,morning,,,,New Zealand,new zealand,country,-40.9006,174.886,OC,gazetteer,med
morning\Monte_Civetta_mountain_in_the_pastel_light_of_dawn_in_winter__Val_Badia__Dolomites__Italy_vert.jpg,Monte_Civetta_mountain_in_the_pastel_light_of_dawn_in_winter__Val_Badia__Dolomites__Italy_vert.jpg,morning,,,,Italy,italy,country,41.8719,12.5674,EU,gazetteer,med
morning\Moon_Bridge_In_Dahu_Park_at_dawn__Neihu__Taipei__Taiwan_horiz.jpg,Moon_Bridge_In_Dahu_Park_at_dawn__Neihu__Taipei__Taiwan_horiz.jpg,morning,,,,,,,,,,,
morning\Morning_art_with_glass_ball_on_pebble_beach__Larnaka__Cyprus_vert.jpg,Morning_art_with_glass_ball_on_pebble_beach__Larnaka__Cyprus_vert.jpg,morning,,,,,,,,,,,
morning\Morning_at_Lingmoor_Fell__Side_Pike__Langdales__Lake_District__Cumbria__England__UK_vert.jpg,Morning_at_Lingmoor_Fell__Side_Pike__Langdales__Lake_District__Cumbria__England__UK_vert.jpg,morning,,,,,,,,,,,
morning\Morning_at_Moya_Beach__Anjouan__Ndzwani__island__Comoros_horiz.jpg,Morning_at_Moya_Beach__Anjouan__Ndzwani__island__Comoros_horiz.jpg,morning,,,,,,,,,,,
morning\Morning_at_Oheo_Gulch_or_Seven_Pools__Haleakala_National_Park__Maui__Hawaii__USA_vert.jpg,Morning_at_Oheo_Gulch_or_Seven_Pools__Haleakala_National_Park__Maui__Hawaii__USA_vert.jpg,morning,,,Hawaii,USA,hawaii,state,20.7984,-156.3319,NA,gazetteer,med
morning\Morning_at_Paternkofel_and_Tre_Cime_Di_Lavaredo_mountain_peaks__Dolomites__South_Tyrol__Italy_vert.jpg,Morning_at_Paternkofel_and_Tre_Cime_Di_Lavaredo_mountain_peaks__Dolomites__South_Tyrol__Italy_vert.jpg,morning,,,,Italy,italy,country,41.8719,12.5674,EU,gazetteer,med
morning\Morning_at_Sanur_Beach__Bali__Indonesia_horiz.jpg,Morning_at_Sanur_Beach__Bali__Indonesia_horiz.jpg,morning,,,,,,,,,,,
morning\Morning_at_the_Lower_Lake_in_Glendalough__County_Wicklow__Ireland_vert.jpg,Morning_at_the_Lower_Lake_in_Glendalough__County_Wicklow__Ireland_vert.jpg,morning,,,,,,,,,,,
morning\Morning_autumn_in_the_Green_Mountain_National_Forest_in_Vermont__New_England__USA_horiz.jpg,Morning_autumn_in_the_Green_Mountain_National_Forest_in_Vermont__New_England__USA_horiz.jpg,morning,,,,USA,usa,country,39.8283,-98.5795,NA,gazetteer,med
morning\Morning_beauty_of_mountain_range_in_Suzuka_City__Mie_Prefecture__Japan_horiz.jpg,Morning_beauty_of_mountain_range_in_Suzuka_City__Mie_Prefecture__Japan_horiz.jpg,morning,,,,Japan,japan,country,36.2048,138.2529,AS,gazetteer,med
morning\Morning_double_rainbow_over_the_Lake_Wanaka_on_the_South_Island_of_New_Zealand_horiz.jpg,Morning_double_rainbow_over_the_Lake_Wanaka_on_the_South_Island_of_New_Zealand_horiz.jpg,morning,,,,New Zealand,new zealand,country,-40.9006,174.886,OC,gazetteer,med
morning\Morning_hiking_in_Elbe_Sandstone_Mountains_near_the_Bastei__Germany_vert.jpg,Morning_hiking_in_Elbe_Sandstone_Mountains_near_the_Bastei__Germany_vert.jpg,morning,,,,,,,,,,,
morning\Morning_in_Hong_Kong_from_Victoria_peak__China_horiz.jpg,Morning_in_Hong_Kong_from_Victoria_peak__China_horiz.jpg,morning,,,,,,,,,,,
morning\Morning_in_Machu_Picchu_stone_village_landscape__Peru_horiz.jpg,Morning_in_Machu_Picchu_stone_village_landscape__Peru_horiz.jpg,morning,,,,,,,,,,,
morning\Morning_in_Montmartre__Paris__France_vert.jpg,Morning_in_Montmartre__Paris__France_vert.jpg,morning,,Paris,,France,paris,city,48.8566,2.3522,EU,gazetteer,high
morning\Morning_landscape_at_Koruldi_Lake__Main_Caucasian_ridge__Svaneti__Georgia_horiz.jpg,Morning_landscape_at_Koruldi_Lake__Main_Caucasian_ridge__Svaneti__Georgia_horiz.jpg,morning,,,,,,,,,,,
morning\Morning_light_at_Lake_Gosau_with_Dachstein_Mountains__Salzkammergut__Austria_horiz.jpg,Morning_light_at_Lake_Gosau_with_Dachstein_Mountains__Salzkammergut__Austria_horiz.jpg,morning,,,,,,,,,,,
morning\Morning_light_in_Pomorskie_province_in_north_Poland__Kashubia__Kaszuby__district_vert.jpg,Morning_light_in_Pomorskie_province_in_north_Poland__Kashubia__Kaszuby__district_vert.jpg,morning,,,,,,,,,,,
morning\Morning_light_in_Vladeasa_Mountains__Romania_vert.jpg,Morning_light_in_Vladeasa_Mountains__Romania_vert.jpg,morning,,,,,,,,,,,
morning\Morning_light_on_the_hills__Cathedral_Peak_region__Drakensberg__South_Africa_horiz.jpg,Morning_light_on_the_hills__Cathedral_Peak_region__Drakensberg__South_Africa_horiz.jpg,morning,,,,,,,,,,,
morning\Morning_mist_in_Gorges_du_Verdon__Alpes_de_Haute_Provence__France_horiz.jpg,Morning_mist_in_Gorges_du_Verdon__Alpes_de_Haute_Provence__France_horiz.jpg,morning,,,,France,france,country,46.2276,2.2137,EU,gazetteer,med
morning\Morning_over_waterfalls_in_Plitvice_Lakes_National_Park__Croatia_vert.jpg,Morning_over_waterfalls_in_Plitvice_Lakes_National_Park__Croatia_vert.jpg,morning,,,,,,,,,,,
morning\Morning_panoramic_view_of_lake_against_sky__K_nigssee__Bavaria__Germany_horiz.jpg,Morning_panoramic_view_of_lake_against_sky__K_nigssee__Bavaria__Germany_horiz.jpg,morning,,,,,,,,,,,
morning\Morning_reflection_at_upper_Schwabacher_Landing_in_Jackson_Hole__Grand_Teton__Wyoming__USA_vert.jpg,Morning_reflection_at_upper_Schwabacher_Landing_in_Jackson_Hole__Grand_Teton__Wyoming__USA_vert.jpg,morning,,,,USA,usa,country,39.8283,-98.5795,NA,gazetteer,med
morning\Morning_scene_of_Sorvagsvatn_lake__Vagar__Faroe_Islands__Denmark_horiz.jpg,Morning_scene_of_Sorvagsvatn_lake__Vagar__Faroe_Islands__Denmark_horiz.jpg,morning,,,,,,,,,,,
morning\Morning_summer_cityscape_of_Vrbnik_town__Krk_island__Kvarner_bay_archipelago__Croatia_vert.jpg,Morning_summer_cityscape_of_Vrbnik_town__Krk_island__Kvarner_bay_archipelago__Croatia_vert.jpg,morning,,,,,,,,,,,
morning\Morning_sunlights_baths_the_Blyde_River_Canyon_in_Mpumulanga__South_Africa_horiz.jpg,Morning_sunlights_baths_the_Blyde_River_Canyon_in_Mpumulanga__South_Africa_horiz.jpg,morning,,,,,,,,,,,
morning\Morning_sunrise_view_of_the_peaks_of_Huangshan_National_Park__China_horiz.jpg,Morning_sunrise_view_of_the_peaks_of_Huangshan_National_Park__China_horiz.jpg,morning,,,,,,,,,,,
morning\Morning_view_from_a_mountain_cave__Isla_Incahuasi__Salar_de_Uyuni__Bolivia_horiz.jpg,Morning_view_from_a_mountain_cave__Isla_Incahuasi__Salar_de_Uyuni__Bolivia_horiz.jpg,morning,,,,,,,,,,,
morning\Morning_view_of_Cemoro_Lawang_village__Bromo_Tengger_Semeru_National_Park__East_Java__Indonesia_horiz.jpg,Morning_view_of_Cemoro_Lawang_village__Bromo_Tengger_Semeru_National_Park__East_Java__Indonesia_horiz.jpg,morning,,,,,,,,,,,
morning\Morning_view_of_coastal_France_from_International_Space_Station_horiz.jpg,Morning_view_of_coastal_France_from_International_Space_Station_horiz.jpg,morning,,,,France,france,country,46.2276,2.2137,EU,gazetteer,med
morning\Morning_view_of_Li_Cossi_beach__summer_scene_of_Costa_Paradiso__Sardinia_island__Italy_horiz.jpg,Morning_view_of_Li_Cossi_beach__summer_scene_of_Costa_Paradiso__Sardinia_island__Italy_horiz.jpg,morning,,,,Italy,italy,country,41.8719,12.5674,EU,gazetteer,med
morning\Morning_view_of_Milford_Sound__Piopiotahi___Fiordland_National_Park__New_Zealand_vert.jpg,Morning_view_of_Milford_Sound__Piopiotahi___Fiordland_National_Park__New_Zealand_vert.jpg,morning,,,,New Zealand,new zealand,country,-40.9006,174.886,OC,gazetteer,med
morning\Morning_view_of_Mount_Fuji_with_kokia_bushes_in_autumn_from_Oishi_park__Yamanashi__Japan_horiz.jpg,Morning_view_of_Mount_Fuji_with_kokia_bushes_in_autumn_from_Oishi_park__Yamanashi__Japan_horiz.jpg,morning,,,,Japan,japan,country,36.2048,138.2529,AS,gazetteer,med
morning\Morning_view_of_Mount_Rundle_at_Two_Jack_Lake__Banff_National_Park__Alberta__Canada_horiz.jpg,Morning_view_of_Mount_Rundle_at_Two_Jack_Lake__Banff_National_Park__Alberta__Canada_horiz.jpg,morning,,,,,,,,,,,
morning\Morning_view_of_the_sea_at_Futou_coast_in_Izu_peninsula__Shizuoka__Japan_vert.jpg,Morning_view_of_the_sea_at_Futou_coast_in_Izu_peninsula__Shizuoka__Japan_vert.jpg,morning,,,,Japan,japan,country,36.2048,138.2529,AS,gazetteer,med
morning\Morning_view_with_mountain_mist_and_Big_Buddha_statue_at_Khao_Kho__Phetchabun__Thailand_vert.jpg,Morning_view_with_mountain_mist_and_Big_Buddha_statue_at_Khao_Kho__Phetchabun__Thailand_vert.jpg,morning,,,,Thailand,thailand,country,15.87,100.9925,AS,gazetteer,med
morning\Morning_winter_landscape_after_a_snowfall_at_La_Clusaz__Haute_Savoie__France_horiz.jpg,Morning_winter_landscape_after_a_snowfall_at_La_Clusaz__Haute_Savoie__France_horiz.jpg,morning,,,,France,france,country,46.2276,2.2137,EU,gazetteer,med
morning\Mountain_Fuji_with_morning_fog_and_red_leaves_at_lake_Kawaguchiko_in_autumn__Japan_horiz.jpg,Mountain_Fuji_with_morning_fog_and_red_leaves_at_lake_Kawaguchiko_in_autumn__Japan_horiz.jpg,morning,,,,Japan,japan,country,36.2048,138.2529,AS,gazetteer,med
morning\Mountain_landscape_at_sunrise__Storkonufell__Mofell__Fjallabak__South_Iceland_horiz.jpg,Mountain_landscape_at_sunrise__Storkonufell__Mofell__Fjallabak__South_Iceland_horiz.jpg,morning,,,,Iceland,iceland,country,64.9631,-19.0208,EU,gazetteer,med
morning\Mountain_landscape_with_illuminated_peaks_and_lake_at_sunrise__Himalayas__Nepal_horiz.jpg,Mountain_landscape_with_illuminated_peaks_and_lake_at_sunrise__Himalayas__Nepal_horiz.jpg,morning,,,,,,,,,,,
morning\Mountain_range_view_in_morning_from_Phu_Pa_Por__Loei__Thailand_horiz.jpg,Mountain_range_view_in_morning_from_Phu_Pa_Por__Loei__Thailand_horiz.jpg,morning,,,,Thailand,thailand,country,15.87,100.9925,AS,gazetteer,med
morning\Mountain_valley_during_summer_sunrise_view_from_Ve_k__Cho___Slovakia_horiz.jpg,Mountain_valley_during_summer_sunrise_view_from_Ve_k__Cho___Slovakia_horiz.jpg,morning,,,,,,,,,,,
morning\Mountain_valley_landscape_during_sunrise_at_summer_time__Carpathian_mountains__Ukraine_vert.jpg,Mountain_valley_landscape_during_sunrise_at_summer_time__Carpathian_mountains__Ukraine_vert.jpg,morning,,,,,,,,,,,
morning\Mount_Fitz_Roy__Cerro_Chalten__at_sunrise__El_Chalt_n__Glaciers_National_Park__Argentina_horiz.jpg,Mount_Fitz_Roy__Cerro_Chalten__at_sunrise__El_Chalt_n__Glaciers_National_Park__Argentina_horiz.jpg,morning,,,,,,,,,,,
morning\Mount_Fuji_against_a_beautiful_morning_sky__Japan_horiz.jpg,Mount_Fuji_against_a_beautiful_morning_sky__Japan_horiz.jpg,morning,,,,Japan,japan,country,36.2048,138.2529,AS,gazetteer,med
morning\Mount_Fuji_at_sunrise__Japan_horiz.jpg,Mount_Fuji_at_sunrise__Japan_horiz.jpg,morning,,,,Japan,japan,country,36.2048,138.2529,AS,gazetteer,med
morning\Mount_Fuji_in_the_morning_sun_view_from_Taikanzan__Hakone_machi__Kanagawa__Japan_horiz.jpg,Mount_Fuji_in_the_morning_sun_view_from_Taikanzan__Hakone_machi__Kanagawa__Japan_horiz.jpg,morning,,,,Japan,japan,country,36.2048,138.2529,AS,gazetteer,med
morning\Mount_Fuji_with_morning_spring_flower_garden__Oshi_park__Kawaguchiko_lake__Yamanashi__Japan_vert.jpg,Mount_Fuji_with_morning_spring_flower_garden__Oshi_park__Kawaguchiko_lake__Yamanashi__Japan_vert.jpg,morning,,,,Japan,japan,country,36.2048,138.2529,AS,gazetteer,med
morning\Mount_Fuji_with_sunrise_view_from_Mount_Ryugatake__Yamanashi__Japan_horiz.jpg,Mount_Fuji_with_sunrise_view_from_Mount_Ryugatake__Yamanashi__Japan_horiz.jpg,morning,,,,Japan,japan,country,36.2048,138.2529,AS,gazetteer,med
morning\Mount_Rushmore_National_Memorial_in_the_Black_Hills_at_sunrise__Keystone__South_Dakota__USA_horiz.jpg,Mount_Rushmore_National_Memorial_in_the_Black_Hills_at_sunrise__Keystone__South_Dakota__USA_horiz.jpg,morning,,,,USA,usa,country,39.8283,-98.5795,NA,gazetteer,med
morning\Mount_Saint_Helens_with_wildflowers_at_sunrise__Skamania_County__Washington__USA_vert.jpg,Mount_Saint_Helens_with_wildflowers_at_sunrise__Skamania_County__Washington__USA_vert.jpg,morning,,,Washington,USA,washington,state,47.7511,-120.7401,NA,gazetteer,med
morning\Mount_Shuksan_over_forest_at_sunrise__Whatcom_County__Washington__USA_horiz.jpg,Mount_Shuksan_over_forest_at_sunrise__Whatcom_County__Washington__USA_horiz.jpg,morning,,,Washington,USA,washington,state,47.7511,-120.7401,NA,gazetteer,med
morning\Multicolored_sunrise_over_the_ocean_on_the_Gold_Coast__Queensland__Australia_horiz.jpg,Multicolored_sunrise_over_the_ocean_on_the_Gold_Coast__Queensland__Australia_horiz.jpg,morning,,,,Australia,australia,country,-25.2744,133.7751,OC,gazetteer,med
morning\Namib_desert_at_sunrise__Namib_Naukluft_National_Park__Namibia_horiz.jpg,Namib_desert_at_sunrise__Namib_Naukluft_National_Park__Namibia_horiz.jpg,morning,,,,,,,,,,,
morning\Namib_Desert_landscape_of_red_granite_rocks_in_Spitzkoppe_area_at_sunrise__Namibia_vert.jpg,Namib_Desert_landscape_of_red_granite_rocks_in_Spitzkoppe_area_at_sunrise__Namibia_vert.jpg,morning,,,,,,,,,,,
morning\Natural_summer_mountain_valley_landscape_during_sunrise_horiz.jpg,Natural_summer_mountain_valley_landscape_during_sunrise_horiz.jpg,morning,,,,,,,,,,,
morning\Nearly_sunset_at_Inks_Lake_State_Park__Burnet_County__Texas__USA_horiz.jpg,Nearly_sunset_at_Inks_Lake_State_Park__Burnet_County__Texas__USA_horiz.jpg,morning,,,Texas,USA,texas,state,31.0,-100.0,NA,gazetteer,med
morning\New_York_City_panorama_skyline_at_sunrise__Manhattan_office_buildings_in_the_morning__USA_vert.jpg,New_York_City_panorama_skyline_at_sunrise__Manhattan_office_buildings_in_the_morning__USA_vert.jpg,morning,,New York,,USA,new york,city,40.7128,-74.006,NA,gazetteer,high
morning\Nightcliff_sunrise__Darwin__Northern_Territory__Australia_horiz.jpg,Nightcliff_sunrise__Darwin__Northern_Territory__Australia_horiz.jpg,morning,,,,Australia,australia,country,-25.2744,133.7751,OC,gazetteer,med
morning\Night_and_sunrise_shots_composed__Ta_Chompu_bridge__Lampun__Thailand_horiz.jpg,Night_and_sunrise_shots_composed__Ta_Chompu_bridge__Lampun__Thailand_horiz.jpg,morning,,,,Thailand,thailand,country,15.87,100.9925,AS,gazetteer,med
morning\Norwegian_fjord_at_sunrise__M_re_og_Romsdal__Norway_vert.jpg,Norwegian_fjord_at_sunrise__M_re_og_Romsdal__Norway_vert.jpg,morning,,,,Norway,norway,country,60.472,8.4689,EU,gazetteer,med
morning\Old_Man_of_Coniston_from_water_at_sunrise__Lake_District_National_park__Cumbria__England__UK_horiz.jpg,Old_Man_of_Coniston_from_water_at_sunrise__Lake_District_National_park__Cumbria__England__UK_horiz.jpg,morning,,,,,,,,,,,
morning\Olkhon_island_scenery_at_sunrise_in_Baikal_lake__Russia_vert.jpg,Olkhon_island_scenery_at_sunrise_in_Baikal_lake__Russia_vert.jpg,morning,,,,,,,,,,,
morning\One_Calm_Tree__morning_at_Lake_Wanaka__New_Zealand_horiz.jpg,One_Calm_Tree__morning_at_Lake_Wanaka__New_Zealand_horiz.jpg,morning,,,,New Zealand,new zealand,country,-40.9006,174.886,OC,gazetteer,med
morning\Ovelooking_at_Man_O__039_War_cove_at_sunrise__Dorset__England__UK_horiz.jpg,Ovelooking_at_Man_O__039_War_cove_at_sunrise__Dorset__England__UK_horiz.jpg,morning,,,,,,,,,,,
morning\Overlooking_Dead_Horse_Canyon_near_Moab_just_before_sunrise__Utah__USA_horiz.jpg,Overlooking_Dead_Horse_Canyon_near_Moab_just_before_sunrise__Utah__USA_horiz.jpg,morning,,,Utah,USA,utah,state,39.321,-111.0937,NA,gazetteer,med
morning\Oxbow_Bend_on_Snake_river_at_sunrise__Grand_Tetons_National_Park__Wyoming__USA_horiz.jpg,Oxbow_Bend_on_Snake_river_at_sunrise__Grand_Tetons_National_Park__Wyoming__USA_horiz.jpg,morning,,,,USA,usa,country,39.8283,-98.5795,NA,gazetteer,med
morning\Paine_Massif_at_dawn__lake_Peho___Patagonia__Chile_horiz.jpg,Paine_Massif_at_dawn__lake_Peho___Patagonia__Chile_horiz.jpg,morning,,,,,,,,,,,
morning\Palouse_hills_and_red_barn_at_sunrise__Washington_state__USA_horiz.jpg,Palouse_hills_and_red_barn_at_sunrise__Washington_state__USA_horiz.jpg,morning,,,Washington,USA,washington,state,47.7511,-120.7401,NA,gazetteer,med
morning\Pando_aspen_grove_in_Fishlake_National_Forest_at_morning__Utah__USA_vert.jpg,Pando_aspen_grove_in_Fishlake_National_Forest_at_morning__Utah__USA_vert.jpg,morning,,,Utah,USA,utah,state,39.321,-111.0937,NA,gazetteer,med
morning\Panorama_of_the_winter_sunrise_in_mountains_horiz.jpg,Panorama_of_the_winter_sunrise_in_mountains_horiz.jpg,morning,,,,,,,,,,,
morning\Panorama_with_winter_sunrise_in_Alps_mountains__Dolomites__South_Tyrol__Italy_horiz.jpg,Panorama_with_winter_sunrise_in_Alps_mountains__Dolomites__South_Tyrol__Italy_horiz.jpg,morning,,,,Italy,italy,country,41.8719,12.5674,EU,gazetteer,med
morning\Panoramic_view_of_Colosseum_in_Rome_and_morning_sun__Italy_horiz.jpg,Panoramic_view_of_Colosseum_in_Rome_and_morning_sun__Italy_horiz.jpg,morning,,Rome,,Italy,rome,city,41.9028,12.4964,EU,gazetteer,high
morning\Panoramic_view_of_Saint_Lucia__039_s_Twin_Pitons_at_sunrise_vert.jpg,Panoramic_view_of_Saint_Lucia__039_s_Twin_Pitons_at_sunrise_vert.jpg,morning,,,,,,,,,,,
morning\Pastel_clouds_over_peaks_of_Brooks_Range_in_Arctic_Alaska_North_Slope_at_sunrise__USA_horiz.jpg,Pastel_clouds_over_peaks_of_Brooks_Range_in_Arctic_Alaska_North_Slope_at_sunrise__USA_horiz.jpg,morning,,,Alaska,USA,alaska,state,64.2008,-149.4937,NA,gazetteer,med
morning\Path_by_the_River_Main_in_the_morning__Dorfprozelten__Spessart__Franconia__Bavaria__Germany_horiz.jpg,Path_by_the_River_Main_in_the_morning__Dorfprozelten__Spessart__Franconia__Bavaria__Germany_horiz.jpg,morning,,,,,,,,,,,
morning\Path_through_reed_beds_on_an_early_morning_at_sunrise__Utv_linge__Sweden_horiz.jpg,Path_through_reed_beds_on_an_early_morning_at_sunrise__Utv_linge__Sweden_horiz.jpg,morning,,,,,,,,,,,
morning\People_trekking_the_Navajo_loop_trail_in_Bryce_Canyon_National_Park_at_sunrise__Utah__USA_horiz.jpg,People_trekking_the_Navajo_loop_trail_in_Bryce_Canyon_National_Park_at_sunrise__Utah__USA_horiz.jpg,morning,,,Utah,USA,utah,state,39.321,-111.0937,NA,gazetteer,med
morning\Perc__Rock_at_dawn___le_Bonaventure_et_du_Rocher_Perc__National_Park__Gasp__Peninsula__Quebec__Canada_horiz.jpg,Perc__Rock_at_dawn___le_Bonaventure_et_du_Rocher_Perc__National_Park__Gasp__Peninsula__Quebec__Canada_horiz.jpg,morning,,,,,,,,,,,
morning\Pier_at_Umhlanga_Rocks_during_sunrise__Durban__South_Africa_horiz.jpg,Pier_at_Umhlanga_Rocks_during_sunrise__Durban__South_Africa_horiz.jpg,morning,,,,,,,,,,,
morning\Pine_tree_island_reflection_in_water_at_dawn__Vietnam_horiz.jpg,Pine_tree_island_reflection_in_water_at_dawn__Vietnam_horiz.jpg,morning,,,,Vietnam,vietnam,country,14.0583,108.2772,AS,gazetteer,med
morning\Ponta_de_S_o_Louren_o_morning_view__Cani_al__Madeira_island__Portugal_vert.jpg,Ponta_de_S_o_Louren_o_morning_view__Cani_al__Madeira_island__Portugal_vert.jpg,morning,,,,Portugal,portugal,country,39.3999,-8.2245,EU,gazetteer,med
morning\Praia_da_Fal_sia_cliffs_and_beach_at_dawn__Albufeira__Algarve__Faro__Portugal_horiz.jpg,Praia_da_Fal_sia_cliffs_and_beach_at_dawn__Albufeira__Algarve__Faro__Portugal_horiz.jpg,morning,,,,Portugal,portugal,country,39.3999,-8.2245,EU,gazetteer,med
morning\Prolific_bluebonnets_at_Muleshoe_Bend_near_Austin_at_sunrise__Texas__USA_horiz.jpg,Prolific_bluebonnets_at_Muleshoe_Bend_near_Austin_at_sunrise__Texas__USA_horiz.jpg,morning,,,Texas,USA,texas,state,31.0,-100.0,NA,gazetteer,med
morning\Pumpkin_patch_at_sunset_on_a_late_afternoon_in_early_autumn__Newton__Massachusetts__USA_vert.jpg,Pumpkin_patch_at_sunset_on_a_late_afternoon_in_early_autumn__Newton__Massachusetts__USA_vert.jpg,morning,,,,USA,usa,country,39.8283,-98.5795,NA,gazetteer,med
morning\Purple_heather_at_summer_sunrise__Ilkley_Moor_Cow_and_Calf_Rocks__Hangingstone_Road__England__UK_vert.jpg,Purple_heather_at_summer_sunrise__Ilkley_Moor_Cow_and_Calf_Rocks__Hangingstone_Road__England__UK_vert.jpg,morning,,,,,,,,,,,
morning\Pyramid_Mountain_and_lake_in_Jasper_National_Park_at_sunrise__Alberta__Canada_vert.jpg,Pyramid_Mountain_and_lake_in_Jasper_National_Park_at_sunrise__Alberta__Canada_vert.jpg,morning,,,,,,,,,,,
morning\Quiraing_dawn__Isle_of_Skye__Scotland__UK_vert.jpg,Quiraing_dawn__Isle_of_Skye__Scotland__UK_vert.jpg,morning,,,,,,,,,,,
morning\Red_winter_dawn__Nine_stones_close__Peak_District__Derbyshire__England__UK_vert.jpg,Red_winter_dawn__Nine_stones_close__Peak_District__Derbyshire__England__UK_vert.jpg,morning,,,,,,,,,,,
morning\Reflection_of_snow_capped_Maroon_Bells_in_fall_at_sunrise__Colorado__USA_horiz.jpg,Reflection_of_snow_capped_Maroon_Bells_in_fall_at_sunrise__Colorado__USA_horiz.jpg,morning,,,Colorado,USA,colorado,state,39.5501,-105.7821,NA,gazetteer,med
morning\Rice_fields_near_the_village_of_Ubud_at_sunrise__Bali__Indonesia_vert.jpg,Rice_fields_near_the_village_of_Ubud_at_sunrise__Bali__Indonesia_vert.jpg,morning,,,,,,,,,,,
morning\Rice_field_and_strange_shape_high_mountain_at_sunrise__Cao_B_ng_Province__north_of_Vietnam_vert.jpg,Rice_field_and_strange_shape_high_mountain_at_sunrise__Cao_B_ng_Province__north_of_Vietnam_vert.jpg,morning,,,,Vietnam,vietnam,country,14.0583,108.2772,AS,gazetteer,med
morning\Rising_sun_lights_boiling_water_erupting_from_Strokkur_Geyser_on_summer_morning__Iceland_vert.jpg,Rising_sun_lights_boiling_water_erupting_from_Strokkur_Geyser_on_summer_morning__Iceland_vert.jpg,morning,,,,Iceland,iceland,country,64.9631,-19.0208,EU,gazetteer,med
morning\River_Thames_Tower_Bridge_and_Tower_of_London_in_the_morning_light__London__England__UK_horiz.jpg,River_Thames_Tower_Bridge_and_Tower_of_London_in_the_morning_light__London__England__UK_horiz.jpg,morning,,London,,,london,city,51.5074,-0.1278,EU,gazetteer,high
morning\Rocks_and_moss_in_the_morning_at_Co_Thach_beach__Tuy_Phong__Binh_Thuan_province__Vietnam_horiz.jpg,Rocks_and_moss_in_the_morning_at_Co_Thach_beach__Tuy_Phong__Binh_Thuan_province__Vietnam_horiz.jpg,morning,,,,Vietnam,vietnam,country,14.0583,108.2772,AS,gazetteer,med
morning\Rolling_hills_of_wheat_at_sunrise__Palouse__Washington_State__USA_horiz.jpg,Rolling_hills_of_wheat_at_sunrise__Palouse__Washington_State__USA_horiz.jpg,morning,,,Washington,USA,washington,state,47.7511,-120.7401,NA,gazetteer,med
morning\Roque_de_Agando_in_morning_light__Garajonay_National_Park__La_Gomera__Canary_Islands__Spain_vert.jpg,Roque_de_Agando_in_morning_light__Garajonay_National_Park__La_Gomera__Canary_Islands__Spain_vert.jpg,morning,,,,Spain,spain,country,40.4637,-3.7492,EU,gazetteer,med
morning\Rubjerg_Knude_Lighthouse_at_sunrise__Jutland__Hj_rring__Denmark_horiz.jpg,Rubjerg_Knude_Lighthouse_at_sunrise__Jutland__Hj_rring__Denmark_horiz.jpg,morning,,,,,,,,,,,
morning\Saint_Michel_chapel_on_Lake_Serre_Pon_on_at_dawn__Hautes_Alpes__France_horiz.jpg,Saint_Michel_chapel_on_Lake_Serre_Pon_on_at_dawn__Hautes_Alpes__France_horiz.jpg,morning,,,,France,france,country,46.2276,2.2137,EU,gazetteer,med
morning\Sandy_beach_at_dawn__Leba__Baltic_Sea__Poland_vert.jpg,Sandy_beach_at_dawn__Leba__Baltic_Sea__Poland_vert.jpg,morning,,,,,,,,,,,
morning\San_Martino_di_Castrozza_at_winter_dawn_after_snowfall__Dolomites__Primiero__Trentino__Italy_horiz.jpg,San_Martino_di_Castrozza_at_winter_dawn_after_snowfall__Dolomites__Primiero__Trentino__Italy_horiz.jpg,morning,,,,Italy,italy,country,41.8719,12.5674,EU,gazetteer,med
morning\Sassi_di_Matera_at_dawn__Matera__Basilicata__Italy_vert.jpg,Sassi_di_Matera_at_dawn__Matera__Basilicata__Italy_vert.jpg,morning,,,,Italy,italy,country,41.8719,12.5674,EU,gazetteer,med
morning\Scenery_of_desert_at_sunrise__Truckee_Meadows__Reno__Nevada__USA_horiz.jpg,Scenery_of_desert_at_sunrise__Truckee_Meadows__Reno__Nevada__USA_horiz.jpg,morning,,,Nevada,USA,nevada,state,38.8026,-116.4194,NA,gazetteer,med
morning\Scenery_of_mountains_of_French_Alps_at_sunrise__Valle_Blanche__Haute_Savoie__France_horiz.jpg,Scenery_of_mountains_of_French_Alps_at_sunrise__Valle_Blanche__Haute_Savoie__France_horiz.jpg,morning,,,,France,france,country,46.2276,2.2137,EU,gazetteer,med
morning\Scenic_morning_landscape_of_Lake_Tahoe_shore_with_clear_waters__Nevada__USA_horiz.jpg,Scenic_morning_landscape_of_Lake_Tahoe_shore_with_clear_waters__Nevada__USA_horiz.jpg,morning,,,Nevada,USA,nevada,state,38.8026,-116.4194,NA,gazetteer,med
morning\Scenic_view_of_farm_against_dramatic_sky_during_sunrise__Bangkok__Thailand_horiz.jpg,Scenic_view_of_farm_against_dramatic_sky_during_sunrise__Bangkok__Thailand_horiz.jpg,morning,,Bangkok,,Thailand,bangkok,city,13.7563,100.5018,AS,gazetteer,high
morning\Scenic_view_of_sunrise__Philippines_horiz.jpg,Scenic_view_of_sunrise__Philippines_horiz.jpg,morning,,,,,,,,,,,
morning\Seafarers_Bridge__early_light_at_Melbourne_City__Victoria__Australia_vert.jpg,Seafarers_Bridge__early_light_at_Melbourne_City__Victoria__Australia_vert.jpg,morning,,,,Australia,australia,country,-25.2744,133.7751,OC,gazetteer,med
morning\Sea_Cliff_Bridge_on_sunrise__Grand_Pacific_Drive__Illawarra__New_South_Wales__Australia_horiz.jpg,Sea_Cliff_Bridge_on_sunrise__Grand_Pacific_Drive__Illawarra__New_South_Wales__Australia_horiz.jpg,morning,,,,Australia,australia,country,-25.2744,133.7751,OC,gazetteer,med
morning\Sea_stacks_of_Reynisdrangar_at_sunrise_from_the_black_volcanic_sand_beach_at_V_k___M_rdal__South_Iceland_horiz.jpg,Sea_stacks_of_Reynisdrangar_at_sunrise_from_the_black_volcanic_sand_beach_at_V_k___M_rdal__South_Iceland_horiz.jpg,morning,,,,Iceland,iceland,country,64.9631,-19.0208,EU,gazetteer,med
morning\Sea_stack_near_in_Mornington_Peninsula_near_Melbourne__Victoria__Australia_vert.jpg,Sea_stack_near_in_Mornington_Peninsula_near_Melbourne__Victoria__Australia_vert.jpg,morning,,,,Australia,australia,country,-25.2744,133.7751,OC,gazetteer,med
morning\Sea_stack_rocks_at_sunrise__Ponta_do_Rosto__Sao_Lourenco_Peninsula__Madeira_island__Portugal_horiz.jpg,Sea_stack_rocks_at_sunrise__Ponta_do_Rosto__Sao_Lourenco_Peninsula__Madeira_island__Portugal_horiz.jpg,morning,,,,Portugal,portugal,country,39.3999,-8.2245,EU,gazetteer,med
morning\Serenity_at_Lake_Wanaka__That_W_naka_Tree_at_dawn__Otago_region__South_Island_of_New_Zealand_horiz.jpg,Serenity_at_Lake_Wanaka__That_W_naka_Tree_at_dawn__Otago_region__South_Island_of_New_Zealand_horiz.jpg,morning,,,,New Zealand,new zealand,country,-40.9006,174.886,OC,gazetteer,med
morning\Ski_resort_La_Clusaz_with_the_Aravis_mountains_at_sunrise__Haute_Savoie__France_horiz.jpg,Ski_resort_La_Clusaz_with_the_Aravis_mountains_at_sunrise__Haute_Savoie__France_horiz.jpg,morning,,,,France,france,country,46.2276,2.2137,EU,gazetteer,med
morning\Slow_moving_ocean_glazed_by_the_warm_tones_of_a_golden_sunrise_horiz.jpg,Slow_moving_ocean_glazed_by_the_warm_tones_of_a_golden_sunrise_horiz.jpg,morning,,,,,,,,,,,
morning\Spring_bluebells_in_West_Wood_near_Marlborough_at_morning__Wiltshire__England__UK_horiz.jpg,Spring_bluebells_in_West_Wood_near_Marlborough_at_morning__Wiltshire__England__UK_horiz.jpg,morning,,,,,,,,,,,
morning\Spring_dawn_at_Pian_di_Cultura__Veneto__Italy_horiz.jpg,Spring_dawn_at_Pian_di_Cultura__Veneto__Italy_horiz.jpg,morning,,,,Italy,italy,country,41.8719,12.5674,EU,gazetteer,med
morning\Spring_early_morning_in_the_Gullkrona_forest__T_nsberg__Norway_horiz.jpg,Spring_early_morning_in_the_Gullkrona_forest__T_nsberg__Norway_horiz.jpg,morning,,,,Norway,norway,country,60.472,8.4689,EU,gazetteer,med
morning\Spring_morning_view_of_Porto_Katsiki_Beach_on_Lefkada_Island__Ionian_Sea__Greece_horiz.jpg,Spring_morning_view_of_Porto_Katsiki_Beach_on_Lefkada_Island__Ionian_Sea__Greece_horiz.jpg,morning,,,,Greece,greece,country,39.0742,21.8243,EU,gazetteer,med
morning\Spring_sunrise_at_Mount_Moran_in_Grand_Teton_National_Park__Wyoming__USA_horiz.jpg,Spring_sunrise_at_Mount_Moran_in_Grand_Teton_National_Park__Wyoming__USA_horiz.jpg,morning,,,,USA,usa,country,39.8283,-98.5795,NA,gazetteer,med
morning\Staircase_on_Deogyusan_mountains_covered_with_snow_in_winter_at_sunrise__South_Korea_horiz.jpg,Staircase_on_Deogyusan_mountains_covered_with_snow_in_winter_at_sunrise__South_Korea_horiz.jpg,morning,,,,,,,,,,,
morning\Stone_formations_at_Praia_Ursa_beach_against_the_morning_sun__Sintra__Portugal_horiz.jpg,Stone_formations_at_Praia_Ursa_beach_against_the_morning_sun__Sintra__Portugal_horiz.jpg,morning,,,,Portugal,portugal,country,39.3999,-8.2245,EU,gazetteer,med
morning\Stormy_sunrise_over_Saint_Mary_Lake__Glacier_National_Park__Montana__USA_horiz.jpg,Stormy_sunrise_over_Saint_Mary_Lake__Glacier_National_Park__Montana__USA_horiz.jpg,morning,,,,USA,usa,country,39.8283,-98.5795,NA,gazetteer,med
morning\St_Michael__039_s_Mount_lighten_up_in_sunrise__Cornwall__England__UK_vert.jpg,St_Michael__039_s_Mount_lighten_up_in_sunrise__Cornwall__England__UK_vert.jpg,morning,,,,,,,,,,,
morning\Summer_sunrise_in_Carpathian_mountains_near_Rika_village_location__Ukraine_horiz.jpg,Summer_sunrise_in_Carpathian_mountains_near_Rika_village_location__Ukraine_horiz.jpg,morning,,,,,,,,,,,
morning\Summer_sunrise_on_a_lonely_beach__Cala_des_Moro_near_Santany___Mallorca__Spain_vert.jpg,Summer_sunrise_on_a_lonely_beach__Cala_des_Moro_near_Santany___Mallorca__Spain_vert.jpg,morning,,,,Spain,spain,country,40.4637,-3.7492,EU,gazetteer,med
morning\Summer_sunrise_on_Lofoten_Islands__Norway_horiz.jpg,Summer_sunrise_on_Lofoten_Islands__Norway_horiz.jpg,morning,Lofoten Islands,,,Norway,lofoten islands,landmark,68.209,13.8456,EU,gazetteer,high
morning\Summer_sunrise_on_the_Eibsee_lake_in_German_Alps__Germany_horiz.jpg,Summer_sunrise_on_the_Eibsee_lake_in_German_Alps__Germany_horiz.jpg,morning,,,,,,,,,,,
morning\Summer_sunrise_on_the_Innerdalsvatna_lake__morning_scene_in_Norway_horiz.jpg,Summer_sunrise_on_the_Innerdalsvatna_lake__morning_scene_in_Norway_horiz.jpg,morning,,,,Norway,norway,country,60.472,8.4689,EU,gazetteer,med
morning\Summer_sunrise_over_Washington__D_C___Arlington__Virginia__USA_horiz.jpg,Summer_sunrise_over_Washington__D_C___Arlington__Virginia__USA_horiz.jpg,morning,,,Washington,USA,washington,state,47.7511,-120.7401,NA,gazetteer,med
morning\Summer_sunrise_with_pony_in_fog_on_pasture_and_windmill__Groningen__Netherlands_horiz.jpg,Summer_sunrise_with_pony_in_fog_on_pasture_and_windmill__Groningen__Netherlands_horiz.jpg,morning,,,,,,,,,,,
morning\Sunbeams_behind_an_oak_tree_at_sunrise__Belintash__Rhodope_Mountains__Bulgaria_horiz.jpg,Sunbeams_behind_an_oak_tree_at_sunrise__Belintash__Rhodope_Mountains__Bulgaria_horiz.jpg,morning,,,,,,,,,,,
morning\Sunlight_reflecting_on_tree_trunks_of_pine_forest_on_a_misty_morning_in_autumn__Hesse__Germany_vert.jpg,Sunlight_reflecting_on_tree_trunks_of_pine_forest_on_a_misty_morning_in_autumn__Hesse__Germany_vert.jpg,morning,,,,,,,,,,,
morning\Sunny_autumn_scene_of_Vorderer__Gosausee__lake__morning_view_of_Austrian_Alps__Upper_Austria_horiz.jpg,Sunny_autumn_scene_of_Vorderer__Gosausee__lake__morning_view_of_Austrian_Alps__Upper_Austria_horiz.jpg,morning,,,,,,,,,,,
morning\Sunny_summer_morning_on_the_Vorderer_Gosausee_lake_in_the_Austrian_Alps__Austria_horiz.jpg,Sunny_summer_morning_on_the_Vorderer_Gosausee_lake_in_the_Austrian_Alps__Austria_horiz.jpg,morning,,,,,,,,,,,
morning\Sunrise_and_a_seal__De_Cocksdorp__Netherlands_horiz.jpg,Sunrise_and_a_seal__De_Cocksdorp__Netherlands_horiz.jpg,morning,,,,,,,,,,,
morning\Sunrise_and_dramatic_clouds_over_lavender_field__Yambol__Bulgaria_horiz.jpg,Sunrise_and_dramatic_clouds_over_lavender_field__Yambol__Bulgaria_horiz.jpg,morning,,,,,,,,,,,
morning\Sunrise_and_Mount_Fuji_from_Lake_Motosu__Japan_horiz.jpg,Sunrise_and_Mount_Fuji_from_Lake_Motosu__Japan_horiz.jpg,morning,,,,Japan,japan,country,36.2048,138.2529,AS,gazetteer,med
morning\Sunrise_around_the_volcanic_chimneys_of_Lake_Abbe__Lac_Abhe_Bad___Djibouti_horiz.jpg,Sunrise_around_the_volcanic_chimneys_of_Lake_Abbe__Lac_Abhe_Bad___Djibouti_horiz.jpg,morning,,,,,,,,,,,
morning\Sunrise_at_Archway_at_Spitzkoppe__Pontok_Mountains_in_the_background__Namibia_horiz.jpg,Sunrise_at_Archway_at_Spitzkoppe__Pontok_Mountains_in_the_background__Namibia_horiz.jpg,morning,,,,,,,,,,,
morning\Sunrise_at_Bellevue_Beach_or_Strand__Klampenborg__Copenhagen__Denmark_vert.jpg,Sunrise_at_Bellevue_Beach_or_Strand__Klampenborg__Copenhagen__Denmark_vert.jpg,morning,,,,,,,,,,,
morning\Sunrise_at_Bow_Lake_in_Banff_National_Park__Alberta__Canada_horiz.jpg,Sunrise_at_Bow_Lake_in_Banff_National_Park__Alberta__Canada_horiz.jpg,morning,,,,,,,,,,,
morning\Sunrise_at_Costa_Brava_beach__Spain_vert.jpg,Sunrise_at_Costa_Brava_beach__Spain_vert.jpg,morning,,,,Spain,spain,country,40.4637,-3.7492,EU,gazetteer,med
morning\Sunrise_at_Hanauma_Bay_on_Oahu__Hawaii__USA_vert.jpg,Sunrise_at_Hanauma_Bay_on_Oahu__Hawaii__USA_vert.jpg,morning,,,Hawaii,USA,hawaii,state,20.7984,-156.3319,NA,gazetteer,med
morning\Sunrise_at_Ladybower_Reservoir__Derwent_Valley__Derbyshire__England__UK_horiz.jpg,Sunrise_at_Ladybower_Reservoir__Derwent_Valley__Derbyshire__England__UK_horiz.jpg,morning,,,,,,,,,,,
morning\Sunrise_at_Laguna_del_Diamante_with_Maipo_volcano_view__Mendoza__Argentina_horiz.jpg,Sunrise_at_Laguna_del_Diamante_with_Maipo_volcano_view__Mendoza__Argentina_horiz.jpg,morning,,,,,,,,,,,
morning\Sunrise_at_Lake_Staffelsee_towards_Herzogstand_and_Heimgarten_mountains__Upper_Bavaria__Germany_vert.jpg,Sunrise_at_Lake_Staffelsee_towards_Herzogstand_and_Heimgarten_mountains__Upper_Bavaria__Germany_vert.jpg,morning,,,,,,,,,,,
morning\Sunrise_at_Lake_Worth_Pier_at_Lake_Worth_Beach__Palm_Beach_County__Florida__USA_vert.jpg,Sunrise_at_Lake_Worth_Pier_at_Lake_Worth_Beach__Palm_Beach_County__Florida__USA_vert.jpg,morning,,,Florida,USA,florida,state,27.6648,-81.5158,NA,gazetteer,med
morning\Sunrise_at_Little_Bay_Beach__Sydney__New_South_Wales__Australia_vert.jpg,Sunrise_at_Little_Bay_Beach__Sydney__New_South_Wales__Australia_vert.jpg,morning,,Sydney,,Australia,sydney,city,-33.8688,151.2093,OC,gazetteer,high
morning\Sunrise_at_Longji_Old_Village__Longsheng_County__Guilin__Guangxi__China_horiz.jpg,Sunrise_at_Longji_Old_Village__Longsheng_County__Guilin__Guangxi__China_horiz.jpg,morning,,,,,,,,,,,
morning\Sunrise_at_Longwater_Lawn__New_Forest_National_Park__Hampshire__England__UK_vert.jpg,Sunrise_at_Longwater_Lawn__New_Forest_National_Park__Hampshire__England__UK_vert.jpg,morning,,,,,,,,,,,
morning\Sunrise_at_Matilda_bay_boat_shed__Swan_River__Perth__Western_Australia_horiz.jpg,Sunrise_at_Matilda_bay_boat_shed__Swan_River__Perth__Western_Australia_horiz.jpg,morning,,,,Australia,australia,country,-25.2744,133.7751,OC,gazetteer,med
morning\Sunrise_at_Mesa_Arch_at_the_Canyonlands_National_Park__San_Juan_County__Utah__USA_horiz.jpg,Sunrise_at_Mesa_Arch_at_the_Canyonlands_National_Park__San_Juan_County__Utah__USA_horiz.jpg,morning,,,Utah,USA,utah,state,39.321,-111.0937,NA,gazetteer,med
morning\Sunrise_at_Mesa_Arch__Canyonlands__Utah__USA_vert.jpg,Sunrise_at_Mesa_Arch__Canyonlands__Utah__USA_vert.jpg,morning,,,Utah,USA,utah,state,39.321,-111.0937,NA,gazetteer,med
morning\Sunrise_at_Mitre_Peak_in_Milford_Sound__Fiordland_National_Park__New_Zealand_vert.jpg,Sunrise_at_Mitre_Peak_in_Milford_Sound__Fiordland_National_Park__New_Zealand_vert.jpg,morning,,,,New Zealand,new zealand,country,-40.9006,174.886,OC,gazetteer,med
morning\Sunrise_at_Mount_Kilimanjaro_Shira_camp_with_Mount_Meru_in_a_distance__Tanzania_vert.jpg,Sunrise_at_Mount_Kilimanjaro_Shira_camp_with_Mount_Meru_in_a_distance__Tanzania_vert.jpg,morning,,,,,,,,,,,
morning\Sunrise_at_Over_Owler_Tor_above_Surprise_View_in_the_Peak_District__Derbyshire__England__UK_horiz.jpg,Sunrise_at_Over_Owler_Tor_above_Surprise_View_in_the_Peak_District__Derbyshire__England__UK_horiz.jpg,morning,,,,,,,,,,,
morning\Sunrise_at_Quiver_Tree_Forest__Kokerboom_Woud__in_Namibia_horiz.jpg,Sunrise_at_Quiver_Tree_Forest__Kokerboom_Woud__in_Namibia_horiz.jpg,morning,,,,,,,,,,,
morning\Sunrise_at_red_Mesa_Arch_in_Canyonlands_National_Park__Moab__Utah__USA_vert.jpg,Sunrise_at_red_Mesa_Arch_in_Canyonlands_National_Park__Moab__Utah__USA_vert.jpg,morning,,,Utah,USA,utah,state,39.321,-111.0937,NA,gazetteer,med
morning\Sunrise_at_Red_Rock_Canyon_National_Conservation_Area__Nevada__USA_horiz.jpg,Sunrise_at_Red_Rock_Canyon_National_Conservation_Area__Nevada__USA_horiz.jpg,morning,,,Nevada,USA,nevada,state,38.8026,-116.4194,NA,gazetteer,med
morning\Sunrise_at_Salto_Grande_waterfall_in_Torres_del_Paine_National_Park__Patagonia__Chile_vert.jpg,Sunrise_at_Salto_Grande_waterfall_in_Torres_del_Paine_National_Park__Patagonia__Chile_vert.jpg,morning,,,,,,,,,,,
morning\Sunrise_at_Sassolungo_or_Langkofel_Mountain_Group__Dolomites__Trentino__Alto_Adige__Italy_horiz.jpg,Sunrise_at_Sassolungo_or_Langkofel_Mountain_Group__Dolomites__Trentino__Alto_Adige__Italy_horiz.jpg,morning,,,,Italy,italy,country,41.8719,12.5674,EU,gazetteer,med
morning\Sunrise_at_Secret_waterfall_on_Arroyo_del_Salto_river__Glaciares__Patagonia__Argentina_vert.jpg,Sunrise_at_Secret_waterfall_on_Arroyo_del_Salto_river__Glaciares__Patagonia__Argentina_vert.jpg,morning,,,,,,,,,,,
morning\Sunrise_at_Shag_Rock__Meelup_Beach_near_Dunsborough__Western_Australia_vert.jpg,Sunrise_at_Shag_Rock__Meelup_Beach_near_Dunsborough__Western_Australia_vert.jpg,morning,,,,Australia,australia,country,-25.2744,133.7751,OC,gazetteer,med
morning\Sunrise_at_South_Georgia_Island_vert.jpg,Sunrise_at_South_Georgia_Island_vert.jpg,morning,,,,,,,,,,,
morning\Sunrise_at_Teluk_Chempedak__Kuantan__Pahang__Malaysia_horiz.jpg,Sunrise_at_Teluk_Chempedak__Kuantan__Pahang__Malaysia_horiz.jpg,morning,,,,,,,,,,,
morning\Sunrise_at_the_Dragon_tail_rock_on_Ogoy_island_in_winter__Baikal_lake__Russia_horiz.jpg,Sunrise_at_the_Dragon_tail_rock_on_Ogoy_island_in_winter__Baikal_lake__Russia_horiz.jpg,morning,,,,,,,,,,,
morning\Sunrise_at_the_lighthouse_of_Rubjerg_Knude_near_Hj_rring__Denmark_vert.jpg,Sunrise_at_the_lighthouse_of_Rubjerg_Knude_near_Hj_rring__Denmark_vert.jpg,morning,,,,,,,,,,,
morning\Sunrise_at_the_top_of_Saariselka_hills__Lapland__Finland_horiz.jpg,Sunrise_at_the_top_of_Saariselka_hills__Lapland__Finland_horiz.jpg,morning,,,,,,,,,,,
morning\Sunrise_at_the_windows__Arches_National_Park__Utah__USA_horiz.jpg,Sunrise_at_the_windows__Arches_National_Park__Utah__USA_horiz.jpg,morning,,,Utah,USA,utah,state,39.321,-111.0937,NA,gazetteer,med
morning\Sunrise_at_Two_Medicine_Lake_in_Glacier_National_Park__Montana__USA_vert.jpg,Sunrise_at_Two_Medicine_Lake_in_Glacier_National_Park__Montana__USA_vert.jpg,morning,,,,USA,usa,country,39.8283,-98.5795,NA,gazetteer,med
morning\Sunrise_blue_hour_at_Lake_Bled__Slovenia_horiz.jpg,Sunrise_blue_hour_at_Lake_Bled__Slovenia_horiz.jpg,morning,,,,,,,,,,,
morning\Sunrise_from_a_ridge_overlooking_a_mountain_valley__Banff_National_Park__Alberta__Canada_horiz.jpg,Sunrise_from_a_ridge_overlooking_a_mountain_valley__Banff_National_Park__Alberta__Canada_horiz.jpg,morning,,,,,,,,,,,
morning\Sunrise_from_Catbells_Fell__Skiddaw_massif_view__Keswick__Lake_District__Cumbria__England__UK_horiz.jpg,Sunrise_from_Catbells_Fell__Skiddaw_massif_view__Keswick__Lake_District__Cumbria__England__UK_horiz.jpg,morning,,,,,,,,,,,
morning\Sunrise_from_coast_of_Mount_Desert_Island_Maine_inside_Acadia_National_Park__USA_vert.jpg,Sunrise_from_coast_of_Mount_Desert_Island_Maine_inside_Acadia_National_Park__USA_vert.jpg,morning,,,,USA,usa,country,39.8283,-98.5795,NA,gazetteer,med
morning\Sunrise_from_Red_Rocks_Amphitheater__west_of_Denver_near_Morrison__Colorado__USA_vert.jpg,Sunrise_from_Red_Rocks_Amphitheater__west_of_Denver_near_Morrison__Colorado__USA_vert.jpg,morning,,,Colorado,USA,colorado,state,39.5501,-105.7821,NA,gazetteer,med
morning\Sunrise_ice_formations_on_Sj_skrenten_beach_with_Hiorthfjellet__Spitsbergen__Svalbard__Norway_vert.jpg,Sunrise_ice_formations_on_Sj_skrenten_beach_with_Hiorthfjellet__Spitsbergen__Svalbard__Norway_vert.jpg,morning,,,,Norway,norway,country,60.472,8.4689,EU,gazetteer,med
morning\Sunrise_in_Antarctica_vert.jpg,Sunrise_in_Antarctica_vert.jpg,morning,,,,,,,,,,,
morning\Sunrise_in_Balkan_mountains__Plovdiv__Bulgaria_horiz.jpg,Sunrise_in_Balkan_mountains__Plovdiv__Bulgaria_horiz.jpg,morning,,,,,,,,,,,
morning\Sunrise_in_Canc_n_at_the_beach__Mexico_vert.jpg,Sunrise_in_Canc_n_at_the_beach__Mexico_vert.jpg,morning,,,,,,,,,,,
morning\Sunrise_in_cold_morning_at_coast_of_Uutela__Helsinki__Finland_vert.jpg,Sunrise_in_cold_morning_at_coast_of_Uutela__Helsinki__Finland_vert.jpg,morning,,,,,,,,,,,
morning\Sunrise_in_fog__Rockland_County__New_York_state__USA_horiz.jpg,Sunrise_in_fog__Rockland_County__New_York_state__USA_horiz.jpg,morning,,New York,New York state,USA,new york,city,40.7128,-74.006,NA,gazetteer,high
morning\Sunrise_in_Huangshan_yellow_mountains__Anhui_Province__China_vert.jpg,Sunrise_in_Huangshan_yellow_mountains__Anhui_Province__China_vert.jpg,morning,,,,,,,,,,,
morning\Sunrise_in_Hunts_Mesa_navajo_tribal_majesty_place_near_Monument_Valley__Arizona__USA_horiz.jpg,Sunrise_in_Hunts_Mesa_navajo_tribal_majesty_place_near_Monument_Valley__Arizona__USA_horiz.jpg,morning,,,Arizona,USA,arizona,state,34.0489,-111.0937,NA,gazetteer,med
morning\Sunrise_in_Monument_Valley__Arizona__USA_vert.jpg,Sunrise_in_Monument_Valley__Arizona__USA_vert.jpg,morning,,,Arizona,USA,arizona,state,34.0489,-111.0937,NA,gazetteer,med
morning\Sunrise_in_Paris_at_the_Trocad_ro_place_with_Eiffel_tower_behind_the_trees__France_horiz.jpg,Sunrise_in_Paris_at_the_Trocad_ro_place_with_Eiffel_tower_behind_the_trees__France_horiz.jpg,morning,,Paris,,France,paris,city,48.8566,2.3522,EU,gazetteer,high
morning\Sunrise_in_the_Blue_Ridge_Mountains__Shenandoah_National_Park__Virginia__USA_vert.jpg,Sunrise_in_the_Blue_Ridge_Mountains__Shenandoah_National_Park__Virginia__USA_vert.jpg,morning,,,,USA,usa,country,39.8283,-98.5795,NA,gazetteer,med
morning\Sunrise_in_the_Drakensberg_looking_towards_Madonna_and_her_Worshippers__South_Africa_horiz.jpg,Sunrise_in_the_Drakensberg_looking_towards_Madonna_and_her_Worshippers__South_Africa_horiz.jpg,morning,,,,,,,,,,,
morning\Sunrise_in_the_mountains_with_view_to_Ushba__Svaneti__Georgia__Caucasus_vert.jpg,Sunrise_in_the_mountains_with_view_to_Ushba__Svaneti__Georgia__Caucasus_vert.jpg,morning,,,,,,,,,,,
morning\Sunrise_in_the_Peak_District_National_Park__The_Great_frosty_Ridge__Derbyshire__England__UK_horiz.jpg,Sunrise_in_the_Peak_District_National_Park__The_Great_frosty_Ridge__Derbyshire__England__UK_horiz.jpg,morning,,,,,,,,,,,
morning\Sunrise_in_the_Red_Beach__Praia_Vermelha__with_the_Sugarloaf_Mountain__Rio_de_Janeiro__Brazil_vert.jpg,Sunrise_in_the_Red_Beach__Praia_Vermelha__with_the_Sugarloaf_Mountain__Rio_de_Janeiro__Brazil_vert.jpg,morning,,,,,,,,,,,
morning\Sunrise_in_the_San_Rafael_Swell_desert__Utah__USA_horiz.jpg,Sunrise_in_the_San_Rafael_Swell_desert__Utah__USA_horiz.jpg,morning,,,Utah,USA,utah,state,39.321,-111.0937,NA,gazetteer,med
morning\Sunrise_in_Tuscany__Val_d__039_Orcia_hills_and_Podere_Belvedere__near_Pienza__Italy_horiz.jpg,Sunrise_in_Tuscany__Val_d__039_Orcia_hills_and_Podere_Belvedere__near_Pienza__Italy_horiz.jpg,morning,,,,Italy,italy,country,41.8719,12.5674,EU,gazetteer,med
morning\Sunrise_light_on_Fish_Tail_or_Machapuchare_Mountain__Annapurna_region__Nepal_vert.jpg,Sunrise_light_on_Fish_Tail_or_Machapuchare_Mountain__Annapurna_region__Nepal_vert.jpg,morning,,,,,,,,,,,
morning\Sunrise_magic_over_the_Caribbean__Mayan_Riviera__Cancun__Quintana_Roo__Mexico_horiz.jpg,Sunrise_magic_over_the_Caribbean__Mayan_Riviera__Cancun__Quintana_Roo__Mexico_horiz.jpg,morning,,,,,,,,,,,
morning\Sunrise_on_Dunnottar_castle_along_the_coastline__Stonehaven__Aberdeenshire__Scotland__UK_vert.jpg,Sunrise_on_Dunnottar_castle_along_the_coastline__Stonehaven__Aberdeenshire__Scotland__UK_vert.jpg,morning,,,,,,,,,,,
morning\Sunrise_on_Elk_River_in_Elk_Lakes_Provincial_Park__British_Columbia__Canada_horiz.jpg,Sunrise_on_Elk_River_in_Elk_Lakes_Provincial_Park__British_Columbia__Canada_horiz.jpg,morning,,,,,,,,,,,
morning\Sunrise_on_foggy_day_over_Lough_Derg_lake_and_fields__Cloughjordan__Tipperary__Ireland_vert.jpg,Sunrise_on_foggy_day_over_Lough_Derg_lake_and_fields__Cloughjordan__Tipperary__Ireland_vert.jpg,morning,,,,,,,,,,,
morning\Sunrise_on_Lamai_Beach__Koh_Samui__Thailand_vert.jpg,Sunrise_on_Lamai_Beach__Koh_Samui__Thailand_vert.jpg,morning,,,,Thailand,thailand,country,15.87,100.9925,AS,gazetteer,med
morning\Sunrise_on_Mount_Kanchenjugha__Himalayan_mountain_range__Sikkim__India_horiz.jpg,Sunrise_on_Mount_Kanchenjugha__Himalayan_mountain_range__Sikkim__India_horiz.jpg,morning,,,,,,,,,,,
morning\Sunrise_on_rice_terraces__Mae_Jam__Chiang_Mae__Thailand_horiz.jpg,Sunrise_on_rice_terraces__Mae_Jam__Chiang_Mae__Thailand_horiz.jpg,morning,,,,Thailand,thailand,country,15.87,100.9925,AS,gazetteer,med
morning\Sunrise_on_the_red_rocks_formations_of_the_Garden_of_the_Gods_in_Colorado_Springs__USA_horiz.jpg,Sunrise_on_the_red_rocks_formations_of_the_Garden_of_the_Gods_in_Colorado_Springs__USA_horiz.jpg,morning,,,Colorado,USA,colorado,state,39.5501,-105.7821,NA,gazetteer,med
morning\Sunrise_on_the_river__Iceland_horiz.jpg,Sunrise_on_the_river__Iceland_horiz.jpg,morning,,,,Iceland,iceland,country,64.9631,-19.0208,EU,gazetteer,med
morning\Sunrise_on_top_of_Dascio__Lake_Mezzola__high_Lario__Como__Lombardy__Italy_horiz.jpg,Sunrise_on_top_of_Dascio__Lake_Mezzola__high_Lario__Como__Lombardy__Italy_horiz.jpg,morning,,,,Italy,italy,country,41.8719,12.5674,EU,gazetteer,med
morning\Sunrise_on_Yosemite_Valley__Yosemite_National_Park__California__USA_vert.jpg,Sunrise_on_Yosemite_Valley__Yosemite_National_Park__California__USA_vert.jpg,morning,Yosemite,,California,USA,yosemite,landmark,37.8651,-119.5383,NA,gazetteer,high
morning\Sunrise_over_canal_with_flowers_and_bicycles_on_the_bridge_in_spring__Amsterdam__Netherlands_vert.jpg,Sunrise_over_canal_with_flowers_and_bicycles_on_the_bridge_in_spring__Amsterdam__Netherlands_vert.jpg,morning,,Amsterdam,,,amsterdam,city,52.3676,4.9041,EU,gazetteer,high
morning\Sunrise_over_Ceahl_u_Massif_mountain_landscape_in_Romania_horiz.jpg,Sunrise_over_Ceahl_u_Massif_mountain_landscape_in_Romania_horiz.jpg,morning,,,,,,,,,,,
morning\Sunrise_over_Earth_view_from_satellite_horiz.jpg,Sunrise_over_Earth_view_from_satellite_horiz.jpg,morning,,,,,,,,,,,
morning\Sunrise_over_hanging_paddy_field__Zhangjiajie_National_Forest_Park__Hunan__China_horiz.jpg,Sunrise_over_hanging_paddy_field__Zhangjiajie_National_Forest_Park__Hunan__China_horiz.jpg,morning,,,,,,,,,,,
morning\Sunrise_over_ice_caves_at_the_Breidamerkurjokull_glacier__part_of_Vatnaj_kull__Iceland_vert.jpg,Sunrise_over_ice_caves_at_the_Breidamerkurjokull_glacier__part_of_Vatnaj_kull__Iceland_vert.jpg,morning,,,,Iceland,iceland,country,64.9631,-19.0208,EU,gazetteer,med
morning\Sunrise_over_Laguna_Colorada__Bolivian_Altiplano__Andes__Bolivia_horiz.jpg,Sunrise_over_Laguna_Colorada__Bolivian_Altiplano__Andes__Bolivia_horiz.jpg,morning,,,,,,,,,,,
morning\Sunrise_over_Maroon_Bells_in_autumn__Aspen__Colorado__USA_horiz.jpg,Sunrise_over_Maroon_Bells_in_autumn__Aspen__Colorado__USA_horiz.jpg,morning,,,Colorado,USA,colorado,state,39.5501,-105.7821,NA,gazetteer,med
morning\Sunrise_over_moored_boats_in_Monterey_Bay_Harbor__California__USA_horiz.jpg,Sunrise_over_moored_boats_in_Monterey_Bay_Harbor__California__USA_horiz.jpg,morning,,,California,USA,california,state,36.7783,-119.4179,NA,gazetteer,med
morning\Sunrise_over_Napa_Valley_vineyard_with_fall_color__California__USA_horiz.jpg,Sunrise_over_Napa_Valley_vineyard_with_fall_color__California__USA_horiz.jpg,morning,,,California,USA,california,state,36.7783,-119.4179,NA,gazetteer,med
morning\Sunrise_over_Parinacota_Volcano_in_Sajama_National_Park__Bolivia_horiz.jpg,Sunrise_over_Parinacota_Volcano_in_Sajama_National_Park__Bolivia_horiz.jpg,morning,,,,,,,,,,,
morning\Sunrise_over_Santa_Clara_Valley_and_Diablo_Mountain_Range_view_from_Fremont_Peak__California__USA_horiz.jpg,Sunrise_over_Santa_Clara_Valley_and_Diablo_Mountain_Range_view_from_Fremont_Peak__California__USA_horiz.jpg,morning,,,California,USA,california,state,36.7783,-119.4179,NA,gazetteer,med
morning\Sunrise_over_scenic_gorge__Karijini_National_Park__Western_Australia_horiz.jpg,Sunrise_over_scenic_gorge__Karijini_National_Park__Western_Australia_horiz.jpg,morning,,,,Australia,australia,country,-25.2744,133.7751,OC,gazetteer,med
morning\Sunrise_over_Skiddaw__Blencathra__Derwent_Water_and_the_town_of_Keswick__Cumbria__England__UK_vert.jpg,Sunrise_over_Skiddaw__Blencathra__Derwent_Water_and_the_town_of_Keswick__Cumbria__England__UK_vert.jpg,morning,,,,,,,,,,,
morning\Sunrise_over_Stokksnes__near_H_fn__Iceland_horiz.jpg,Sunrise_over_Stokksnes__near_H_fn__Iceland_horiz.jpg,morning,,,,Iceland,iceland,country,64.9631,-19.0208,EU,gazetteer,med
morning\Sunrise_over_the_beach__Punta_Cana__Dominican_republic_horiz.jpg,Sunrise_over_the_beach__Punta_Cana__Dominican_republic_horiz.jpg,morning,,,,,,,,,,,
morning\Sunrise_over_the_Blue_Ridge_Mountains_of_North_Carolina_during_autumn__USA_vert.jpg,Sunrise_over_the_Blue_Ridge_Mountains_of_North_Carolina_during_autumn__USA_vert.jpg,morning,,,,USA,usa,country,39.8283,-98.5795,NA,gazetteer,med
morning\Sunrise_over_the_Brooks_Range_mountains__north_of_Coldfoot__Alaska__USA_vert.jpg,Sunrise_over_the_Brooks_Range_mountains__north_of_Coldfoot__Alaska__USA_vert.jpg,morning,,,Alaska,USA,alaska,state,64.2008,-149.4937,NA,gazetteer,med
morning\Sunrise_over_the_clouds_with_karst_formation_mountains_in_Guilin__Yangshuo__China_vert.jpg,Sunrise_over_the_clouds_with_karst_formation_mountains_in_Guilin__Yangshuo__China_vert.jpg,morning,,,,,,,,,,,
morning\Sunrise_over_the_coast_of_Kauai__Hawaii__USA_vert.jpg,Sunrise_over_the_coast_of_Kauai__Hawaii__USA_vert.jpg,morning,,,Hawaii,USA,hawaii,state,20.7984,-156.3319,NA,gazetteer,med
morning\Sunrise_over_the_corn_field__Phetchabun__Thailand_vert.jpg,Sunrise_over_the_corn_field__Phetchabun__Thailand_vert.jpg,morning,,,,Thailand,thailand,country,15.87,100.9925,AS,gazetteer,med
morning\Sunrise_over_the_Griffith_Park_Observatory_and_Los_Angeles_skyline__California__USA_horiz.jpg,Sunrise_over_the_Griffith_Park_Observatory_and_Los_Angeles_skyline__California__USA_horiz.jpg,morning,,,California,USA,california,state,36.7783,-119.4179,NA,gazetteer,med
morning\Sunrise_over_the_hills_of_the_southern_Central_Province__Nuwara_Eliya__Sri_Lanka_horiz.jpg,Sunrise_over_the_hills_of_the_southern_Central_Province__Nuwara_Eliya__Sri_Lanka_horiz.jpg,morning,,,,,,,,,,,
morning\Sunrise_over_the_Jal_Mahal_water_palace__Jaipur__Rajasthan__India_horiz.jpg,Sunrise_over_the_Jal_Mahal_water_palace__Jaipur__Rajasthan__India_horiz.jpg,morning,,,,,,,,,,,
morning\Sunrise_over_the_mountain_in_the_French_Riviera__Saint_Rapha_l__Corniche_de_l_Est_rel__France_horiz.jpg,Sunrise_over_the_mountain_in_the_French_Riviera__Saint_Rapha_l__Corniche_de_l_Est_rel__France_horiz.jpg,morning,,,,France,france,country,46.2276,2.2137,EU,gazetteer,med
morning\Sunrise_over_the_northern_rockshelf_at_Turimetta_beach__Sydney__Australia_horiz.jpg,Sunrise_over_the_northern_rockshelf_at_Turimetta_beach__Sydney__Australia_horiz.jpg,morning,,Sydney,,Australia,sydney,city,-33.8688,151.2093,OC,gazetteer,high
morning\Sunrise_over_the_ocean_with_clouds_in_winter_sky_on_the_Gold_Coast__Queensland__Australia_horiz.jpg,Sunrise_over_the_ocean_with_clouds_in_winter_sky_on_the_Gold_Coast__Queensland__Australia_horiz.jpg,morning,,,,Australia,australia,country,-25.2744,133.7751,OC,gazetteer,med
morning\Sunrise_over_the_Platte_River_after_a_snowstorm_near_Kearney__Nebraska__USA_horiz.jpg,Sunrise_over_the_Platte_River_after_a_snowstorm_near_Kearney__Nebraska__USA_horiz.jpg,morning,,,,USA,usa,country,39.8283,-98.5795,NA,gazetteer,med
morning\Sunrise_over_the_Quiraing_on_the_Isle_of_Skye__Scotland__UK_horiz.jpg,Sunrise_over_the_Quiraing_on_the_Isle_of_Skye__Scotland__UK_horiz.jpg,morning,,,,,,,,,,,
morning\Sunrise_over_the_Smoky_Mountains_in_autumn_from_the_Foothills_Parkway_East__Tennessee__USA_vert.jpg,Sunrise_over_the_Smoky_Mountains_in_autumn_from_the_Foothills_Parkway_East__Tennessee__USA_vert.jpg,morning,,,,USA,usa,country,39.8283,-98.5795,NA,gazetteer,med
morning\Sunrise_over_the_Wye_Valley_seen_from_Yat_Rock__Symonds_Yat__Herefordshire__England__UK_horiz.jpg,Sunrise_over_the_Wye_Valley_seen_from_Yat_Rock__Symonds_Yat__Herefordshire__England__UK_horiz.jpg,morning,,,,,,,,,,,
morning\Sunrise_over_winding_mountain_road_in_north_Yorkshire__England__UK_vert.jpg,Sunrise_over_winding_mountain_road_in_north_Yorkshire__England__UK_vert.jpg,morning,,,,,,,,,,,
morning\Sunrise_over_Wollongong_Sea_Cliff_Bridge__Coalcliff__New_South_Wales__Australia_horiz.jpg,Sunrise_over_Wollongong_Sea_Cliff_Bridge__Coalcliff__New_South_Wales__Australia_horiz.jpg,morning,,,,Australia,australia,country,-25.2744,133.7751,OC,gazetteer,med
morning\Sunrise_over_wooden_shoe_tulip_farm_in_Woodburn__Oregon__USA_vert.jpg,Sunrise_over_wooden_shoe_tulip_farm_in_Woodburn__Oregon__USA_vert.jpg,morning,,,Oregon,USA,oregon,state,43.8041,-120.5542,NA,gazetteer,med
morning\Sunrise_seascape_at_Whale_beach__Sydney__Australia_horiz.jpg,Sunrise_seascape_at_Whale_beach__Sydney__Australia_horiz.jpg,morning,,Sydney,,Australia,sydney,city,-33.8688,151.2093,OC,gazetteer,high
morning\Sunrise_storm_over_badlands_formations__Theodore_Roosevelt_National_Park__North_Dakota__USA_vert.jpg,Sunrise_storm_over_badlands_formations__Theodore_Roosevelt_National_Park__North_Dakota__USA_vert.jpg,morning,,,,USA,usa,country,39.8283,-98.5795,NA,gazetteer,med
morning\Sunrise_summer_wildflowers_on_Mount_Timpanogos__Southern_Wasatch_Mountains__Utah__USA_vert.jpg,Sunrise_summer_wildflowers_on_Mount_Timpanogos__Southern_Wasatch_Mountains__Utah__USA_vert.jpg,morning,,,Utah,USA,utah,state,39.321,-111.0937,NA,gazetteer,med
morning\Sunrise_view_from_landscape_backwater__Kadamakkudy__Kerala__India_vert.jpg,Sunrise_view_from_landscape_backwater__Kadamakkudy__Kerala__India_vert.jpg,morning,,,,,,,,,,,
morning\Sunrise_view_of_Lake_Bachalpsee__Swiss_Mountains__Mount_Schreckhorn__Grindelwald__Switzerland_vert.jpg,Sunrise_view_of_Lake_Bachalpsee__Swiss_Mountains__Mount_Schreckhorn__Grindelwald__Switzerland_vert.jpg,morning,,,,,,,,,,,
morning\Sunrise_with_fog_at_alpine_lake_Vorderer_Gosausee__Gosau_valley__Salzkammergut__Upper_Austria_vert.jpg,Sunrise_with_fog_at_alpine_lake_Vorderer_Gosausee__Gosau_valley__Salzkammergut__Upper_Austria_vert.jpg,morning,,,,,,,,,,,
morning\Sunrise_with_fog_over_alpine_lake_Vorderer_Gosausee__Gosau_valley_in_Upper_Austria_horiz.jpg,Sunrise_with_fog_over_alpine_lake_Vorderer_Gosausee__Gosau_valley_in_Upper_Austria_horiz.jpg,morning,,,,,,,,,,,
morning\Sunrise_with_rocky_cliffs_at_Bass_Harbor_Lighthouse__Acadia_National_Park__Maine__USA_horiz.jpg,Sunrise_with_rocky_cliffs_at_Bass_Harbor_Lighthouse__Acadia_National_Park__Maine__USA_horiz.jpg,morning,,,,USA,usa,country,39.8283,-98.5795,NA,gazetteer,med
morning\Sunrise_with_spring_wildflowers_in_Heber_Valley__Wasatch_Mountains__Utah__USA_horiz.jpg,Sunrise_with_spring_wildflowers_in_Heber_Valley__Wasatch_Mountains__Utah__USA_horiz.jpg,morning,,,Utah,USA,utah,state,39.321,-111.0937,NA,gazetteer,med
morning\Sunrise_with_two_huge_rocks_near_Cayo_Levantado_island__Saman__Bay__Dominican_Republic_vert.jpg,Sunrise_with_two_huge_rocks_near_Cayo_Levantado_island__Saman__Bay__Dominican_Republic_vert.jpg,morning,,,,,,,,,,,
morning\Sunrise_Wonder__River_Arun__England__UK_horiz.jpg,Sunrise_Wonder__River_Arun__England__UK_horiz.jpg,morning,,,,,,,,,,,
morning\Sunrise__looking_up__Chicago__Illinois__USA_vert.jpg,Sunrise__looking_up__Chicago__Illinois__USA_vert.jpg,morning,,Chicago,Illinois,USA,chicago,city,41.8781,-87.6298,NA,gazetteer,high
morning\Sunrise__River_Wye__Symonds_Yat__Gloucestershire__England__UK_horiz.jpg,Sunrise__River_Wye__Symonds_Yat__Gloucestershire__England__UK_horiz.jpg,morning,,,,,,,,,,,
morning\Suns_glow_over_the_glacier__Lake_Louise_sunrise__Alberta__Canada_vert.jpg,Suns_glow_over_the_glacier__Lake_Louise_sunrise__Alberta__Canada_vert.jpg,morning,,,,,,,,,,,
morning\Swiftcurrent_Lake_at_dawn__Glacier_National_Park__Montana__USA_vert.jpg,Swiftcurrent_Lake_at_dawn__Glacier_National_Park__Montana__USA_vert.jpg,morning,,,,USA,usa,country,39.8283,-98.5795,NA,gazetteer,med
morning\Taipei_City_skyline_view_from_Elephant_Mountain_at_dawn__Taiwan_horiz.jpg,Taipei_City_skyline_view_from_Elephant_Mountain_at_dawn__Taiwan_horiz.jpg,morning,,,,,,,,,,,
morning\Taj_Mahal_in_sunrise_light__Agra__India_vert.jpg,Taj_Mahal_in_sunrise_light__Agra__India_vert.jpg,morning,,,,,,,,,,,
morning\Takeda_Castle_ruins_at_sunrise___Asago__Hy_go_Prefecture__Japan_horiz.jpg,Takeda_Castle_ruins_at_sunrise___Asago__Hy_go_Prefecture__Japan_horiz.jpg,morning,,,,Japan,japan,country,36.2048,138.2529,AS,gazetteer,med
morning\Tatry_Bielskie_and_Tatry_Wysokie__Tatra_Mountains_just_before_sunrise__Litwinka__Poland_horiz.jpg,Tatry_Bielskie_and_Tatry_Wysokie__Tatra_Mountains_just_before_sunrise__Litwinka__Poland_horiz.jpg,morning,,,,,,,,,,,
morning\Tea_fields_plantation_in_the_morning__Cameron_Highland__Malaysia_horiz.jpg,Tea_fields_plantation_in_the_morning__Cameron_Highland__Malaysia_horiz.jpg,morning,,,,,,,,,,,
morning\Tea_garden_with_blooming_cherry_trees_on_during_sunrise__Yongfu__Longyan__Fujian__China_vert.jpg,Tea_garden_with_blooming_cherry_trees_on_during_sunrise__Yongfu__Longyan__Fujian__China_vert.jpg,morning,,,,,,,,,,,
morning\Tea_plantation_in_the_mountains_with_paths_in_morning_fog__Munnar__Kerala__India_vert.jpg,Tea_plantation_in_the_mountains_with_paths_in_morning_fog__Munnar__Kerala__India_vert.jpg,morning,,,,,,,,,,,
morning\Temple_of_Vespasian_and_Titus_and_Santi_Luca_e_Martina_church_at_sunrise__Rome__Lazio__Italy_vert.jpg,Temple_of_Vespasian_and_Titus_and_Santi_Luca_e_Martina_church_at_sunrise__Rome__Lazio__Italy_vert.jpg,morning,,Rome,,Italy,rome,city,41.9028,12.4964,EU,gazetteer,high
morning\The_colors_of_dawn_of_Lago_Bianco__Bernina_Pass__Graubunden__Swiss_Alps__Switzerland_horiz.jpg,The_colors_of_dawn_of_Lago_Bianco__Bernina_Pass__Graubunden__Swiss_Alps__Switzerland_horiz.jpg,morning,,,,,,,,,,,
morning\The_dawn_at_Xianggang_hill_with_view_of_the_Li_River__Yang_Shuo__Guangxi__China_vert.jpg,The_dawn_at_Xianggang_hill_with_view_of_the_Li_River__Yang_Shuo__Guangxi__China_vert.jpg,morning,,,,,,,,,,,
morning\The_famous_tree_at_the_shoreline_of_Lake_Wanaka_at_sunrise__New_Zealand_South_Island_vert.jpg,The_famous_tree_at_the_shoreline_of_Lake_Wanaka_at_sunrise__New_Zealand_South_Island_vert.jpg,morning,,,,New Zealand,new zealand,country,-40.9006,174.886,OC,gazetteer,med
morning\The_Great_Ridge_at_sunrise__Peak_District_National_Park__England__UK_horiz.jpg,The_Great_Ridge_at_sunrise__Peak_District_National_Park__England__UK_horiz.jpg,morning,,,,,,,,,,,
morning\The_hills_of_Tuscany_at_dawn__Val_d__039_Orcia__Italy_vert.jpg,The_hills_of_Tuscany_at_dawn__Val_d__039_Orcia__Italy_vert.jpg,morning,,,,Italy,italy,country,41.8719,12.5674,EU,gazetteer,med
morning\The_iconic_landmark_Tyne_Bridge_at_dawn_in_Newcastle__Tyne_and_Wear__England__UK_vert.jpg,The_iconic_landmark_Tyne_Bridge_at_dawn_in_Newcastle__Tyne_and_Wear__England__UK_vert.jpg,morning,,,,,,,,,,,
morning\The_Marblehead_Lighthouse_on_the_edge_of_Lake_Erie_at_sunrise__Ohio__USA_horiz.jpg,The_Marblehead_Lighthouse_on_the_edge_of_Lake_Erie_at_sunrise__Ohio__USA_horiz.jpg,morning,,,,USA,usa,country,39.8283,-98.5795,NA,gazetteer,med
morning\The_morning_of_the_green_tea_field__Boseong___South_Jeolla__South_Korea_horiz.jpg,The_morning_of_the_green_tea_field__Boseong___South_Jeolla__South_Korea_horiz.jpg,morning,,,,,,,,,,,
morning\The_Portland_Head_Lighthouse_in_Cape_Elizabeth_at_sunrise__Maine__USA_horiz.jpg,The_Portland_Head_Lighthouse_in_Cape_Elizabeth_at_sunrise__Maine__USA_horiz.jpg,morning,,,,USA,usa,country,39.8283,-98.5795,NA,gazetteer,med
morning\The_Roaches_at_summer_morning_in_North_Staffordshire__Peak_District__England__UK_horiz.jpg,The_Roaches_at_summer_morning_in_North_Staffordshire__Peak_District__England__UK_horiz.jpg,morning,,,,,,,,,,,
morning\The_Rumps_at_sunrise__Pentire_Head__Polzeath__Cornwall__England__UK_horiz.jpg,The_Rumps_at_sunrise__Pentire_Head__Polzeath__Cornwall__England__UK_horiz.jpg,morning,,,,,,,,,,,
morning\The_Santa_Catalina_Arch__Arco_de_Santa_Catalina__at_sunrise__Antigua__Guatemala_horiz.jpg,The_Santa_Catalina_Arch__Arco_de_Santa_Catalina__at_sunrise__Antigua__Guatemala_horiz.jpg,morning,,,,,,,,,,,
morning\The_Seine__Morning__painting_by_Charles_Fran_ois_Daubigny__1874_horiz.jpg,The_Seine__Morning__painting_by_Charles_Fran_ois_Daubigny__1874_horiz.jpg,morning,,,,,,,,,,,
morning\The_South_gate_and_Guardians_of_the_Fisherman_s_Bastion_Halaszbastya_at_sunrise__Budapest__Hungary_vert.jpg,The_South_gate_and_Guardians_of_the_Fisherman_s_Bastion_Halaszbastya_at_sunrise__Budapest__Hungary_vert.jpg,morning,,,,,,,,,,,
morning\The_Sz_chenyi_Chain_Bridge_over_Danube_River_at_sunrise__Budapest__Hungary_horiz.jpg,The_Sz_chenyi_Chain_Bridge_over_Danube_River_at_sunrise__Budapest__Hungary_horiz.jpg,morning,,,,,,,,,,,
morning\The_tropical_seascape_in_the_morning__Haiti_vert.jpg,The_tropical_seascape_in_the_morning__Haiti_vert.jpg,morning,,,,,,,,,,,
morning\The_volcanic_bedrock_near_Tow_Hill_at_dawn__Naikoon_Provincial_Park__Haida_Gwaii__Canada_horiz.jpg,The_volcanic_bedrock_near_Tow_Hill_at_dawn__Naikoon_Provincial_Park__Haida_Gwaii__Canada_horiz.jpg,morning,,,,,,,,,,,
morning\The_Watchman_and_Virgin_River_at_sunrise__Zion_National_Park__Utah__USA_vert.jpg,The_Watchman_and_Virgin_River_at_sunrise__Zion_National_Park__Utah__USA_vert.jpg,morning,,,Utah,USA,utah,state,39.321,-111.0937,NA,gazetteer,med
morning\The_Watzmann_mountain_near_Berchtesgaden_at_sunrise__Upper_Bavaria__Germany_horiz.jpg,The_Watzmann_mountain_near_Berchtesgaden_at_sunrise__Upper_Bavaria__Germany_horiz.jpg,morning,,,,,,,,,,,
morning\Three_Bushmen_peaks_reflected_in_a_pool_at_sunrise__Sehlabathebe_National_park__Lesotho_vert.jpg,Three_Bushmen_peaks_reflected_in_a_pool_at_sunrise__Sehlabathebe_National_park__Lesotho_vert.jpg,morning,,,,,,,,,,,
morning\Toroweap_Overlook_sunrise__Grand_Canyon_National_Park__Arizona__USA_horiz.jpg,Toroweap_Overlook_sunrise__Grand_Canyon_National_Park__Arizona__USA_horiz.jpg,morning,,,Arizona,USA,arizona,state,34.0489,-111.0937,NA,gazetteer,med
morning\Town_of_Torbole_at_early_morning__Lake_Garda__Lago_di_Garda__at_twilight__Trentino__Italy_horiz.jpg,Town_of_Torbole_at_early_morning__Lake_Garda__Lago_di_Garda__at_twilight__Trentino__Italy_horiz.jpg,morning,,,,Italy,italy,country,41.8719,12.5674,EU,gazetteer,med
morning\Traditional_Dutch_windmill_in_tulip_fields_blooming_during_springtime_at_sunrise__Netherlands_horiz.jpg,Traditional_Dutch_windmill_in_tulip_fields_blooming_during_springtime_at_sunrise__Netherlands_horiz.jpg,morning,,,,,,,,,,,
morning\Traditional_greek_windmills_on_Mykonos_island_at_sunrise__Cyclades__Greece_vert.jpg,Traditional_greek_windmills_on_Mykonos_island_at_sunrise__Cyclades__Greece_vert.jpg,morning,,,,Greece,greece,country,39.0742,21.8243,EU,gazetteer,med
morning\Trail_through_a_mysterious_dark_old_forest_in_fog_autumn_morning__Crimea__Ukraine_horiz.jpg,Trail_through_a_mysterious_dark_old_forest_in_fog_autumn_morning__Crimea__Ukraine_horiz.jpg,morning,,,,,,,,,,,
morning\Trakai_castle_on_lake_Galv__aerial_view_in_winter_at_sunrise__Lithuania_vert.jpg,Trakai_castle_on_lake_Galv__aerial_view_in_winter_at_sunrise__Lithuania_vert.jpg,morning,,,,,,,,,,,
morning\Trees_covered_with_snow_at_dawn__Riisitunturi_National_Park__Posio__Lapland__Finland_horiz.jpg,Trees_covered_with_snow_at_dawn__Riisitunturi_National_Park__Posio__Lapland__Finland_horiz.jpg,morning,,,,,,,,,,,
morning\Tree_in_lavender_field_at_sunrise__Plateau_De_Valensole__Provence_Alpes_C_te_d__8217_Azur__France_vert.jpg,Tree_in_lavender_field_at_sunrise__Plateau_De_Valensole__Provence_Alpes_C_te_d__8217_Azur__France_vert.jpg,morning,,,,France,france,country,46.2276,2.2137,EU,gazetteer,med
morning\Trevose_Head_lighthouse_under_cloudy_sky_at_sunrise__Cornwall__England__UK_vert.jpg,Trevose_Head_lighthouse_under_cloudy_sky_at_sunrise__Cornwall__England__UK_vert.jpg,morning,,,,,,,,,,,
morning\Tropical_beach_at_sunrise__Tayrona_Natural_National_Park__Colombia_horiz.jpg,Tropical_beach_at_sunrise__Tayrona_Natural_National_Park__Colombia_horiz.jpg,morning,,,,,,,,,,,
morning\Tropical_forest_scene_in_morning_with_sun_beam__Nakhon_Nayok__Thailand_horiz.jpg,Tropical_forest_scene_in_morning_with_sun_beam__Nakhon_Nayok__Thailand_horiz.jpg,morning,,,,Thailand,thailand,country,15.87,100.9925,AS,gazetteer,med
morning\Tulip_fields_by_the_mountains_of_Skagit_Valley_at_sunrise__Washington__USA_horiz.jpg,Tulip_fields_by_the_mountains_of_Skagit_Valley_at_sunrise__Washington__USA_horiz.jpg,morning,,,Washington,USA,washington,state,47.7511,-120.7401,NA,gazetteer,med
morning\Two_Meerkats__suricata_suricatta__watching_surroundings_in_morning__Kalahari_desert__Botswana_vert.jpg,Two_Meerkats__suricata_suricatta__watching_surroundings_in_morning__Kalahari_desert__Botswana_vert.jpg,morning,,,,,,,,,,,
morning\Two_whooper_swans_in_the_still_thermal_waters_at_dawn__Lake_Kussharo__Hokkaido__Japan_horiz.jpg,Two_whooper_swans_in_the_still_thermal_waters_at_dawn__Lake_Kussharo__Hokkaido__Japan_horiz.jpg,morning,,,,Japan,japan,country,36.2048,138.2529,AS,gazetteer,med
morning\Vasco_da_Gama_Bridge_over_Tagus_River_in_Lisbon_at_sunrise__Portugal_horiz.jpg,Vasco_da_Gama_Bridge_over_Tagus_River_in_Lisbon_at_sunrise__Portugal_horiz.jpg,morning,,,,Portugal,portugal,country,39.3999,-8.2245,EU,gazetteer,med
morning\Venice_early_morning_view_from_the_Academy_bridge__Italy_horiz.jpg,Venice_early_morning_view_from_the_Academy_bridge__Italy_horiz.jpg,morning,,,,Italy,italy,country,41.8719,12.5674,EU,gazetteer,med
morning\Venice_with_famous_gondolas_at_sunrise__Italy_horiz.jpg,Venice_with_famous_gondolas_at_sunrise__Italy_horiz.jpg,morning,,,,Italy,italy,country,41.8719,12.5674,EU,gazetteer,med
morning\Vestrahorn_Mountain_summer_landscape_in_sunrise_scence__Hofn__Iceland_horiz.jpg,Vestrahorn_Mountain_summer_landscape_in_sunrise_scence__Hofn__Iceland_horiz.jpg,morning,,,,Iceland,iceland,country,64.9631,-19.0208,EU,gazetteer,med
morning\Vibrant_sunrise_sky_over_pumpkin_patch_spread_between_rows_of_corn_vert.jpg,Vibrant_sunrise_sky_over_pumpkin_patch_spread_between_rows_of_corn_vert.jpg,morning,,,,,,,,,,,
morning\Victoria_water_lilies__Victoria_regia__sunrise__Paraguay_River__Pantanal__Brazil_horiz.jpg,Victoria_water_lilies__Victoria_regia__sunrise__Paraguay_River__Pantanal__Brazil_horiz.jpg,morning,,,,,,,,,,,
morning\View_from_a_cave_at_Two_Sisters_beach__Le_due_sorelle__at_sunrise__Conero__Italy_vert.jpg,View_from_a_cave_at_Two_Sisters_beach__Le_due_sorelle__at_sunrise__Conero__Italy_vert.jpg,morning,,,,Italy,italy,country,41.8719,12.5674,EU,gazetteer,med
morning\View_from_Reinebringen_at_dawn_in_Lofoten_Islands__Norway_horiz.jpg,View_from_Reinebringen_at_dawn_in_Lofoten_Islands__Norway_horiz.jpg,morning,Lofoten Islands,,,Norway,lofoten islands,landmark,68.209,13.8456,EU,gazetteer,high
morning\View_of_Bukhansan_National_Park_covered_by_morning_fog_and_sunrise_at_Seoul__South_Korea_vert.jpg,View_of_Bukhansan_National_Park_covered_by_morning_fog_and_sunrise_at_Seoul__South_Korea_vert.jpg,morning,,,,,,,,,,,
morning\View_of_Eiffel_tower_and_the_Trocad_ro_at_sunrise_from_Esplanade_of_Human_Rights__Paris__France_horiz.jpg,View_of_Eiffel_tower_and_the_Trocad_ro_at_sunrise_from_Esplanade_of_Human_Rights__Paris__France_horiz.jpg,morning,,Paris,,France,paris,city,48.8566,2.3522,EU,gazetteer,high
morning\View_of_footbridge_to_the_Smathers_beach_at_sunrise__Key_West__Florida__USA_horiz.jpg,View_of_footbridge_to_the_Smathers_beach_at_sunrise__Key_West__Florida__USA_horiz.jpg,morning,,,Florida,USA,florida,state,27.6648,-81.5158,NA,gazetteer,med
morning\View_of_Lake_Constance_and_Radolfzeller_Aach_in_morning_mist__Baden_W_rttemberg__Germany_vert.jpg,View_of_Lake_Constance_and_Radolfzeller_Aach_in_morning_mist__Baden_W_rttemberg__Germany_vert.jpg,morning,,,,,,,,,,,
morning\View_of_Leeds_Castle_near_Maidstone_at_sunrise__Kent__England__UK_vert.jpg,View_of_Leeds_Castle_near_Maidstone_at_sunrise__Kent__England__UK_vert.jpg,morning,,,,,,,,,,,
morning\View_of_Mount_Sinai_in_Egypt_at_dawn_vert.jpg,View_of_Mount_Sinai_in_Egypt_at_dawn_vert.jpg,morning,,,,,,,,,,,
morning\View_of_Nazas_River_at_sunrise_in_area_of_Canon_de_Fernandez_in_Durango__Mexico_horiz.jpg,View_of_Nazas_River_at_sunrise_in_area_of_Canon_de_Fernandez_in_Durango__Mexico_horiz.jpg,morning,,,,,,,,,,,
morning\View_of_Ponte_Vecchio_bridge_at_sunrise__Florence__Firenze__Tuscany__Italy_horiz.jpg,View_of_Ponte_Vecchio_bridge_at_sunrise__Florence__Firenze__Tuscany__Italy_horiz.jpg,morning,,,,Italy,italy,country,41.8719,12.5674,EU,gazetteer,med
morning\View_of_Pyramid_Lake_during_sunrise__Jasper_National_Park__Alberta__Canada_horiz.jpg,View_of_Pyramid_Lake_during_sunrise__Jasper_National_Park__Alberta__Canada_horiz.jpg,morning,,,,,,,,,,,
morning\View_of_stepped_waterfall_group_at_sunrise_in_pink_sky__China_horiz.jpg,View_of_stepped_waterfall_group_at_sunrise_in_pink_sky__China_horiz.jpg,morning,,,,,,,,,,,
morning\View_of_Sydney_sunrise_from_Waverton__New_South_Wales__Australia_horiz.jpg,View_of_Sydney_sunrise_from_Waverton__New_South_Wales__Australia_horiz.jpg,morning,,Sydney,,Australia,sydney,city,-33.8688,151.2093,OC,gazetteer,high
morning\View_of_the_Tjornin_Lake_in_Reykjavik_at_dawn_in_winter__Iceland_vert.jpg,View_of_the_Tjornin_Lake_in_Reykjavik_at_dawn_in_winter__Iceland_vert.jpg,morning,,,,Iceland,iceland,country,64.9631,-19.0208,EU,gazetteer,med
morning\View_of_Vestrahorn_massif_at_sunrise__Iceland_in_autumn_horiz.jpg,View_of_Vestrahorn_massif_at_sunrise__Iceland_in_autumn_horiz.jpg,morning,,,,Iceland,iceland,country,64.9631,-19.0208,EU,gazetteer,med
morning\View_on_the_Catskill___Early_Autumn__painting_by_Thomas_Cole__1836_37_vert.jpg,View_on_the_Catskill___Early_Autumn__painting_by_Thomas_Cole__1836_37_vert.jpg,morning,,,,,,,,,,,
morning\View_over_misty_Gorce_to_snowy_Tatra_mountains_in_the_morning__Poland_horiz.jpg,View_over_misty_Gorce_to_snowy_Tatra_mountains_in_the_morning__Poland_horiz.jpg,morning,,,,,,,,,,,
morning\View_towards_the_Incahuasi_Island_at_sunrise__Salar_de_Uyuni__Potosi__Bolivia_vert.jpg,View_towards_the_Incahuasi_Island_at_sunrise__Salar_de_Uyuni__Potosi__Bolivia_vert.jpg,morning,,,,,,,,,,,
morning\Village_illumination_with_mountain_range_reflection_on_coastline_at_dawn__Lofoten_Islands__Norway_horiz.jpg,Village_illumination_with_mountain_range_reflection_on_coastline_at_dawn__Lofoten_Islands__Norway_horiz.jpg,morning,Lofoten Islands,,,Norway,lofoten islands,landmark,68.209,13.8456,EU,gazetteer,high
morning\Village_of_Gordes_at_sunrise__Luberon__Provence_Alpes_Cote_d__039_Azur__France_horiz.jpg,Village_of_Gordes_at_sunrise__Luberon__Provence_Alpes_Cote_d__039_Azur__France_horiz.jpg,morning,,,,France,france,country,46.2276,2.2137,EU,gazetteer,med
morning\Warwick_Long_Bay_at_dawn__South_Shore_Park__Warwick_Parish__Bermuda_vert.jpg,Warwick_Long_Bay_at_dawn__South_Shore_Park__Warwick_Parish__Bermuda_vert.jpg,morning,,,,,,,,,,,
morning\Washington_Monument_sunrise_from_Lincoln_Memorial_steps__USA_vert.jpg,Washington_Monument_sunrise_from_Lincoln_Memorial_steps__USA_vert.jpg,morning,,,Washington,USA,washington,state,47.7511,-120.7401,NA,gazetteer,med
morning\Waterfalls_in_sunny_autumn_morning_light_with_fog__Plitvice_Lakes_National_Park__Croatia_vert.jpg,Waterfalls_in_sunny_autumn_morning_light_with_fog__Plitvice_Lakes_National_Park__Croatia_vert.jpg,morning,,,,,,,,,,,
morning\Wave_of_cloud_and_sunlight_in_the_morning__Chiang_Mai__Thailand_horiz.jpg,Wave_of_cloud_and_sunlight_in_the_morning__Chiang_Mai__Thailand_horiz.jpg,morning,,,,Thailand,thailand,country,15.87,100.9925,AS,gazetteer,med
morning\White_Rhino__Ceratotherium_simum__at_early_morning_sunrise__Kruger_National_Park__South_Africa_horiz.jpg,White_Rhino__Ceratotherium_simum__at_early_morning_sunrise__Kruger_National_Park__South_Africa_horiz.jpg,morning,,,,,,,,,,,
morning\Whooping_Cranes_in_Aransas_National_Wildlife_Refuge_on_a_misty_foggy_morning__Texas__USA_vert.jpg,Whooping_Cranes_in_Aransas_National_Wildlife_Refuge_on_a_misty_foggy_morning__Texas__USA_vert.jpg,morning,,,Texas,USA,texas,state,31.0,-100.0,NA,gazetteer,med
morning\Wild_Goose_Island_on_Saint_Mary_Lake_at_sunrise__Glacier_National_Park__Montana__USA_vert.jpg,Wild_Goose_Island_on_Saint_Mary_Lake_at_sunrise__Glacier_National_Park__Montana__USA_vert.jpg,morning,,,,USA,usa,country,39.8283,-98.5795,NA,gazetteer,med
morning\Winter_at_the_gates__sunrise_in_Yosemite_Valley_national_park__California__USA_horiz.jpg,Winter_at_the_gates__sunrise_in_Yosemite_Valley_national_park__California__USA_horiz.jpg,morning,Yosemite,,California,USA,yosemite,landmark,37.8651,-119.5383,NA,gazetteer,high
morning\Winter_field_in_morning__Ukraine_horiz.jpg,Winter_field_in_morning__Ukraine_horiz.jpg,morning,,,,,,,,,,,
morning\Winter_morning_at_Lake_Staffelsee__Uffing_am_Staffelsee__Werdenfelser_Land__Bavaria__Germany_vert.jpg,Winter_morning_at_Lake_Staffelsee__Uffing_am_Staffelsee__Werdenfelser_Land__Bavaria__Germany_vert.jpg,morning,,,,,,,,,,,
morning\Winter_morning_at_river_Loisach__Lake_Kochel_and_Herzogstand_mountain__Schlehdorf__Bavaria__Germany_horiz.jpg,Winter_morning_at_river_Loisach__Lake_Kochel_and_Herzogstand_mountain__Schlehdorf__Bavaria__Germany_horiz.jpg,morning,,,,,,,,,,,
morning\Winter_morning_sunlight_in_valley_at_Yosemite_National_park__California__USA_vert.jpg,Winter_morning_sunlight_in_valley_at_Yosemite_National_park__California__USA_vert.jpg,morning,Yosemite,,California,USA,yosemite,landmark,37.8651,-119.5383,NA,gazetteer,high
morning\Winter_mountains_landscape_with_snow_covered_pine_trees_at_sunrise_vert.jpg,Winter_mountains_landscape_with_snow_covered_pine_trees_at_sunrise_vert.jpg,morning,,,,,,,,,,,
morning\Winter_panorama_of_Bryce_Canyon_national_park_in_Utah_at_sunrise__USA_horiz.jpg,Winter_panorama_of_Bryce_Canyon_national_park_in_Utah_at_sunrise__USA_horiz.jpg,morning,,,Utah,USA,utah,state,39.321,-111.0937,NA,gazetteer,med
morning\Winter_Paradise___sunrise_at_Alpe_di_Siusi__Seiser_Alm__Dolomites__South_Tyrol__Italy_vert.jpg,Winter_Paradise___sunrise_at_Alpe_di_Siusi__Seiser_Alm__Dolomites__South_Tyrol__Italy_vert.jpg,morning,,,,Italy,italy,country,41.8719,12.5674,EU,gazetteer,med
morning\Winter_sunrise_landscape_in_the_Dolomites__Hohe_Gaisl_mount__Italy_horiz.jpg,Winter_sunrise_landscape_in_the_Dolomites__Hohe_Gaisl_mount__Italy_horiz.jpg,morning,,,,Italy,italy,country,41.8719,12.5674,EU,gazetteer,med
morning\Winter_sunrise_on_lake_Superior_near_Split_Rock_Lighthouse__Minnesota__USA_horiz.jpg,Winter_sunrise_on_lake_Superior_near_Split_Rock_Lighthouse__Minnesota__USA_horiz.jpg,morning,,,,USA,usa,country,39.8283,-98.5795,NA,gazetteer,med
morning\Winter_sunrise_over_Chesapeake_Bay__Maryland__USA_vert.jpg,Winter_sunrise_over_Chesapeake_Bay__Maryland__USA_vert.jpg,morning,,,,USA,usa,country,39.8283,-98.5795,NA,gazetteer,med
morning\Winter_sunrise_over_Lago_Bianco_and_mountains__Bernina_pass__Graubunden__Engadin__Switzerland_vert.jpg,Winter_sunrise_over_Lago_Bianco_and_mountains__Bernina_pass__Graubunden__Engadin__Switzerland_vert.jpg,morning,,,,,,,,,,,
morning\Winter_sunrise_over_lake_Michigan_view_from_Navy_Pier_in_Chicago__USA_horiz.jpg,Winter_sunrise_over_lake_Michigan_view_from_Navy_Pier_in_Chicago__USA_horiz.jpg,morning,,Chicago,Michigan,USA,chicago,city,41.8781,-87.6298,NA,gazetteer,high
morning\Wollongong_Breakwater_or_Harbour_Lighthouse_at_sunrise__New_South_Wales__Australia_horiz.jpg,Wollongong_Breakwater_or_Harbour_Lighthouse_at_sunrise__New_South_Wales__Australia_horiz.jpg,morning,,,,Australia,australia,country,-25.2744,133.7751,OC,gazetteer,med
morning\Wooded_bridge_in_the_port_between_sunrise__Pattaya__Thailand_horiz.jpg,Wooded_bridge_in_the_port_between_sunrise__Pattaya__Thailand_horiz.jpg,morning,,Pattaya,,Thailand,pattaya,city,12.9236,100.8825,AS,gazetteer,high
morning\Yaoshan_mountain_at_dawn__Yangshuo__Guilin__China_vert.jpg,Yaoshan_mountain_at_dawn__Yangshuo__Guilin__China_vert.jpg,morning,,,,,,,,,,,
morning\Yarra_river_with_Princess_Bridge_and_Flinders_Street_station_at_sunrise__Melbourne__Australia_vert.jpg,Yarra_river_with_Princess_Bridge_and_Flinders_Street_station_at_sunrise__Melbourne__Australia_vert.jpg,morning,,,,Australia,australia,country,-25.2744,133.7751,OC,gazetteer,med
morning\Yellow_autumn_aspens_and_Mono_Lake_at_sunrise_in_California__USA_horiz.jpg,Yellow_autumn_aspens_and_Mono_Lake_at_sunrise_in_California__USA_horiz.jpg,morning,,,California,USA,california,state,36.7783,-119.4179,NA,gazetteer,med
morning\Yellow_Warbler__Dendroica_petechia__singing_on_a_branch_in_early_spring_horiz.jpg,Yellow_Warbler__Dendroica_petechia__singing_on_a_branch_in_early_spring_horiz.jpg,morning,,,,,,,,,,,
morning\Young_man_jogging_in_the_morning__Baden_W_rttemberg__Germany_horiz.jpg,Young_man_jogging_in_the_morning__Baden_W_rttemberg__Germany_horiz.jpg,morning,,,,,,,,,,,
morning\Young_western_grey_kangaroo_jumping_across_the_field_at_sunrise__Western_Australia_horiz.jpg,Young_western_grey_kangaroo_jumping_across_the_field_at_sunrise__Western_Australia_horiz.jpg,morning,,,,Australia,australia,country,-25.2744,133.7751,OC,gazetteer,med
